expense_id,employee_id,dept,date,category,amount,policy_cat_cap,is_weekend,is_card,receipt_available
1,EMP0082,Sales,2026-01-26,Taxi,971,1500,False,False,True
2,EMP0082,Sales,2026-01-23,Meals,1055,1000,False,True,True
3,EMP0082,Sales,2026-01-25,Meals,1237,1000,True,True,False
4,EMP0082,Sales,2026-01-26,Entertainment,766,1000,False,True,True
5,EMP0082,Sales,2026-01-26,Meals,1058,1000,False,True,True
6,EMP0004,Sales,2025-11-19,Entertainment,638,1000,False,True,True
7,EMP0004,Sales,2025-11-19,Taxi,1304,1500,False,True,True
8,EMP0004,Sales,2025-11-20,Meals,978,1000,False,True,True
9,EMP0004,Sales,2025-11-20,Entertainment,636,1000,False,True,True
10,EMP0104,Sales,2026-01-18,Taxi,1421,1500,True,True,True
11,EMP0104,Sales,2026-01-18,Hotel,8118,8000,True,True,True
12,EMP0046,Marketing,2025-11-26,Hotel,6541,8000,False,True,True
13,EMP0046,Marketing,2025-11-24,Meals,813,1000,False,False,False
14,EMP0046,Marketing,2025-11-24,Meals,780,1000,False,True,True
15,EMP0046,Marketing,2025-11-26,Meals,676,1000,False,True,True
16,EMP0046,Marketing,2025-11-24,Meals,983,1000,False,True,True
17,EMP0080,Marketing,2025-11-17,Entertainment,886,1000,False,True,True
18,EMP0080,Marketing,2025-11-15,Entertainment,1091,1000,True,False,True
19,EMP0080,Marketing,2025-11-14,Taxi,1495,1500,False,True,True
20,EMP0080,Marketing,2025-11-17,Entertainment,1031,1000,False,True,True
21,EMP0080,Marketing,2025-11-14,Hotel,5647,8000,False,True,True
22,EMP0111,Sales,2025-11-28,Taxi,2168,1500,False,True,False
23,EMP0111,Sales,2025-11-27,Meals,896,1000,False,False,False
24,EMP0088,Sales,2026-01-13,Hotel,7866,8000,False,True,True
25,EMP0088,Sales,2026-01-13,Taxi,967,1500,False,True,True
26,EMP0088,Sales,2026-01-11,Hotel,5387,8000,True,True,True
27,EMP0072,Engineering,2025-12-02,Entertainment,1605,1000,False,True,True
28,EMP0072,Engineering,2025-12-04,Entertainment,802,1000,False,False,True
29,EMP0072,Engineering,2025-12-04,Meals,677,1000,False,True,True
30,EMP0072,Engineering,2025-12-04,Meals,686,1000,False,True,False
31,EMP0073,Marketing,2026-01-14,Entertainment,935,1000,False,True,True
32,EMP0073,Marketing,2026-01-12,Entertainment,1017,1000,False,True,True
33,EMP0073,Marketing,2026-01-12,Hotel,8726,8000,False,True,True
34,EMP0096,HR,2026-02-15,Entertainment,895,1000,True,True,True
35,EMP0096,HR,2026-02-15,Hotel,6178,8000,True,False,True
36,EMP0020,Engineering,2025-12-14,Hotel,7488,8000,True,True,True
37,EMP0020,Engineering,2025-12-16,Taxi,1635,1500,False,True,True
38,EMP0020,Engineering,2025-12-17,Taxi,1306,1500,False,True,True
39,EMP0020,Engineering,2025-12-14,Taxi,1540,1500,True,True,True
40,EMP0020,Engineering,2025-12-14,Meals,933,1000,True,True,False
41,EMP0002,Sales,2026-02-11,Meals,658,1000,False,True,True
42,EMP0002,Sales,2026-02-12,Meals,1007,1000,False,False,True
43,EMP0002,Sales,2026-02-11,Meals,1149,1000,False,True,True
44,EMP0002,Sales,2026-02-13,Meals,627,1000,False,True,True
45,EMP0002,Sales,2026-02-14,Entertainment,1240,1000,True,True,True
46,EMP0113,Marketing,2026-01-29,Hotel,7195,8000,False,True,False
47,EMP0113,Marketing,2026-01-29,Entertainment,981,1000,False,True,True
48,EMP0113,Marketing,2026-01-26,Meals,972,1000,False,True,True
49,EMP0113,Marketing,2026-01-26,Hotel,8727,8000,False,False,True
50,EMP0113,Marketing,2026-01-26,Taxi,1197,1500,False,True,True
51,EMP0020,Marketing,2025-12-30,Entertainment,1036,1000,False,False,True
52,EMP0020,Marketing,2025-12-30,Entertainment,772,1000,False,True,True
53,EMP0020,Marketing,2026-01-01,Meals,605,1000,False,False,True
54,EMP0031,HR,2025-11-01,Meals,900,1000,True,True,True
55,EMP0031,HR,2025-11-01,Taxi,1250,1500,True,False,True
56,EMP0078,Finance,2026-02-19,Entertainment,637,1000,False,True,True
57,EMP0078,Finance,2026-02-17,Meals,1032,1000,False,True,True
58,EMP0078,Finance,2026-02-16,Meals,815,1000,False,True,True
59,EMP0032,Engineering,2025-12-06,Meals,1049,1000,True,True,True
60,EMP0032,Engineering,2025-12-04,Entertainment,637,1000,False,True,True
61,EMP0032,Engineering,2025-12-03,Entertainment,914,1000,False,False,True
62,EMP0032,Engineering,2025-12-06,Taxi,1488,1500,True,True,True
63,EMP0066,Engineering,2026-01-14,Entertainment,1508,1000,False,True,True
64,EMP0066,Engineering,2026-01-17,Entertainment,2892,1000,True,True,True
65,EMP0066,Engineering,2026-01-17,Meals,1295,1000,True,True,False
66,EMP0061,Finance,2025-11-04,Meals,982,1000,False,True,True
67,EMP0061,Finance,2025-11-03,Entertainment,711,1000,False,True,True
68,EMP0061,Finance,2025-11-04,Hotel,4859,8000,False,False,False
69,EMP0103,Sales,2025-11-15,Hotel,7729,8000,True,True,True
70,EMP0103,Sales,2025-11-16,Entertainment,883,1000,True,False,True
71,EMP0103,Sales,2025-11-15,Taxi,1222,1500,True,True,True
72,EMP0103,Sales,2025-11-15,Meals,663,1000,True,False,True
73,EMP0057,HR,2025-10-29,Hotel,6829,8000,False,True,True
74,EMP0057,HR,2025-10-27,Taxi,1385,1500,False,True,True
75,EMP0057,HR,2025-10-27,Hotel,7581,8000,False,True,True
76,EMP0022,Finance,2025-12-12,Hotel,6710,8000,False,False,True
77,EMP0022,Finance,2025-12-11,Hotel,9138,8000,False,True,True
78,EMP0022,Finance,2025-12-12,Hotel,7241,8000,False,True,True
79,EMP0022,Finance,2025-12-12,Hotel,11769,8000,False,True,True
80,EMP0022,Finance,2025-12-09,Hotel,7962,8000,False,True,True
81,EMP0063,Engineering,2025-11-29,Entertainment,966,1000,True,True,False
82,EMP0063,Engineering,2025-11-29,Hotel,7542,8000,True,True,True
83,EMP0063,Engineering,2025-11-28,Taxi,1483,1500,False,True,True
84,EMP0110,HR,2025-10-31,Hotel,5584,8000,False,True,True
85,EMP0110,HR,2025-10-29,Entertainment,941,1000,False,True,True
86,EMP0110,HR,2025-10-29,Entertainment,873,1000,False,True,True
87,EMP0110,HR,2025-10-29,Hotel,5842,8000,False,False,True
88,EMP0110,HR,2025-10-31,Taxi,1033,1500,False,True,False
89,EMP0073,Engineering,2026-01-06,Hotel,8273,8000,False,True,True
90,EMP0073,Engineering,2026-01-05,Taxi,1067,1500,False,True,True
91,EMP0073,Engineering,2026-01-07,Hotel,6263,8000,False,True,True
92,EMP0034,Engineering,2026-01-20,Taxi,1357,1500,False,True,True
93,EMP0034,Engineering,2026-01-21,Taxi,905,1500,False,True,True
94,EMP0034,Engineering,2026-01-20,Meals,1056,1000,False,True,True
95,EMP0034,Engineering,2026-01-21,Taxi,1691,1500,False,True,True
96,EMP0034,Engineering,2026-01-22,Taxi,1240,1500,False,True,True
97,EMP0119,Sales,2025-12-19,Taxi,1513,1500,False,True,True
98,EMP0119,Sales,2025-12-21,Entertainment,1255,1000,True,False,True
99,EMP0119,Sales,2025-12-20,Meals,1075,1000,True,True,True
100,EMP0021,Finance,2026-01-19,Hotel,7584,8000,False,True,True
101,EMP0021,Finance,2026-01-22,Entertainment,603,1000,False,True,True
102,EMP0021,Finance,2026-01-22,Taxi,1361,1500,False,True,True
103,EMP0021,Finance,2026-01-22,Hotel,5033,8000,False,True,True
104,EMP0021,Finance,2026-01-22,Hotel,5918,8000,False,True,True
105,EMP0113,Engineering,2025-11-06,Taxi,1449,1500,False,True,True
106,EMP0113,Engineering,2025-11-05,Taxi,1276,1500,False,True,True
107,EMP0113,Engineering,2025-11-07,Meals,1718,1000,False,True,True
108,EMP0113,Engineering,2025-11-06,Entertainment,786,1000,False,True,True
109,EMP0110,Marketing,2025-12-22,Entertainment,999,1000,False,True,True
110,EMP0110,Marketing,2025-12-25,Taxi,925,1500,False,True,True
111,EMP0110,Marketing,2025-12-22,Entertainment,741,1000,False,True,True
112,EMP0082,Marketing,2026-01-24,Hotel,6798,8000,True,False,True
113,EMP0082,Marketing,2026-01-26,Hotel,7677,8000,False,True,True
114,EMP0082,Marketing,2026-01-25,Entertainment,1022,1000,True,False,True
115,EMP0082,Marketing,2026-01-24,Meals,1421,1000,True,True,True
116,EMP0082,Marketing,2026-01-23,Entertainment,663,1000,False,False,True
117,EMP0075,HR,2025-12-15,Meals,974,1000,False,True,True
118,EMP0075,HR,2025-12-16,Entertainment,958,1000,False,True,True
119,EMP0075,HR,2025-12-18,Hotel,9503,8000,False,True,True
120,EMP0075,HR,2025-12-18,Hotel,6083,8000,False,True,True
121,EMP0027,Engineering,2025-11-06,Entertainment,677,1000,False,True,True
122,EMP0027,Engineering,2025-11-06,Meals,791,1000,False,True,True
123,EMP0027,Engineering,2025-11-04,Meals,959,1000,False,True,True
124,EMP0027,Engineering,2025-11-04,Hotel,5593,8000,False,True,False
125,EMP0027,Engineering,2025-11-03,Entertainment,1091,1000,False,True,True
126,EMP0104,Engineering,2025-10-24,Entertainment,966,1000,False,True,True
127,EMP0104,Engineering,2025-10-25,Taxi,2049,1500,True,True,True
128,EMP0104,Engineering,2025-10-25,Entertainment,760,1000,True,True,True
129,EMP0104,Engineering,2025-10-27,Hotel,5675,8000,False,True,False
130,EMP0104,Engineering,2025-10-26,Taxi,1549,1500,True,False,True
131,EMP0049,Sales,2025-11-21,Entertainment,901,1000,False,True,True
132,EMP0049,Sales,2025-11-21,Entertainment,824,1000,False,False,True
133,EMP0052,Marketing,2026-02-09,Meals,845,1000,False,True,True
134,EMP0052,Marketing,2026-02-09,Entertainment,674,1000,False,True,True
135,EMP0052,Marketing,2026-02-11,Taxi,1446,1500,False,True,True
136,EMP0052,Marketing,2026-02-08,Meals,732,1000,True,True,False
137,EMP0052,Marketing,2026-02-11,Hotel,6197,8000,False,True,True
138,EMP0004,Sales,2025-11-13,Taxi,1077,1500,False,False,True
139,EMP0004,Sales,2025-11-13,Meals,608,1000,False,True,True
140,EMP0004,Sales,2025-11-14,Meals,1004,1000,False,True,True
141,EMP0004,Sales,2025-11-12,Meals,989,1000,False,True,False
142,EMP0066,Sales,2026-02-13,Meals,751,1000,False,True,True
143,EMP0066,Sales,2026-02-13,Entertainment,1089,1000,False,True,True
144,EMP0066,Sales,2026-02-16,Entertainment,646,1000,False,True,True
145,EMP0066,Sales,2026-02-14,Entertainment,1841,1000,True,False,True
146,EMP0095,Engineering,2025-12-15,Meals,902,1000,False,True,True
147,EMP0095,Engineering,2025-12-15,Hotel,6638,8000,False,True,True
148,EMP0095,Engineering,2025-12-18,Taxi,2317,1500,False,True,True
149,EMP0042,Finance,2025-11-30,Hotel,6149,8000,True,True,True
150,EMP0042,Finance,2025-11-27,Taxi,1012,1500,False,True,True
151,EMP0042,Finance,2025-11-30,Meals,1218,1000,True,True,True
152,EMP0039,Finance,2026-02-06,Entertainment,1204,1000,False,True,True
153,EMP0039,Finance,2026-02-07,Taxi,2289,1500,True,True,True
154,EMP0039,Finance,2026-02-06,Entertainment,664,1000,False,True,True
155,EMP0060,Finance,2026-01-18,Entertainment,1408,1000,True,True,True
156,EMP0060,Finance,2026-01-16,Taxi,1669,1500,False,False,True
157,EMP0080,Marketing,2026-02-05,Entertainment,1065,1000,False,True,True
158,EMP0080,Marketing,2026-02-05,Entertainment,1069,1000,False,True,True
159,EMP0114,HR,2026-01-23,Hotel,10650,8000,False,True,True
160,EMP0114,HR,2026-01-22,Meals,759,1000,False,True,True
161,EMP0114,Sales,2025-11-20,Entertainment,743,1000,False,True,False
162,EMP0114,Sales,2025-11-21,Hotel,6274,8000,False,True,True
163,EMP0068,HR,2025-12-02,Taxi,1113,1500,False,False,True
164,EMP0068,HR,2025-12-01,Meals,1018,1000,False,True,True
165,EMP0068,HR,2025-11-30,Meals,998,1000,True,True,True
166,EMP0068,HR,2025-12-01,Hotel,5201,8000,False,True,True
167,EMP0068,HR,2025-12-03,Entertainment,858,1000,False,True,True
168,EMP0058,Marketing,2026-02-05,Hotel,8023,8000,False,False,True
169,EMP0058,Marketing,2026-02-05,Hotel,7709,8000,False,True,True
170,EMP0058,Marketing,2026-02-07,Entertainment,1795,1000,True,True,True
171,EMP0058,Marketing,2026-02-06,Taxi,2223,1500,False,True,True
172,EMP0043,Marketing,2025-11-02,Taxi,1235,1500,True,True,True
173,EMP0043,Marketing,2025-10-31,Entertainment,880,1000,False,False,True
174,EMP0043,Marketing,2025-11-03,Entertainment,678,1000,False,False,False
175,EMP0070,Finance,2025-10-31,Hotel,11605,8000,False,True,True
176,EMP0070,Finance,2025-10-28,Hotel,4928,8000,False,True,True
177,EMP0070,Finance,2025-10-30,Taxi,1681,1500,False,True,True
178,EMP0070,Finance,2025-10-31,Hotel,5297,8000,False,True,True
179,EMP0070,Finance,2025-10-28,Entertainment,1010,1000,False,True,True
180,EMP0097,Finance,2025-12-30,Meals,724,1000,False,True,True
181,EMP0097,Finance,2025-12-30,Meals,905,1000,False,True,True
182,EMP0097,Finance,2025-12-31,Hotel,7933,8000,False,True,True
183,EMP0097,Finance,2025-12-29,Meals,831,1000,False,True,True
184,EMP0108,Finance,2026-01-11,Meals,1054,1000,True,True,True
185,EMP0108,Finance,2026-01-11,Meals,839,1000,True,True,True
186,EMP0108,Finance,2026-01-11,Taxi,1037,1500,True,False,True
187,EMP0108,Finance,2026-01-08,Taxi,1646,1500,False,True,True
188,EMP0042,Engineering,2025-12-04,Entertainment,1024,1000,False,True,True
189,EMP0042,Engineering,2025-12-04,Meals,1009,1000,False,True,True
190,EMP0042,Engineering,2025-12-02,Meals,930,1000,False,True,True
191,EMP0042,Engineering,2025-12-01,Taxi,1537,1500,False,True,False
192,EMP0096,HR,2025-12-06,Entertainment,942,1000,True,True,True
193,EMP0096,HR,2025-12-05,Hotel,11559,8000,False,True,True
194,EMP0061,Sales,2025-11-17,Meals,1085,1000,False,False,True
195,EMP0061,Sales,2025-11-18,Entertainment,978,1000,False,False,True
196,EMP0061,Sales,2025-11-20,Entertainment,1086,1000,False,False,True
197,EMP0061,Sales,2025-11-17,Meals,1014,1000,False,True,True
198,EMP0021,Marketing,2026-01-06,Entertainment,881,1000,False,True,True
199,EMP0021,Marketing,2026-01-04,Meals,855,1000,True,True,True
200,EMP0021,Marketing,2026-01-06,Entertainment,879,1000,False,True,True
201,EMP0081,Engineering,2026-01-20,Meals,621,1000,False,True,True
202,EMP0081,Engineering,2026-01-21,Meals,656,1000,False,True,True
203,EMP0081,Engineering,2026-01-19,Entertainment,843,1000,False,True,True
204,EMP0081,Engineering,2026-01-20,Entertainment,961,1000,False,True,True
205,EMP0081,Engineering,2026-01-19,Hotel,8610,8000,False,True,True
206,EMP0002,Finance,2025-11-04,Hotel,7681,8000,False,True,True
207,EMP0002,Finance,2025-11-04,Taxi,1351,1500,False,True,True
208,EMP0002,Finance,2025-11-04,Taxi,1519,1500,False,True,True
209,EMP0002,Finance,2025-11-05,Entertainment,867,1000,False,True,True
210,EMP0002,Finance,2025-11-04,Hotel,8740,8000,False,True,False
211,EMP0084,Marketing,2026-02-04,Meals,611,1000,False,True,True
212,EMP0084,Marketing,2026-02-02,Meals,778,1000,False,True,True
213,EMP0084,Marketing,2026-02-04,Entertainment,653,1000,False,True,True
214,EMP0084,Marketing,2026-02-02,Taxi,2129,1500,False,True,True
215,EMP0084,Marketing,2026-02-01,Taxi,1582,1500,True,False,True
216,EMP0120,Sales,2026-02-12,Entertainment,878,1000,False,True,True
217,EMP0120,Sales,2026-02-12,Taxi,921,1500,False,True,True
218,EMP0120,Sales,2026-02-10,Hotel,10283,8000,False,True,True
219,EMP0120,Sales,2026-02-10,Meals,1033,1000,False,True,True
220,EMP0120,Sales,2026-02-13,Meals,735,1000,False,False,True
221,EMP0024,Finance,2025-12-08,Entertainment,913,1000,False,True,True
222,EMP0024,Finance,2025-12-08,Entertainment,948,1000,False,True,True
223,EMP0024,Finance,2025-12-05,Taxi,1145,1500,False,False,True
224,EMP0024,Finance,2025-12-05,Meals,953,1000,False,True,True
225,EMP0067,Engineering,2025-11-21,Taxi,1422,1500,False,True,True
226,EMP0067,Engineering,2025-11-23,Meals,639,1000,True,True,True
227,EMP0067,Engineering,2025-11-21,Hotel,6484,8000,False,False,True
228,EMP0067,Engineering,2025-11-22,Meals,763,1000,True,True,True
229,EMP0067,Engineering,2025-11-22,Meals,1003,1000,True,False,True
230,EMP0052,Engineering,2026-01-16,Taxi,1648,1500,False,True,False
231,EMP0052,Engineering,2026-01-16,Hotel,10291,8000,False,True,True
232,EMP0035,Marketing,2025-11-22,Taxi,1548,1500,True,True,True
233,EMP0035,Marketing,2025-11-22,Meals,991,1000,True,True,True
234,EMP0035,Marketing,2025-11-22,Meals,665,1000,True,True,True
235,EMP0035,Marketing,2025-11-20,Hotel,11236,8000,False,True,True
236,EMP0036,HR,2026-01-07,Taxi,1583,1500,False,True,True
237,EMP0036,HR,2026-01-05,Entertainment,687,1000,False,False,True
238,EMP0036,HR,2026-01-08,Hotel,7575,8000,False,True,True
239,EMP0036,HR,2026-01-08,Meals,805,1000,False,False,True
240,EMP0036,HR,2026-01-08,Taxi,2569,1500,False,True,True
241,EMP0036,Sales,2026-01-02,Hotel,13586,8000,False,True,True
242,EMP0036,Sales,2026-01-02,Taxi,1598,1500,False,False,True
243,EMP0036,Sales,2026-01-02,Entertainment,996,1000,False,True,True
244,EMP0036,Sales,2025-12-30,Entertainment,1495,1000,False,True,True
245,EMP0036,Sales,2026-01-01,Hotel,5711,8000,False,True,True
246,EMP0044,Engineering,2025-11-24,Hotel,8694,8000,False,True,True
247,EMP0044,Engineering,2025-11-24,Entertainment,663,1000,False,True,True
248,EMP0039,Sales,2025-11-07,Taxi,1497,1500,False,True,True
249,EMP0039,Sales,2025-11-07,Hotel,6022,8000,False,True,True
250,EMP0039,Sales,2025-11-06,Entertainment,1284,1000,False,True,False
251,EMP0039,Sales,2025-11-07,Hotel,7879,8000,False,True,False
252,EMP0039,HR,2025-12-02,Hotel,8404,8000,False,True,True
253,EMP0039,HR,2025-12-02,Entertainment,1049,1000,False,True,True
254,EMP0010,Engineering,2025-12-14,Hotel,7656,8000,True,True,True
255,EMP0010,Engineering,2025-12-13,Hotel,8106,8000,True,True,True
256,EMP0088,Engineering,2026-01-31,Entertainment,1391,1000,True,True,True
257,EMP0088,Engineering,2026-01-29,Taxi,926,1500,False,True,True
258,EMP0088,Engineering,2026-01-29,Meals,957,1000,False,True,True
259,EMP0088,Engineering,2026-02-01,Meals,1005,1000,True,False,False
260,EMP0088,Engineering,2026-01-31,Taxi,1220,1500,True,True,True
261,EMP0010,Sales,2026-02-02,Meals,901,1000,False,True,True
262,EMP0010,Sales,2026-02-01,Meals,720,1000,True,True,True
263,EMP0010,Sales,2026-02-02,Taxi,1502,1500,False,True,True
264,EMP0010,Sales,2026-01-30,Entertainment,753,1000,False,True,True
265,EMP0090,Finance,2025-12-26,Meals,1019,1000,False,True,True
266,EMP0090,Finance,2025-12-27,Meals,1196,1000,True,True,True
267,EMP0090,Finance,2025-12-27,Entertainment,2548,1000,True,False,True
268,EMP0090,Finance,2025-12-24,Hotel,6367,8000,False,False,True
269,EMP0090,Finance,2025-12-24,Entertainment,955,1000,False,True,True
270,EMP0004,Sales,2026-01-15,Meals,831,1000,False,True,True
271,EMP0004,Sales,2026-01-18,Hotel,7656,8000,True,True,True
272,EMP0082,Finance,2025-12-20,Hotel,6386,8000,True,True,True
273,EMP0082,Finance,2025-12-20,Taxi,1587,1500,True,True,False
274,EMP0082,Finance,2025-12-20,Entertainment,894,1000,True,True,True
275,EMP0082,Finance,2025-12-21,Entertainment,757,1000,True,True,True
276,EMP0082,Finance,2025-12-20,Meals,601,1000,True,False,True
277,EMP0037,Finance,2025-10-25,Entertainment,785,1000,True,False,True
278,EMP0037,Finance,2025-10-25,Hotel,6125,8000,True,True,True
279,EMP0037,Finance,2025-10-28,Hotel,9176,8000,False,True,True
280,EMP0037,Finance,2025-10-25,Meals,952,1000,True,False,False
281,EMP0037,Finance,2025-10-28,Meals,1258,1000,False,False,True
282,EMP0001,HR,2025-12-12,Meals,783,1000,False,True,True
283,EMP0001,HR,2025-12-14,Entertainment,876,1000,True,True,True
284,EMP0001,HR,2025-12-15,Hotel,7939,8000,False,True,True
285,EMP0001,HR,2025-12-15,Meals,864,1000,False,True,True
286,EMP0001,HR,2025-12-14,Meals,615,1000,True,True,True
287,EMP0119,Marketing,2026-02-13,Hotel,4893,8000,False,True,False
288,EMP0119,Marketing,2026-02-13,Entertainment,1040,1000,False,True,True
289,EMP0040,HR,2025-12-30,Hotel,9268,8000,False,True,False
290,EMP0040,HR,2025-12-31,Taxi,1605,1500,False,True,True
291,EMP0040,HR,2026-01-02,Meals,843,1000,False,True,True
292,EMP0083,Engineering,2026-02-20,Taxi,1351,1500,False,True,True
293,EMP0083,Engineering,2026-02-19,Entertainment,645,1000,False,True,True
294,EMP0083,Engineering,2026-02-18,Taxi,1022,1500,False,True,True
295,EMP0083,Engineering,2026-02-20,Meals,626,1000,False,False,True
296,EMP0083,Engineering,2026-02-19,Taxi,2256,1500,False,True,True
297,EMP0077,HR,2026-02-13,Taxi,2283,1500,False,True,True
298,EMP0077,HR,2026-02-13,Taxi,1522,1500,False,True,True
299,EMP0065,Marketing,2025-11-27,Hotel,8501,8000,False,True,False
300,EMP0065,Marketing,2025-11-27,Hotel,8688,8000,False,True,True
301,EMP0049,Finance,2026-02-11,Taxi,1272,1500,False,False,True
302,EMP0049,Finance,2026-02-10,Entertainment,944,1000,False,True,True
303,EMP0049,Finance,2026-02-09,Hotel,6357,8000,False,False,True
304,EMP0091,Finance,2026-01-16,Meals,632,1000,False,False,True
305,EMP0091,Finance,2026-01-13,Meals,658,1000,False,True,True
306,EMP0091,Finance,2026-01-13,Hotel,8724,8000,False,True,True
307,EMP0091,Finance,2026-01-15,Meals,713,1000,False,True,True
308,EMP0057,Sales,2026-02-14,Entertainment,1322,1000,True,True,False
309,EMP0057,Sales,2026-02-14,Taxi,1557,1500,True,True,True
310,EMP0057,Sales,2026-02-15,Taxi,2151,1500,True,True,True
311,EMP0034,Marketing,2026-01-19,Hotel,5326,8000,False,False,True
312,EMP0034,Marketing,2026-01-17,Hotel,8637,8000,True,True,True
313,EMP0034,Marketing,2026-01-18,Hotel,8019,8000,True,True,False
314,EMP0081,Finance,2025-10-27,Meals,1156,1000,False,True,True
315,EMP0081,Finance,2025-10-25,Entertainment,2465,1000,True,True,True
316,EMP0056,Sales,2026-01-20,Taxi,1877,1500,False,False,True
317,EMP0056,Sales,2026-01-22,Hotel,5575,8000,False,False,False
318,EMP0056,Sales,2026-01-20,Taxi,1310,1500,False,True,True
319,EMP0008,Marketing,2025-12-08,Hotel,6960,8000,False,True,True
320,EMP0008,Marketing,2025-12-07,Taxi,1195,1500,True,True,True
321,EMP0008,Marketing,2025-12-08,Hotel,8603,8000,False,True,True
322,EMP0008,Marketing,2025-12-09,Taxi,980,1500,False,True,True
323,EMP0112,Finance,2026-01-16,Entertainment,1075,1000,False,True,True
324,EMP0112,Finance,2026-01-16,Hotel,7204,8000,False,True,True
325,EMP0116,Finance,2026-01-15,Hotel,10969,8000,False,True,True
326,EMP0116,Finance,2026-01-17,Entertainment,1008,1000,True,True,True
327,EMP0116,Finance,2026-01-15,Meals,1456,1000,False,True,False
328,EMP0116,Finance,2026-01-15,Taxi,907,1500,False,True,True
329,EMP0116,Finance,2026-01-15,Meals,759,1000,False,False,False
330,EMP0033,Finance,2025-11-18,Taxi,1375,1500,False,True,True
331,EMP0033,Finance,2025-11-15,Hotel,7859,8000,True,True,True
332,EMP0033,Finance,2025-11-17,Meals,954,1000,False,True,True
333,EMP0033,Finance,2025-11-15,Entertainment,624,1000,True,True,True
334,EMP0090,Marketing,2026-02-05,Meals,945,1000,False,True,True
335,EMP0090,Marketing,2026-02-05,Meals,814,1000,False,True,True
336,EMP0090,Marketing,2026-02-04,Meals,871,1000,False,False,False
337,EMP0090,Marketing,2026-02-05,Taxi,1619,1500,False,True,True
338,EMP0096,Finance,2026-01-29,Taxi,934,1500,False,True,True
339,EMP0096,Finance,2026-01-28,Hotel,7376,8000,False,True,False
340,EMP0096,Finance,2026-01-28,Meals,873,1000,False,True,True
341,EMP0096,Finance,2026-01-31,Entertainment,1323,1000,True,True,True
342,EMP0093,Engineering,2025-11-04,Taxi,2098,1500,False,True,True
343,EMP0093,Engineering,2025-11-04,Entertainment,764,1000,False,True,True
344,EMP0093,Engineering,2025-11-05,Meals,706,1000,False,True,True
345,EMP0093,Engineering,2025-11-04,Entertainment,652,1000,False,True,True
346,EMP0096,Finance,2025-11-16,Entertainment,4139,1000,True,True,True
347,EMP0096,Finance,2025-11-15,Hotel,9372,8000,True,True,False
348,EMP0096,Finance,2025-11-16,Taxi,910,1500,True,True,True
349,EMP0106,Finance,2026-01-25,Entertainment,2583,1000,True,False,False
350,EMP0106,Finance,2026-01-27,Taxi,1142,1500,False,True,True
351,EMP0106,Finance,2026-01-26,Hotel,8649,8000,False,True,True
352,EMP0106,Finance,2026-01-24,Entertainment,2142,1000,True,True,True
353,EMP0106,Finance,2026-01-24,Hotel,11846,8000,True,True,True
354,EMP0047,Sales,2025-10-22,Entertainment,690,1000,False,False,True
355,EMP0047,Sales,2025-10-22,Entertainment,776,1000,False,True,True
356,EMP0047,Sales,2025-10-22,Hotel,7545,8000,False,True,True
357,EMP0082,Marketing,2026-01-17,Entertainment,766,1000,True,False,True
358,EMP0082,Marketing,2026-01-18,Hotel,5469,8000,True,True,True
359,EMP0082,Marketing,2026-01-17,Meals,1058,1000,True,True,True
360,EMP0082,Marketing,2026-01-15,Entertainment,873,1000,False,False,True
361,EMP0082,Marketing,2026-01-16,Hotel,8014,8000,False,False,True
362,EMP0009,Finance,2025-11-29,Meals,684,1000,True,True,True
363,EMP0009,Finance,2025-11-30,Entertainment,868,1000,True,True,True
364,EMP0015,Sales,2026-02-13,Meals,644,1000,False,False,True
365,EMP0015,Sales,2026-02-11,Entertainment,633,1000,False,False,True
366,EMP0015,Sales,2026-02-11,Entertainment,936,1000,False,True,True
367,EMP0020,Finance,2025-11-04,Meals,1068,1000,False,True,True
368,EMP0020,Finance,2025-11-05,Hotel,6236,8000,False,True,True
369,EMP0020,Finance,2025-11-03,Taxi,931,1500,False,True,True
370,EMP0031,Marketing,2026-01-19,Meals,1070,1000,False,True,True
371,EMP0031,Marketing,2026-01-19,Entertainment,828,1000,False,False,True
372,EMP0031,Marketing,2026-01-17,Entertainment,983,1000,True,False,True
373,EMP0031,Marketing,2026-01-19,Meals,749,1000,False,True,False
374,EMP0012,Engineering,2026-01-10,Meals,731,1000,True,True,True
375,EMP0012,Engineering,2026-01-13,Meals,980,1000,False,False,False
376,EMP0012,Engineering,2026-01-13,Hotel,6615,8000,False,False,False
377,EMP0027,Sales,2025-11-19,Hotel,8616,8000,False,True,True
378,EMP0027,Sales,2025-11-17,Hotel,5136,8000,False,True,True
379,EMP0027,Sales,2025-11-18,Taxi,1484,1500,False,True,True
380,EMP0027,Sales,2025-11-19,Hotel,8718,8000,False,True,True
381,EMP0027,Sales,2025-11-19,Entertainment,771,1000,False,True,True
382,EMP0019,Engineering,2025-11-23,Entertainment,792,1000,True,True,False
383,EMP0019,Engineering,2025-11-23,Taxi,1489,1500,True,False,True
384,EMP0019,Engineering,2025-11-24,Taxi,1975,1500,False,True,True
385,EMP0017,Finance,2025-11-04,Hotel,7759,8000,False,True,True
386,EMP0017,Finance,2025-11-04,Taxi,1393,1500,False,True,True
387,EMP0079,Sales,2026-01-30,Entertainment,960,1000,False,True,True
388,EMP0079,Sales,2026-01-31,Entertainment,933,1000,True,True,False
389,EMP0079,Sales,2026-01-30,Meals,638,1000,False,True,True
390,EMP0079,Sales,2026-02-01,Hotel,4911,8000,True,True,True
391,EMP0109,Finance,2026-01-19,Taxi,1148,1500,False,True,True
392,EMP0109,Finance,2026-01-18,Taxi,1610,1500,True,True,True
393,EMP0109,Finance,2026-01-18,Hotel,6372,8000,True,True,True
394,EMP0109,Finance,2026-01-19,Meals,704,1000,False,True,True
395,EMP0109,Finance,2026-01-16,Taxi,1301,1500,False,True,False
396,EMP0075,HR,2025-12-03,Meals,692,1000,False,True,True
397,EMP0075,HR,2025-12-04,Taxi,1197,1500,False,True,True
398,EMP0075,HR,2025-12-01,Entertainment,826,1000,False,True,True
399,EMP0075,HR,2025-12-03,Meals,1053,1000,False,True,True
400,EMP0110,HR,2026-02-09,Entertainment,1361,1000,False,True,True
401,EMP0110,HR,2026-02-09,Taxi,2052,1500,False,True,True
402,EMP0110,HR,2026-02-08,Entertainment,1527,1000,True,True,True
403,EMP0110,HR,2026-02-09,Taxi,1356,1500,False,True,True
404,EMP0041,Finance,2026-01-15,Taxi,1056,1500,False,True,True
405,EMP0041,Finance,2026-01-17,Entertainment,1044,1000,True,True,True
406,EMP0041,Finance,2026-01-14,Hotel,8325,8000,False,False,False
407,EMP0041,Finance,2026-01-17,Meals,998,1000,True,True,True
408,EMP0012,Finance,2026-01-27,Hotel,5328,8000,False,True,True
409,EMP0012,Finance,2026-01-27,Entertainment,601,1000,False,True,True
410,EMP0012,Finance,2026-01-25,Taxi,1510,1500,True,True,False
411,EMP0012,Finance,2026-01-26,Taxi,1386,1500,False,True,True
412,EMP0012,Finance,2026-01-27,Entertainment,1286,1000,False,True,True
413,EMP0097,Finance,2025-10-30,Meals,613,1000,False,False,True
414,EMP0097,Finance,2025-10-28,Meals,981,1000,False,True,True
415,EMP0097,Finance,2025-10-27,Entertainment,1013,1000,False,True,True
416,EMP0109,Sales,2026-02-06,Entertainment,1342,1000,False,False,True
417,EMP0109,Sales,2026-02-07,Taxi,1439,1500,True,True,True
418,EMP0109,Sales,2026-02-07,Entertainment,1712,1000,True,True,True
419,EMP0109,Sales,2026-02-06,Entertainment,743,1000,False,True,True
420,EMP0109,Sales,2026-02-08,Entertainment,1525,1000,True,False,True
421,EMP0105,HR,2026-01-18,Meals,898,1000,True,True,True
422,EMP0105,HR,2026-01-16,Entertainment,1104,1000,False,True,True
423,EMP0098,Marketing,2025-12-04,Entertainment,1081,1000,False,True,True
424,EMP0098,Marketing,2025-12-06,Taxi,1484,1500,True,True,True
425,EMP0098,Marketing,2025-12-05,Entertainment,704,1000,False,True,True
426,EMP0049,Finance,2025-12-04,Entertainment,1059,1000,False,True,True
427,EMP0049,Finance,2025-12-05,Taxi,1647,1500,False,False,True
428,EMP0049,Finance,2025-12-04,Entertainment,689,1000,False,True,True
429,EMP0020,Engineering,2025-10-29,Entertainment,928,1000,False,True,True
430,EMP0020,Engineering,2025-10-28,Hotel,5066,8000,False,True,True
431,EMP0020,Engineering,2025-10-29,Hotel,5218,8000,False,True,True
432,EMP0020,Engineering,2025-10-27,Taxi,1389,1500,False,True,True
433,EMP0035,Engineering,2025-11-05,Hotel,9696,8000,False,True,True
434,EMP0035,Engineering,2025-11-06,Hotel,6344,8000,False,True,True
435,EMP0035,Engineering,2025-11-06,Taxi,1382,1500,False,True,True
436,EMP0040,Sales,2025-12-12,Hotel,5088,8000,False,False,True
437,EMP0040,Sales,2025-12-12,Hotel,4867,8000,False,True,True
438,EMP0056,Engineering,2025-12-11,Taxi,1310,1500,False,True,True
439,EMP0056,Engineering,2025-12-09,Meals,968,1000,False,True,True
440,EMP0056,Engineering,2025-12-08,Hotel,5343,8000,False,True,True
441,EMP0056,Sales,2026-02-18,Entertainment,1052,1000,False,True,True
442,EMP0056,Sales,2026-02-18,Hotel,4945,8000,False,True,True
443,EMP0056,Sales,2026-02-18,Hotel,8372,8000,False,True,False
444,EMP0103,HR,2026-02-07,Entertainment,1466,1000,True,True,False
445,EMP0103,HR,2026-02-07,Hotel,6209,8000,True,False,False
446,EMP0103,HR,2026-02-05,Taxi,1487,1500,False,True,True
447,EMP0096,Marketing,2025-12-03,Entertainment,826,1000,False,True,True
448,EMP0096,Marketing,2025-12-05,Taxi,1505,1500,False,True,True
449,EMP0096,Marketing,2025-12-05,Taxi,1136,1500,False,False,True
450,EMP0096,Marketing,2025-12-04,Taxi,1308,1500,False,True,True
451,EMP0094,Engineering,2025-11-05,Hotel,12729,8000,False,True,True
452,EMP0094,Engineering,2025-11-05,Meals,1402,1000,False,True,True
453,EMP0094,Engineering,2025-11-04,Hotel,4950,8000,False,False,True
454,EMP0094,Engineering,2025-11-06,Entertainment,1193,1000,False,True,True
455,EMP0094,Engineering,2025-11-04,Hotel,8204,8000,False,True,True
456,EMP0064,Finance,2026-01-26,Taxi,1394,1500,False,True,True
457,EMP0064,Finance,2026-01-28,Meals,907,1000,False,True,True
458,EMP0064,Finance,2026-01-29,Taxi,1161,1500,False,True,True
459,EMP0064,Finance,2026-01-28,Taxi,1555,1500,False,True,True
460,EMP0020,Finance,2025-12-22,Meals,905,1000,False,False,True
461,EMP0020,Finance,2025-12-22,Entertainment,737,1000,False,True,True
462,EMP0020,Finance,2025-12-22,Hotel,4868,8000,False,True,True
463,EMP0020,Finance,2025-12-21,Entertainment,712,1000,True,True,True
464,EMP0058,Sales,2025-12-07,Taxi,1307,1500,True,False,True
465,EMP0058,Sales,2025-12-07,Entertainment,2791,1000,True,False,True
466,EMP0058,Sales,2025-12-09,Entertainment,915,1000,False,True,True
467,EMP0102,Sales,2026-02-14,Entertainment,1384,1000,True,True,False
468,EMP0102,Sales,2026-02-15,Entertainment,1320,1000,True,True,True
469,EMP0102,Sales,2026-02-15,Meals,966,1000,True,False,True
470,EMP0006,Engineering,2025-12-18,Entertainment,891,1000,False,True,False
471,EMP0006,Engineering,2025-12-16,Hotel,8490,8000,False,False,True
472,EMP0006,Engineering,2025-12-18,Taxi,1041,1500,False,True,True
473,EMP0006,Engineering,2025-12-17,Meals,1067,1000,False,True,True
474,EMP0006,Engineering,2025-12-17,Entertainment,1489,1000,False,True,True
475,EMP0087,HR,2026-02-02,Taxi,1119,1500,False,True,True
476,EMP0087,HR,2026-01-31,Taxi,1397,1500,True,True,True
477,EMP0087,HR,2026-01-30,Hotel,4930,8000,False,False,True
478,EMP0043,Sales,2026-01-16,Taxi,1464,1500,False,True,True
479,EMP0043,Sales,2026-01-16,Meals,819,1000,False,True,True
480,EMP0043,Sales,2026-01-15,Meals,703,1000,False,True,True
481,EMP0011,Marketing,2025-12-09,Meals,680,1000,False,False,True
482,EMP0011,Marketing,2025-12-09,Taxi,1236,1500,False,False,False
483,EMP0011,Marketing,2025-12-09,Entertainment,700,1000,False,True,True
484,EMP0011,Marketing,2025-12-09,Meals,608,1000,False,True,True
485,EMP0066,Marketing,2025-12-07,Meals,832,1000,True,True,True
486,EMP0066,Marketing,2025-12-09,Meals,991,1000,False,True,True
487,EMP0066,Marketing,2025-12-07,Hotel,7903,8000,True,True,True
488,EMP0101,Sales,2026-01-28,Meals,738,1000,False,True,False
489,EMP0101,Sales,2026-01-28,Entertainment,967,1000,False,True,True
490,EMP0101,Sales,2026-01-27,Entertainment,708,1000,False,False,True
491,EMP0020,Engineering,2026-02-07,Taxi,951,1500,True,True,True
492,EMP0020,Engineering,2026-02-04,Meals,1046,1000,False,True,True
493,EMP0020,Engineering,2026-02-04,Taxi,1229,1500,False,True,True
494,EMP0079,Marketing,2026-02-01,Meals,921,1000,True,True,True
495,EMP0079,Marketing,2026-01-30,Meals,1428,1000,False,True,True
496,EMP0079,Marketing,2026-01-30,Hotel,7954,8000,False,True,True
497,EMP0079,Marketing,2026-01-30,Meals,677,1000,False,True,True
498,EMP0079,Marketing,2026-02-01,Taxi,1195,1500,True,True,False
499,EMP0074,Finance,2026-01-30,Entertainment,1035,1000,False,False,True
500,EMP0074,Finance,2026-01-28,Meals,642,1000,False,True,True
501,EMP0074,Finance,2026-01-28,Meals,948,1000,False,True,True
502,EMP0083,Finance,2026-01-02,Meals,1027,1000,False,True,True
503,EMP0083,Finance,2025-12-31,Entertainment,776,1000,False,True,True
504,EMP0117,Engineering,2026-02-13,Entertainment,967,1000,False,True,True
505,EMP0117,Engineering,2026-02-12,Entertainment,1052,1000,False,True,True
506,EMP0117,Engineering,2026-02-12,Hotel,5454,8000,False,True,True
507,EMP0117,Engineering,2026-02-12,Hotel,6307,8000,False,True,True
508,EMP0108,Marketing,2025-11-08,Entertainment,3562,1000,True,True,True
509,EMP0108,Marketing,2025-11-09,Meals,851,1000,True,True,True
510,EMP0108,Marketing,2025-11-07,Taxi,1397,1500,False,False,True
511,EMP0108,Marketing,2025-11-09,Hotel,5085,8000,True,True,True
512,EMP0108,Marketing,2025-11-10,Hotel,5829,8000,False,True,True
513,EMP0003,Marketing,2026-02-06,Entertainment,807,1000,False,True,True
514,EMP0003,Marketing,2026-02-05,Taxi,1020,1500,False,True,True
515,EMP0003,Marketing,2026-02-06,Hotel,10050,8000,False,True,True
516,EMP0082,HR,2025-10-31,Entertainment,658,1000,False,False,False
517,EMP0082,HR,2025-10-30,Hotel,4968,8000,False,True,True
518,EMP0082,HR,2025-10-30,Hotel,6543,8000,False,True,True
519,EMP0074,Finance,2026-01-16,Entertainment,932,1000,False,True,True
520,EMP0074,Finance,2026-01-16,Taxi,2007,1500,False,True,True
521,EMP0074,Finance,2026-01-15,Meals,927,1000,False,True,True
522,EMP0074,Finance,2026-01-15,Entertainment,632,1000,False,True,True
523,EMP0074,Finance,2026-01-14,Entertainment,786,1000,False,True,True
524,EMP0050,Finance,2026-01-13,Entertainment,871,1000,False,False,True
525,EMP0050,Finance,2026-01-10,Meals,1306,1000,True,True,True
526,EMP0050,Finance,2026-01-12,Taxi,1462,1500,False,True,True
527,EMP0050,Finance,2026-01-11,Hotel,7080,8000,True,False,True
528,EMP0094,Sales,2026-01-25,Entertainment,860,1000,True,True,True
529,EMP0094,Sales,2026-01-25,Hotel,10856,8000,True,True,True
530,EMP0094,Sales,2026-01-23,Entertainment,905,1000,False,True,True
531,EMP0094,Sales,2026-01-24,Meals,691,1000,True,True,True
532,EMP0094,Sales,2026-01-24,Taxi,2234,1500,True,False,False
533,EMP0088,Finance,2025-12-24,Meals,1031,1000,False,True,True
534,EMP0088,Finance,2025-12-21,Taxi,1388,1500,True,True,True
535,EMP0102,Engineering,2025-12-01,Meals,1037,1000,False,True,True
536,EMP0102,Engineering,2025-11-30,Entertainment,1512,1000,True,True,True
537,EMP0007,Marketing,2025-11-07,Meals,915,1000,False,True,True
538,EMP0007,Marketing,2025-11-05,Entertainment,1067,1000,False,True,True
539,EMP0048,HR,2026-01-31,Meals,825,1000,True,True,True
540,EMP0048,HR,2026-02-01,Hotel,11707,8000,True,False,True
541,EMP0048,HR,2026-02-01,Hotel,5657,8000,True,False,True
542,EMP0011,Marketing,2025-11-30,Meals,688,1000,True,True,True
543,EMP0011,Marketing,2025-11-27,Meals,1592,1000,False,True,True
544,EMP0011,Marketing,2025-11-28,Entertainment,649,1000,False,True,False
545,EMP0011,Marketing,2025-11-28,Taxi,1245,1500,False,False,True
546,EMP0046,HR,2025-11-28,Meals,1076,1000,False,True,True
547,EMP0046,HR,2025-11-27,Hotel,11779,8000,False,False,True
548,EMP0046,HR,2025-11-26,Taxi,1477,1500,False,True,True
549,EMP0046,HR,2025-11-25,Hotel,6642,8000,False,True,False
550,EMP0101,Finance,2025-11-08,Entertainment,774,1000,True,True,True
551,EMP0101,Finance,2025-11-09,Entertainment,788,1000,True,True,True
552,EMP0101,Finance,2025-11-06,Taxi,1003,1500,False,True,True
553,EMP0101,Finance,2025-11-08,Entertainment,763,1000,True,True,True
554,EMP0101,Finance,2025-11-08,Hotel,8346,8000,True,True,True
555,EMP0048,Marketing,2026-01-29,Entertainment,811,1000,False,True,True
556,EMP0048,Marketing,2026-01-29,Hotel,7391,8000,False,True,True
557,EMP0048,Marketing,2026-01-28,Hotel,7036,8000,False,False,True
558,EMP0048,Marketing,2026-01-26,Taxi,2331,1500,False,True,True
559,EMP0048,Marketing,2026-01-29,Hotel,5770,8000,False,True,True
560,EMP0004,Engineering,2025-12-26,Hotel,8788,8000,False,True,True
561,EMP0004,Engineering,2025-12-28,Taxi,907,1500,True,True,True
562,EMP0004,Engineering,2025-12-26,Hotel,9369,8000,False,False,True
563,EMP0079,Marketing,2026-02-15,Hotel,6386,8000,True,True,True
564,EMP0079,Marketing,2026-02-17,Entertainment,867,1000,False,True,True
565,EMP0079,Marketing,2026-02-16,Meals,1037,1000,False,True,True
566,EMP0104,Marketing,2025-12-06,Hotel,8133,8000,True,True,True
567,EMP0104,Marketing,2025-12-04,Entertainment,674,1000,False,True,False
568,EMP0104,Marketing,2025-12-04,Meals,706,1000,False,True,True
569,EMP0082,Engineering,2025-12-27,Meals,1464,1000,True,True,True
570,EMP0082,Engineering,2025-12-26,Taxi,1519,1500,False,True,True
571,EMP0082,Engineering,2025-12-28,Taxi,1860,1500,True,False,False
572,EMP0082,Engineering,2025-12-28,Meals,680,1000,True,True,True
573,EMP0082,Engineering,2025-12-28,Entertainment,1028,1000,True,True,False
574,EMP0048,Finance,2025-11-06,Entertainment,796,1000,False,True,True
575,EMP0048,Finance,2025-11-08,Hotel,5459,8000,True,True,True
576,EMP0048,Finance,2025-11-06,Entertainment,761,1000,False,True,True
577,EMP0048,Finance,2025-11-08,Entertainment,1644,1000,True,True,True
578,EMP0099,Finance,2025-11-01,Entertainment,1843,1000,True,True,True
579,EMP0099,Finance,2025-11-01,Taxi,1347,1500,True,True,True
580,EMP0099,Finance,2025-10-31,Entertainment,756,1000,False,True,True
581,EMP0100,HR,2026-01-05,Taxi,976,1500,False,False,True
582,EMP0100,HR,2026-01-05,Meals,797,1000,False,False,False
583,EMP0100,HR,2026-01-07,Meals,718,1000,False,True,False
584,EMP0100,HR,2026-01-05,Hotel,6502,8000,False,True,True
585,EMP0021,Marketing,2025-11-20,Taxi,1886,1500,False,True,True
586,EMP0021,Marketing,2025-11-19,Taxi,1434,1500,False,True,False
587,EMP0021,Marketing,2025-11-21,Taxi,1442,1500,False,True,True
588,EMP0021,Marketing,2025-11-20,Meals,1040,1000,False,True,True
589,EMP0081,Marketing,2025-12-30,Entertainment,986,1000,False,False,True
590,EMP0081,Marketing,2025-12-28,Taxi,1524,1500,True,True,True
591,EMP0081,Marketing,2025-12-29,Hotel,5839,8000,False,True,True
592,EMP0081,Marketing,2025-12-31,Entertainment,1093,1000,False,True,True
593,EMP0116,HR,2026-02-06,Entertainment,1012,1000,False,True,True
594,EMP0116,HR,2026-02-08,Meals,853,1000,True,True,True
595,EMP0054,HR,2025-10-27,Entertainment,1145,1000,False,True,True
596,EMP0054,HR,2025-10-26,Meals,690,1000,True,True,True
597,EMP0054,HR,2025-10-26,Entertainment,964,1000,True,True,True
598,EMP0054,HR,2025-10-26,Meals,812,1000,True,True,True
599,EMP0088,Finance,2025-12-21,Meals,821,1000,True,True,True
600,EMP0088,Finance,2025-12-20,Meals,712,1000,True,True,True
601,EMP0088,Finance,2025-12-21,Taxi,1371,1500,True,False,True
602,EMP0088,Finance,2025-12-18,Meals,656,1000,False,True,True
603,EMP0088,Finance,2025-12-19,Meals,1016,1000,False,True,True
604,EMP0041,Marketing,2025-11-08,Hotel,11094,8000,True,True,False
605,EMP0041,Marketing,2025-11-09,Taxi,1337,1500,True,True,True
606,EMP0050,HR,2025-11-23,Taxi,2062,1500,True,True,True
607,EMP0050,HR,2025-11-22,Entertainment,635,1000,True,True,True
608,EMP0050,HR,2025-11-22,Meals,749,1000,True,True,False
609,EMP0050,HR,2025-11-21,Hotel,6648,8000,False,True,True
610,EMP0050,HR,2025-11-23,Taxi,1508,1500,True,True,True
611,EMP0064,Sales,2026-02-21,Entertainment,1934,1000,True,True,True
612,EMP0064,Sales,2026-02-21,Taxi,1894,1500,True,True,False
613,EMP0064,Sales,2026-02-18,Hotel,5900,8000,False,True,True
614,EMP0064,Sales,2026-02-19,Meals,1016,1000,False,True,True
615,EMP0064,Sales,2026-02-21,Entertainment,1062,1000,True,True,True
616,EMP0077,Finance,2025-12-31,Meals,1658,1000,False,True,True
617,EMP0077,Finance,2025-12-28,Hotel,11133,8000,True,True,True
618,EMP0077,Finance,2025-12-29,Entertainment,1026,1000,False,True,True
619,EMP0077,Finance,2025-12-30,Taxi,990,1500,False,True,True
620,EMP0073,HR,2025-12-06,Meals,621,1000,True,False,True
621,EMP0073,HR,2025-12-07,Hotel,6401,8000,True,False,True
622,EMP0073,HR,2025-12-07,Hotel,6316,8000,True,False,True
623,EMP0073,HR,2025-12-09,Taxi,1326,1500,False,True,True
624,EMP0079,Sales,2025-11-04,Taxi,1631,1500,False,True,True
625,EMP0079,Sales,2025-11-04,Taxi,1237,1500,False,True,True
626,EMP0065,Sales,2025-10-28,Entertainment,884,1000,False,True,True
627,EMP0065,Sales,2025-10-27,Hotel,5784,8000,False,True,True
628,EMP0065,Sales,2025-10-28,Entertainment,843,1000,False,False,True
629,EMP0065,Sales,2025-10-28,Hotel,6439,8000,False,True,True
630,EMP0065,Sales,2025-10-28,Meals,1003,1000,False,True,True
631,EMP0021,Finance,2026-01-23,Meals,911,1000,False,False,True
632,EMP0021,Finance,2026-01-25,Entertainment,867,1000,True,True,True
633,EMP0039,Finance,2025-12-07,Meals,694,1000,True,True,True
634,EMP0039,Finance,2025-12-07,Entertainment,732,1000,True,True,True
635,EMP0039,Finance,2025-12-09,Meals,916,1000,False,True,True
636,EMP0039,Finance,2025-12-09,Entertainment,997,1000,False,True,True
637,EMP0084,HR,2025-11-22,Hotel,6408,8000,True,False,True
638,EMP0084,HR,2025-11-20,Meals,686,1000,False,False,False
639,EMP0005,HR,2025-11-06,Taxi,1465,1500,False,False,True
640,EMP0005,HR,2025-11-07,Taxi,1001,1500,False,True,True
641,EMP0005,HR,2025-11-07,Meals,1003,1000,False,False,True
642,EMP0005,HR,2025-11-06,Hotel,7902,8000,False,True,True
643,EMP0005,HR,2025-11-04,Entertainment,853,1000,False,True,True
644,EMP0118,Finance,2026-01-23,Entertainment,707,1000,False,True,True
645,EMP0118,Finance,2026-01-22,Taxi,1294,1500,False,False,False
646,EMP0118,Finance,2026-01-23,Taxi,1284,1500,False,True,True
647,EMP0118,Finance,2026-01-25,Entertainment,1522,1000,True,True,True
648,EMP0023,Finance,2025-12-03,Meals,962,1000,False,True,True
649,EMP0023,Finance,2025-12-03,Taxi,914,1500,False,True,True
650,EMP0023,Finance,2025-12-03,Taxi,1785,1500,False,True,True
651,EMP0072,Marketing,2026-02-21,Meals,957,1000,True,False,False
652,EMP0072,Marketing,2026-02-20,Entertainment,871,1000,False,True,True
653,EMP0120,Marketing,2025-11-08,Entertainment,1091,1000,True,True,True
654,EMP0120,Marketing,2025-11-08,Meals,1020,1000,True,True,True
655,EMP0120,Marketing,2025-11-06,Entertainment,1239,1000,False,True,True
656,EMP0120,Marketing,2025-11-08,Hotel,5196,8000,True,True,True
657,EMP0120,Marketing,2025-11-08,Hotel,11925,8000,True,True,True
658,EMP0011,Marketing,2026-01-15,Entertainment,1046,1000,False,True,True
659,EMP0011,Marketing,2026-01-15,Entertainment,1079,1000,False,True,True
660,EMP0011,Marketing,2026-01-12,Taxi,944,1500,False,True,False
661,EMP0011,Marketing,2026-01-12,Meals,999,1000,False,True,True
662,EMP0076,Engineering,2025-10-28,Hotel,7705,8000,False,True,True
663,EMP0076,Engineering,2025-10-27,Hotel,7420,8000,False,True,True
664,EMP0001,HR,2025-12-14,Taxi,1457,1500,True,False,True
665,EMP0001,HR,2025-12-12,Entertainment,1090,1000,False,True,True
666,EMP0001,HR,2025-12-13,Entertainment,2625,1000,True,True,True
667,EMP0001,HR,2025-12-12,Hotel,8411,8000,False,True,True
668,EMP0084,HR,2025-12-30,Taxi,1456,1500,False,True,True
669,EMP0084,HR,2025-12-28,Hotel,8205,8000,True,True,True
670,EMP0112,Marketing,2025-10-25,Hotel,5115,8000,True,True,True
671,EMP0112,Marketing,2025-10-23,Meals,735,1000,False,True,True
672,EMP0112,Marketing,2025-10-22,Taxi,1474,1500,False,True,True
673,EMP0018,HR,2025-11-27,Entertainment,870,1000,False,True,True
674,EMP0018,HR,2025-11-26,Hotel,6715,8000,False,False,False
675,EMP0038,HR,2026-01-26,Entertainment,831,1000,False,False,True
676,EMP0038,HR,2026-01-27,Taxi,1862,1500,False,True,True
677,EMP0038,HR,2026-01-25,Meals,885,1000,True,True,True
678,EMP0038,HR,2026-01-28,Meals,1071,1000,False,True,True
679,EMP0038,HR,2026-01-28,Entertainment,903,1000,False,True,True
680,EMP0024,Engineering,2025-12-03,Entertainment,870,1000,False,True,False
681,EMP0024,Engineering,2025-12-02,Meals,658,1000,False,True,True
682,EMP0024,Engineering,2025-12-02,Hotel,5392,8000,False,True,False
683,EMP0024,Engineering,2025-12-04,Entertainment,943,1000,False,False,True
684,EMP0093,HR,2025-11-24,Meals,1184,1000,False,True,True
685,EMP0093,HR,2025-11-26,Taxi,1240,1500,False,True,True
686,EMP0093,HR,2025-11-23,Meals,726,1000,True,True,True
687,EMP0093,HR,2025-11-26,Meals,883,1000,False,True,True
688,EMP0114,Marketing,2025-11-08,Entertainment,971,1000,True,True,True
689,EMP0114,Marketing,2025-11-08,Meals,604,1000,True,True,True
690,EMP0114,Marketing,2025-11-08,Meals,840,1000,True,True,True
691,EMP0114,Marketing,2025-11-06,Taxi,1346,1500,False,True,False
692,EMP0114,Marketing,2025-11-05,Meals,1065,1000,False,True,True
693,EMP0059,HR,2025-12-14,Taxi,1469,1500,True,True,False
694,EMP0059,HR,2025-12-15,Entertainment,1002,1000,False,True,True
695,EMP0059,HR,2025-12-15,Entertainment,1071,1000,False,False,True
696,EMP0059,HR,2025-12-15,Taxi,1336,1500,False,False,True
697,EMP0091,Marketing,2026-02-15,Meals,976,1000,True,True,True
698,EMP0091,Marketing,2026-02-16,Meals,1060,1000,False,True,True
699,EMP0091,Marketing,2026-02-15,Taxi,1011,1500,True,True,True
700,EMP0015,Engineering,2026-01-05,Hotel,7555,8000,False,True,True
701,EMP0015,Engineering,2026-01-04,Taxi,1900,1500,True,True,True
702,EMP0104,Marketing,2025-10-23,Taxi,1538,1500,False,False,True
703,EMP0104,Marketing,2025-10-23,Taxi,1311,1500,False,False,True
704,EMP0090,Sales,2025-10-28,Taxi,1115,1500,False,True,True
705,EMP0090,Sales,2025-10-31,Meals,900,1000,False,True,True
706,EMP0090,Sales,2025-10-28,Meals,663,1000,False,True,True
707,EMP0090,Sales,2025-10-29,Meals,700,1000,False,True,False
708,EMP0094,Finance,2026-02-14,Meals,1007,1000,True,False,True
709,EMP0094,Finance,2026-02-15,Meals,967,1000,True,True,False
710,EMP0094,Finance,2026-02-14,Taxi,1839,1500,True,True,True
711,EMP0094,Finance,2026-02-15,Hotel,8750,8000,True,True,True
712,EMP0094,Finance,2026-02-12,Meals,911,1000,False,True,True
713,EMP0016,Engineering,2025-12-13,Taxi,1534,1500,True,True,False
714,EMP0016,Engineering,2025-12-13,Meals,1099,1000,True,True,True
715,EMP0016,Engineering,2025-12-11,Meals,1013,1000,False,True,True
716,EMP0093,HR,2025-12-31,Hotel,7614,8000,False,True,True
717,EMP0093,HR,2025-12-29,Hotel,8223,8000,False,True,False
718,EMP0093,Sales,2026-02-04,Hotel,6842,8000,False,True,True
719,EMP0093,Sales,2026-02-01,Hotel,7449,8000,True,True,True
720,EMP0093,Sales,2026-02-04,Meals,1526,1000,False,True,True
721,EMP0093,Sales,2026-02-02,Taxi,994,1500,False,True,True
722,EMP0093,Sales,2026-02-03,Meals,963,1000,False,True,True
723,EMP0091,Sales,2026-01-23,Entertainment,768,1000,False,True,True
724,EMP0091,Sales,2026-01-24,Taxi,1167,1500,True,True,False
725,EMP0030,HR,2026-01-02,Taxi,2188,1500,False,True,True
726,EMP0030,HR,2026-01-03,Meals,1220,1000,True,True,True
727,EMP0030,HR,2026-01-03,Taxi,1443,1500,True,True,True
728,EMP0030,HR,2026-01-05,Meals,802,1000,False,True,True
729,EMP0039,Marketing,2026-01-01,Meals,645,1000,False,True,True
730,EMP0039,Marketing,2025-12-31,Taxi,2320,1500,False,True,True
731,EMP0054,Finance,2025-11-28,Hotel,8095,8000,False,True,True
732,EMP0054,Finance,2025-11-28,Hotel,8749,8000,False,True,True
733,EMP0054,Finance,2025-12-01,Meals,875,1000,False,True,False
734,EMP0054,Finance,2025-11-28,Meals,1209,1000,False,True,False
735,EMP0008,HR,2025-12-13,Entertainment,1490,1000,True,True,True
736,EMP0008,HR,2025-12-13,Meals,1042,1000,True,False,True
737,EMP0025,Sales,2025-12-10,Meals,649,1000,False,True,True
738,EMP0025,Sales,2025-12-10,Taxi,1590,1500,False,True,False
739,EMP0025,Sales,2025-12-09,Taxi,1438,1500,False,True,True
740,EMP0025,Sales,2025-12-08,Hotel,6686,8000,False,True,True
741,EMP0112,Marketing,2026-02-14,Hotel,10392,8000,True,True,True
742,EMP0112,Marketing,2026-02-15,Hotel,5319,8000,True,True,True
743,EMP0112,Marketing,2026-02-16,Hotel,6724,8000,False,True,True
744,EMP0090,HR,2025-11-19,Meals,1039,1000,False,True,False
745,EMP0090,HR,2025-11-18,Entertainment,873,1000,False,True,True
746,EMP0090,HR,2025-11-19,Taxi,1550,1500,False,True,True
747,EMP0034,Marketing,2026-02-11,Entertainment,706,1000,False,True,False
748,EMP0034,Marketing,2026-02-13,Meals,892,1000,False,True,True
749,EMP0034,Marketing,2026-02-12,Hotel,8187,8000,False,True,True
750,EMP0034,Marketing,2026-02-12,Hotel,5065,8000,False,True,True
751,EMP0048,Marketing,2025-10-26,Entertainment,760,1000,True,False,True
752,EMP0048,Marketing,2025-10-26,Hotel,4817,8000,True,True,True
753,EMP0048,Marketing,2025-10-27,Taxi,1111,1500,False,True,True
754,EMP0048,Marketing,2025-10-27,Entertainment,744,1000,False,True,True
755,EMP0026,Marketing,2025-12-08,Taxi,1453,1500,False,True,True
756,EMP0026,Marketing,2025-12-09,Taxi,1463,1500,False,True,True
757,EMP0093,Finance,2025-11-14,Taxi,1434,1500,False,True,False
758,EMP0093,Finance,2025-11-12,Taxi,1360,1500,False,True,True
759,EMP0093,Finance,2025-11-14,Taxi,1215,1500,False,True,True
760,EMP0093,Finance,2025-11-11,Hotel,6080,8000,False,True,True
761,EMP0093,Finance,2025-11-12,Meals,1204,1000,False,True,True
762,EMP0008,HR,2026-02-07,Entertainment,1321,1000,True,True,True
763,EMP0008,HR,2026-02-08,Meals,680,1000,True,True,True
764,EMP0008,HR,2026-02-08,Taxi,1468,1500,True,True,True
765,EMP0048,Sales,2026-01-11,Hotel,6137,8000,True,True,True
766,EMP0048,Sales,2026-01-10,Hotel,6246,8000,True,True,True
767,EMP0048,Sales,2026-01-13,Entertainment,1155,1000,False,True,False
768,EMP0048,Sales,2026-01-11,Meals,1044,1000,True,True,True
769,EMP0048,Sales,2026-01-13,Taxi,1403,1500,False,True,True
770,EMP0036,HR,2025-10-26,Hotel,8725,8000,True,True,True
771,EMP0036,HR,2025-10-23,Taxi,1236,1500,False,True,True
772,EMP0036,HR,2025-10-24,Hotel,5375,8000,False,False,True
773,EMP0036,HR,2025-10-24,Taxi,1444,1500,False,True,True
774,EMP0105,Marketing,2026-01-31,Taxi,1063,1500,True,True,True
775,EMP0105,Marketing,2026-02-02,Meals,1047,1000,False,True,True
776,EMP0105,Marketing,2026-01-31,Hotel,5505,8000,True,True,True
777,EMP0029,Marketing,2026-02-05,Meals,994,1000,False,False,True
778,EMP0029,Marketing,2026-02-06,Entertainment,700,1000,False,True,False
779,EMP0029,Marketing,2026-02-06,Hotel,8606,8000,False,True,True
780,EMP0029,Marketing,2026-02-06,Taxi,1237,1500,False,True,True
781,EMP0022,Sales,2026-02-08,Taxi,1091,1500,True,True,True
782,EMP0022,Sales,2026-02-07,Meals,1015,1000,True,True,True
783,EMP0022,Sales,2026-02-09,Entertainment,1453,1000,False,True,True
784,EMP0022,Sales,2026-02-07,Entertainment,1356,1000,True,True,True
785,EMP0022,Sales,2026-02-06,Hotel,10980,8000,False,True,True
786,EMP0116,HR,2025-11-26,Meals,734,1000,False,True,True
787,EMP0116,HR,2025-11-25,Taxi,1604,1500,False,False,True
788,EMP0116,HR,2025-11-25,Entertainment,839,1000,False,False,True
789,EMP0116,HR,2025-11-24,Meals,1098,1000,False,True,True
790,EMP0003,Engineering,2025-11-08,Meals,996,1000,True,True,True
791,EMP0003,Engineering,2025-11-09,Meals,1574,1000,True,True,True
792,EMP0003,Engineering,2025-11-08,Taxi,1606,1500,True,True,True
793,EMP0003,Engineering,2025-11-09,Hotel,5815,8000,True,True,True
794,EMP0003,Engineering,2025-11-09,Hotel,7052,8000,True,True,True
795,EMP0050,HR,2025-12-09,Entertainment,970,1000,False,True,True
796,EMP0050,HR,2025-12-11,Taxi,981,1500,False,True,True
797,EMP0044,HR,2026-01-08,Entertainment,690,1000,False,True,True
798,EMP0044,HR,2026-01-06,Hotel,9845,8000,False,True,True
799,EMP0044,HR,2026-01-08,Entertainment,959,1000,False,True,True
800,EMP0044,HR,2026-01-06,Hotel,7011,8000,False,False,True
801,EMP0044,HR,2026-01-07,Taxi,917,1500,False,True,True
802,EMP0046,HR,2025-12-18,Meals,974,1000,False,True,True
803,EMP0046,HR,2025-12-16,Meals,924,1000,False,True,False
804,EMP0046,HR,2025-12-15,Entertainment,682,1000,False,False,True
805,EMP0046,HR,2025-12-16,Taxi,1364,1500,False,True,False
806,EMP0092,Engineering,2025-12-10,Entertainment,992,1000,False,True,True
807,EMP0092,Engineering,2025-12-09,Taxi,930,1500,False,False,True
808,EMP0092,Engineering,2025-12-09,Taxi,985,1500,False,True,True
809,EMP0035,Sales,2025-11-02,Meals,1027,1000,True,True,True
810,EMP0035,Sales,2025-11-02,Taxi,1367,1500,True,True,True
811,EMP0035,Sales,2025-11-02,Taxi,1638,1500,True,True,True
812,EMP0035,Sales,2025-11-02,Taxi,991,1500,True,True,True
813,EMP0012,HR,2026-01-29,Entertainment,822,1000,False,True,True
814,EMP0012,HR,2026-01-29,Entertainment,658,1000,False,True,True
815,EMP0072,Engineering,2025-12-28,Hotel,7151,8000,True,True,True
816,EMP0072,Engineering,2025-12-28,Entertainment,920,1000,True,True,False
817,EMP0072,Engineering,2025-12-27,Meals,690,1000,True,True,True
818,EMP0072,Engineering,2025-12-27,Taxi,1974,1500,True,False,True
819,EMP0072,Engineering,2025-12-29,Entertainment,1134,1000,False,True,True
820,EMP0036,Finance,2025-12-24,Meals,1004,1000,False,True,True
821,EMP0036,Finance,2025-12-23,Taxi,1555,1500,False,True,True
822,EMP0036,Finance,2025-12-23,Meals,945,1000,False,True,True
823,EMP0036,Finance,2025-12-22,Taxi,2062,1500,False,True,True
824,EMP0036,Finance,2025-12-24,Meals,842,1000,False,True,True
825,EMP0018,Marketing,2025-12-12,Taxi,1911,1500,False,True,True
826,EMP0018,Marketing,2025-12-12,Taxi,1425,1500,False,True,True
827,EMP0018,Marketing,2025-12-12,Meals,985,1000,False,True,True
828,EMP0089,Engineering,2025-12-01,Entertainment,1040,1000,False,True,False
829,EMP0089,Engineering,2025-12-02,Hotel,5181,8000,False,False,True
830,EMP0089,Engineering,2025-12-02,Hotel,8640,8000,False,False,True
831,EMP0089,Engineering,2025-12-01,Taxi,1522,1500,False,False,True
832,EMP0089,Engineering,2025-12-03,Hotel,5339,8000,False,True,True
833,EMP0042,Finance,2026-02-03,Hotel,7433,8000,False,True,False
834,EMP0042,Finance,2026-02-04,Taxi,960,1500,False,True,True
835,EMP0042,Finance,2026-02-04,Entertainment,769,1000,False,True,True
836,EMP0042,Finance,2026-02-03,Hotel,7827,8000,False,True,True
837,EMP0042,Finance,2026-02-04,Entertainment,1040,1000,False,True,False
838,EMP0004,Finance,2025-11-18,Entertainment,643,1000,False,True,True
839,EMP0004,Finance,2025-11-19,Meals,797,1000,False,True,True
840,EMP0004,Finance,2025-11-16,Hotel,5849,8000,True,True,True
841,EMP0033,Engineering,2025-12-15,Hotel,5540,8000,False,True,True
842,EMP0033,Engineering,2025-12-14,Entertainment,624,1000,True,True,True
843,EMP0033,Engineering,2025-12-15,Entertainment,680,1000,False,True,False
844,EMP0033,Engineering,2025-12-17,Entertainment,1026,1000,False,True,True
845,EMP0112,Finance,2025-10-28,Hotel,7436,8000,False,True,True
846,EMP0112,Finance,2025-10-25,Hotel,6696,8000,True,True,True
847,EMP0112,Finance,2025-10-25,Taxi,911,1500,True,True,True
848,EMP0073,Finance,2026-02-02,Meals,1013,1000,False,False,True
849,EMP0073,Finance,2026-01-31,Entertainment,2447,1000,True,True,True
850,EMP0073,Finance,2026-02-01,Hotel,5348,8000,True,True,True
851,EMP0073,Finance,2026-01-30,Taxi,2017,1500,False,True,True
852,EMP0073,Finance,2026-02-02,Taxi,1613,1500,False,True,True
853,EMP0089,HR,2025-12-19,Taxi,1035,1500,False,True,True
854,EMP0089,HR,2025-12-20,Meals,763,1000,True,True,True
855,EMP0089,HR,2025-12-20,Meals,909,1000,True,True,True
856,EMP0062,Sales,2025-12-15,Entertainment,880,1000,False,True,True
857,EMP0062,Sales,2025-12-14,Hotel,5676,8000,True,True,True
858,EMP0013,Finance,2026-01-21,Taxi,1327,1500,False,True,True
859,EMP0013,Finance,2026-01-19,Taxi,1183,1500,False,True,True
860,EMP0013,Finance,2026-01-21,Taxi,1029,1500,False,True,True
861,EMP0013,Finance,2026-01-18,Meals,897,1000,True,False,True
862,EMP0013,Finance,2026-01-21,Taxi,1456,1500,False,True,True
863,EMP0014,Engineering,2025-11-21,Taxi,2308,1500,False,True,True
864,EMP0014,Engineering,2025-11-21,Hotel,6018,8000,False,True,True
865,EMP0014,Engineering,2025-11-22,Taxi,1241,1500,True,True,True
866,EMP0024,Engineering,2026-01-16,Meals,1446,1000,False,True,False
867,EMP0024,Engineering,2026-01-16,Taxi,1092,1500,False,True,True
868,EMP0024,Engineering,2026-01-14,Hotel,6416,8000,False,False,True
869,EMP0024,Engineering,2026-01-15,Taxi,2106,1500,False,True,True
870,EMP0024,Engineering,2026-01-13,Meals,674,1000,False,True,True
871,EMP0050,Sales,2025-11-19,Meals,767,1000,False,True,True
872,EMP0050,Sales,2025-11-17,Hotel,5960,8000,False,True,True
873,EMP0059,Sales,2026-01-14,Taxi,1070,1500,False,True,True
874,EMP0059,Sales,2026-01-15,Entertainment,613,1000,False,True,True
875,EMP0109,Finance,2025-11-12,Hotel,10445,8000,False,True,True
876,EMP0109,Finance,2025-11-14,Hotel,7904,8000,False,True,True
877,EMP0109,Finance,2025-11-14,Hotel,5672,8000,False,True,True
878,EMP0109,Finance,2025-11-15,Meals,835,1000,True,True,True
879,EMP0109,Finance,2025-11-15,Entertainment,3024,1000,True,True,True
880,EMP0024,Marketing,2025-11-09,Entertainment,1479,1000,True,True,True
881,EMP0024,Marketing,2025-11-11,Meals,941,1000,False,True,True
882,EMP0024,Marketing,2025-11-08,Meals,1259,1000,True,True,True
883,EMP0024,Marketing,2025-11-09,Hotel,8574,8000,True,True,True
884,EMP0089,Engineering,2025-11-14,Entertainment,977,1000,False,False,True
885,EMP0089,Engineering,2025-11-14,Entertainment,645,1000,False,False,True
886,EMP0002,Finance,2025-11-15,Taxi,1203,1500,True,True,True
887,EMP0002,Finance,2025-11-14,Entertainment,937,1000,False,True,True
888,EMP0002,Finance,2025-11-14,Meals,741,1000,False,True,True
889,EMP0002,Finance,2025-11-17,Meals,1201,1000,False,True,True
890,EMP0063,Engineering,2026-01-02,Taxi,1618,1500,False,True,True
891,EMP0063,Engineering,2026-01-02,Taxi,1508,1500,False,True,True
892,EMP0063,Engineering,2026-01-04,Meals,1336,1000,True,False,True
893,EMP0063,Engineering,2026-01-03,Hotel,7453,8000,True,True,True
894,EMP0099,Finance,2025-12-28,Meals,925,1000,True,True,False
895,EMP0099,Finance,2025-12-25,Entertainment,1054,1000,False,True,True
896,EMP0097,Sales,2025-12-18,Hotel,4970,8000,False,True,True
897,EMP0097,Sales,2025-12-16,Meals,827,1000,False,True,True
898,EMP0097,Sales,2025-12-17,Hotel,7405,8000,False,True,True
899,EMP0058,Marketing,2026-02-08,Meals,828,1000,True,True,False
900,EMP0058,Marketing,2026-02-11,Entertainment,1252,1000,False,True,False
901,EMP0058,Marketing,2026-02-11,Meals,1429,1000,False,True,True
902,EMP0058,Marketing,2026-02-09,Meals,1020,1000,False,True,True
903,EMP0111,HR,2025-12-15,Hotel,7490,8000,False,True,True
904,EMP0111,HR,2025-12-15,Hotel,7367,8000,False,True,True
905,EMP0111,HR,2025-12-14,Hotel,7679,8000,True,True,False
906,EMP0069,Marketing,2025-12-29,Taxi,1393,1500,False,True,True
907,EMP0069,Marketing,2025-12-29,Meals,1078,1000,False,True,True
908,EMP0069,Marketing,2025-12-31,Taxi,1203,1500,False,True,True
909,EMP0013,Engineering,2026-02-15,Hotel,5327,8000,True,True,True
910,EMP0013,Engineering,2026-02-15,Taxi,1163,1500,True,True,True
911,EMP0013,Engineering,2026-02-18,Meals,994,1000,False,True,True
912,EMP0013,Engineering,2026-02-18,Entertainment,1013,1000,False,False,True
913,EMP0013,Engineering,2026-02-15,Entertainment,776,1000,True,True,True
914,EMP0087,Finance,2025-11-11,Hotel,6766,8000,False,True,True
915,EMP0087,Finance,2025-11-11,Hotel,8006,8000,False,True,True
916,EMP0087,Finance,2025-11-09,Entertainment,1373,1000,True,True,False
917,EMP0087,Finance,2025-11-08,Entertainment,791,1000,True,False,True
918,EMP0089,Marketing,2025-12-23,Entertainment,1046,1000,False,False,False
919,EMP0089,Marketing,2025-12-23,Entertainment,707,1000,False,True,True
920,EMP0089,Marketing,2025-12-25,Hotel,7640,8000,False,True,False
921,EMP0089,Marketing,2025-12-22,Hotel,6004,8000,False,True,True
922,EMP0089,Marketing,2025-12-23,Taxi,971,1500,False,True,True
923,EMP0102,HR,2025-11-18,Entertainment,1248,1000,False,True,True
924,EMP0102,HR,2025-11-20,Hotel,5387,8000,False,True,True
925,EMP0101,Marketing,2026-01-26,Entertainment,1035,1000,False,True,True
926,EMP0101,Marketing,2026-01-26,Meals,702,1000,False,True,True
927,EMP0101,Marketing,2026-01-27,Hotel,4932,8000,False,True,True
928,EMP0101,Marketing,2026-01-28,Hotel,5439,8000,False,False,True
929,EMP0057,Finance,2025-12-15,Taxi,1256,1500,False,True,True
930,EMP0057,Finance,2025-12-17,Hotel,6512,8000,False,True,False
931,EMP0048,Engineering,2025-12-10,Entertainment,924,1000,False,True,True
932,EMP0048,Engineering,2025-12-10,Meals,836,1000,False,True,True
933,EMP0048,Engineering,2025-12-13,Hotel,5202,8000,True,True,False
934,EMP0048,Engineering,2025-12-12,Entertainment,1331,1000,False,False,True
935,EMP0048,Engineering,2025-12-11,Meals,758,1000,False,True,True
936,EMP0057,Sales,2026-01-18,Hotel,4850,8000,True,True,True
937,EMP0057,Sales,2026-01-21,Meals,1095,1000,False,True,True
938,EMP0057,Sales,2026-01-18,Entertainment,1638,1000,True,True,True
939,EMP0057,Sales,2026-01-21,Entertainment,696,1000,False,True,True
940,EMP0113,Marketing,2025-12-10,Taxi,1534,1500,False,True,True
941,EMP0113,Marketing,2025-12-11,Hotel,4902,8000,False,True,True
942,EMP0113,Marketing,2025-12-10,Entertainment,1093,1000,False,False,True
943,EMP0113,Marketing,2025-12-11,Hotel,6085,8000,False,True,True
944,EMP0028,Engineering,2026-01-07,Taxi,1262,1500,False,True,True
945,EMP0028,Engineering,2026-01-07,Taxi,1100,1500,False,False,True
946,EMP0055,Marketing,2025-11-21,Taxi,1158,1500,False,True,True
947,EMP0055,Marketing,2025-11-23,Meals,1047,1000,True,True,True
948,EMP0089,Sales,2026-02-11,Taxi,1837,1500,False,True,True
949,EMP0089,Sales,2026-02-10,Meals,742,1000,False,False,True
950,EMP0089,Sales,2026-02-12,Taxi,2056,1500,False,True,True
951,EMP0089,Sales,2026-02-11,Entertainment,640,1000,False,True,True
952,EMP0089,Sales,2026-02-11,Hotel,7868,8000,False,True,True
953,EMP0031,Finance,2025-11-04,Taxi,1395,1500,False,True,True
954,EMP0031,Finance,2025-11-06,Entertainment,645,1000,False,True,True
955,EMP0031,Finance,2025-11-05,Entertainment,961,1000,False,True,True
956,EMP0031,Finance,2025-11-07,Entertainment,749,1000,False,True,True
957,EMP0031,Finance,2025-11-07,Meals,843,1000,False,False,True
958,EMP0073,Finance,2025-12-29,Entertainment,1089,1000,False,True,True
959,EMP0073,Finance,2025-12-30,Taxi,1479,1500,False,True,True
960,EMP0102,Finance,2025-11-28,Meals,868,1000,False,True,True
961,EMP0102,Finance,2025-11-27,Hotel,7972,8000,False,True,True
962,EMP0011,HR,2026-02-02,Entertainment,609,1000,False,False,True
963,EMP0011,HR,2026-02-04,Hotel,8607,8000,False,True,True
964,EMP0011,HR,2026-02-02,Meals,1059,1000,False,True,True
965,EMP0011,HR,2026-02-04,Taxi,1459,1500,False,True,True
966,EMP0011,HR,2026-02-04,Taxi,1557,1500,False,True,True
967,EMP0056,Engineering,2025-11-22,Entertainment,763,1000,True,True,True
968,EMP0056,Engineering,2025-11-22,Meals,1377,1000,True,True,True
969,EMP0056,Engineering,2025-11-21,Hotel,5664,8000,False,True,True
970,EMP0056,Engineering,2025-11-24,Meals,718,1000,False,True,True
971,EMP0056,Engineering,2025-11-21,Taxi,996,1500,False,True,True
972,EMP0090,Sales,2025-12-23,Taxi,1367,1500,False,True,True
973,EMP0090,Sales,2025-12-23,Meals,1637,1000,False,True,True
974,EMP0090,Sales,2025-12-23,Entertainment,904,1000,False,True,True
975,EMP0090,Sales,2025-12-25,Hotel,7073,8000,False,True,True
976,EMP0090,Sales,2025-12-26,Entertainment,620,1000,False,True,True
977,EMP0112,Marketing,2026-02-14,Taxi,1600,1500,True,True,True
978,EMP0112,Marketing,2026-02-11,Entertainment,759,1000,False,False,True
979,EMP0112,Marketing,2026-02-13,Taxi,1520,1500,False,True,True
980,EMP0112,Marketing,2026-02-13,Hotel,7317,8000,False,True,True
981,EMP0112,Marketing,2026-02-13,Taxi,1198,1500,False,False,True
982,EMP0074,Sales,2025-12-18,Entertainment,846,1000,False,True,True
983,EMP0074,Sales,2025-12-19,Meals,1084,1000,False,True,True
984,EMP0074,Sales,2025-12-21,Taxi,1273,1500,True,True,True
985,EMP0074,Sales,2025-12-18,Hotel,5324,8000,False,False,True
986,EMP0015,Engineering,2025-12-25,Meals,946,1000,False,True,True
987,EMP0015,Engineering,2025-12-28,Meals,1161,1000,True,True,True
988,EMP0015,Engineering,2025-12-27,Meals,664,1000,True,True,True
989,EMP0015,Engineering,2025-12-27,Taxi,1231,1500,True,True,False
990,EMP0023,Sales,2026-01-31,Entertainment,2733,1000,True,True,True
991,EMP0023,Sales,2026-01-31,Hotel,7090,8000,True,True,False
992,EMP0023,Sales,2026-02-03,Hotel,8657,8000,False,True,True
993,EMP0023,Sales,2026-02-03,Entertainment,765,1000,False,True,True
994,EMP0010,HR,2025-11-07,Hotel,7308,8000,False,True,False
995,EMP0010,HR,2025-11-08,Taxi,1215,1500,True,True,True
996,EMP0010,HR,2025-11-05,Hotel,6968,8000,False,True,True
997,EMP0010,HR,2025-11-06,Entertainment,612,1000,False,True,True
998,EMP0111,Marketing,2025-12-02,Hotel,11330,8000,False,False,True
999,EMP0111,Marketing,2025-12-02,Meals,1034,1000,False,True,True
1000,EMP0111,Marketing,2025-12-04,Hotel,6304,8000,False,True,True
1001,EMP0048,HR,2026-01-28,Hotel,7287,8000,False,True,True
1002,EMP0048,HR,2026-01-28,Taxi,935,1500,False,True,True
1003,EMP0048,HR,2026-01-27,Taxi,948,1500,False,True,True
1004,EMP0048,HR,2026-01-29,Taxi,1003,1500,False,True,True
1005,EMP0048,HR,2026-01-27,Entertainment,999,1000,False,True,True
1006,EMP0001,Finance,2026-01-24,Taxi,995,1500,True,False,True
1007,EMP0001,Finance,2026-01-22,Hotel,5606,8000,False,True,True
1008,EMP0001,Finance,2026-01-24,Hotel,8738,8000,True,True,True
1009,EMP0001,Finance,2026-01-23,Hotel,8454,8000,False,True,True
1010,EMP0019,Marketing,2025-10-26,Hotel,8619,8000,True,True,True
1011,EMP0019,Marketing,2025-10-26,Hotel,5629,8000,True,True,True
1012,EMP0082,Finance,2026-01-05,Taxi,1367,1500,False,True,True
1013,EMP0082,Finance,2026-01-07,Meals,995,1000,False,True,True
1014,EMP0082,Finance,2026-01-04,Taxi,1406,1500,True,True,True
1015,EMP0082,Finance,2026-01-07,Entertainment,1180,1000,False,True,False
1016,EMP0107,Marketing,2025-12-17,Meals,722,1000,False,True,True
1017,EMP0107,Marketing,2025-12-20,Taxi,1562,1500,True,False,True
1018,EMP0107,Marketing,2025-12-20,Taxi,1100,1500,True,True,True
1019,EMP0060,Marketing,2025-11-07,Hotel,8168,8000,False,True,True
1020,EMP0060,Marketing,2025-11-05,Hotel,7157,8000,False,True,True
1021,EMP0060,Marketing,2025-11-06,Taxi,1007,1500,False,False,True
1022,EMP0006,Engineering,2025-11-09,Entertainment,2845,1000,True,True,True
1023,EMP0006,Engineering,2025-11-08,Meals,764,1000,True,False,True
1024,EMP0006,Engineering,2025-11-08,Meals,1311,1000,True,True,False
1025,EMP0058,HR,2025-12-31,Entertainment,1008,1000,False,True,True
1026,EMP0058,HR,2026-01-01,Hotel,5490,8000,False,True,True
1027,EMP0058,HR,2026-01-02,Hotel,5056,8000,False,True,True
1028,EMP0029,Engineering,2026-02-06,Entertainment,862,1000,False,True,True
1029,EMP0029,Engineering,2026-02-03,Taxi,1761,1500,False,False,True
1030,EMP0029,Engineering,2026-02-05,Taxi,1200,1500,False,False,True
1031,EMP0010,Sales,2025-11-15,Hotel,7812,8000,True,True,True
1032,EMP0010,Sales,2025-11-18,Taxi,1044,1500,False,True,True
1033,EMP0010,Sales,2025-11-16,Hotel,5605,8000,True,True,True
1034,EMP0010,Sales,2025-11-18,Entertainment,641,1000,False,True,True
1035,EMP0007,Engineering,2025-12-18,Taxi,1413,1500,False,True,True
1036,EMP0007,Engineering,2025-12-17,Hotel,6111,8000,False,False,True
1037,EMP0007,Engineering,2025-12-17,Entertainment,835,1000,False,True,True
1038,EMP0007,Engineering,2025-12-17,Hotel,6884,8000,False,True,True
1039,EMP0036,Marketing,2026-02-13,Meals,635,1000,False,True,True
1040,EMP0036,Marketing,2026-02-13,Entertainment,1030,1000,False,True,True
1041,EMP0036,Marketing,2026-02-13,Hotel,4819,8000,False,True,True
1042,EMP0036,Marketing,2026-02-14,Hotel,4867,8000,True,True,True
1043,EMP0012,Marketing,2025-11-10,Meals,609,1000,False,True,True
1044,EMP0012,Marketing,2025-11-09,Taxi,1015,1500,True,True,True
1045,EMP0101,Marketing,2025-12-29,Taxi,1305,1500,False,True,False
1046,EMP0101,Marketing,2025-12-29,Taxi,1059,1500,False,True,True
1047,EMP0004,Marketing,2026-02-04,Hotel,8272,8000,False,False,True
1048,EMP0004,Marketing,2026-02-03,Entertainment,1004,1000,False,True,True
1049,EMP0035,HR,2025-10-30,Meals,972,1000,False,True,True
1050,EMP0035,HR,2025-10-30,Hotel,8751,8000,False,True,True
1051,EMP0035,HR,2025-10-30,Entertainment,938,1000,False,True,True
1052,EMP0035,HR,2025-10-29,Meals,928,1000,False,True,True
1053,EMP0104,Marketing,2025-10-24,Entertainment,1000,1000,False,True,True
1054,EMP0104,Marketing,2025-10-26,Entertainment,860,1000,True,True,True
1055,EMP0104,Marketing,2025-10-24,Entertainment,713,1000,False,True,True
1056,EMP0104,Marketing,2025-10-27,Taxi,1245,1500,False,False,True
1057,EMP0064,HR,2025-11-15,Meals,968,1000,True,True,True
1058,EMP0064,HR,2025-11-12,Entertainment,850,1000,False,True,True
1059,EMP0064,HR,2025-11-14,Hotel,5224,8000,False,True,True
1060,EMP0064,HR,2025-11-15,Entertainment,615,1000,True,True,True
1061,EMP0001,Marketing,2025-11-18,Entertainment,809,1000,False,False,True
1062,EMP0001,Marketing,2025-11-16,Hotel,7599,8000,True,True,True
1063,EMP0001,Marketing,2025-11-17,Meals,646,1000,False,False,True
1064,EMP0001,Marketing,2025-11-18,Meals,1315,1000,False,False,True
1065,EMP0019,Sales,2026-02-11,Taxi,1367,1500,False,True,True
1066,EMP0019,Sales,2026-02-09,Entertainment,666,1000,False,True,True
1067,EMP0019,Sales,2026-02-08,Hotel,8722,8000,True,True,True
1068,EMP0019,Sales,2026-02-08,Meals,954,1000,True,False,True
1069,EMP0018,Engineering,2025-12-15,Hotel,7484,8000,False,True,False
1070,EMP0018,Engineering,2025-12-17,Taxi,952,1500,False,True,True
1071,EMP0018,Engineering,2025-12-15,Entertainment,1094,1000,False,True,True
1072,EMP0018,Engineering,2025-12-18,Meals,974,1000,False,True,True
1073,EMP0101,Marketing,2026-01-14,Hotel,7031,8000,False,True,True
1074,EMP0101,Marketing,2026-01-15,Hotel,6419,8000,False,True,True
1075,EMP0101,Marketing,2026-01-17,Hotel,7095,8000,True,True,True
1076,EMP0101,Marketing,2026-01-15,Meals,718,1000,False,True,True
1077,EMP0090,HR,2026-02-06,Taxi,1310,1500,False,True,False
1078,EMP0090,HR,2026-02-06,Hotel,10424,8000,False,True,True
1079,EMP0043,Sales,2025-12-04,Hotel,11894,8000,False,True,True
1080,EMP0043,Sales,2025-12-07,Entertainment,876,1000,True,False,True
1081,EMP0043,Sales,2025-12-06,Hotel,7229,8000,True,True,True
1082,EMP0043,Sales,2025-12-07,Meals,845,1000,True,True,True
1083,EMP0043,Sales,2025-12-05,Entertainment,769,1000,False,True,True
1084,EMP0032,Sales,2025-11-23,Meals,1019,1000,True,False,True
1085,EMP0032,Sales,2025-11-24,Taxi,1374,1500,False,True,True
1086,EMP0032,Sales,2025-11-24,Meals,923,1000,False,True,True
1087,EMP0049,Marketing,2025-12-10,Taxi,1097,1500,False,False,True
1088,EMP0049,Marketing,2025-12-08,Meals,755,1000,False,True,True
1089,EMP0049,Marketing,2025-12-09,Meals,1068,1000,False,True,True
1090,EMP0005,Marketing,2025-12-03,Hotel,5255,8000,False,True,False
1091,EMP0005,Marketing,2025-11-30,Meals,891,1000,True,False,True
1092,EMP0005,Marketing,2025-12-01,Meals,716,1000,False,True,True
1093,EMP0115,Sales,2026-01-07,Hotel,5853,8000,False,True,True
1094,EMP0115,Sales,2026-01-08,Entertainment,962,1000,False,True,True
1095,EMP0115,Sales,2026-01-06,Hotel,8550,8000,False,True,True
1096,EMP0115,Sales,2026-01-05,Entertainment,777,1000,False,True,True
1097,EMP0025,Finance,2026-01-02,Entertainment,716,1000,False,False,True
1098,EMP0025,Finance,2025-12-30,Entertainment,668,1000,False,True,True
1099,EMP0025,Finance,2025-12-31,Taxi,1646,1500,False,True,True
1100,EMP0108,Finance,2025-10-29,Meals,913,1000,False,True,True
1101,EMP0108,Finance,2025-10-27,Hotel,8586,8000,False,True,True
1102,EMP0108,Finance,2025-10-29,Hotel,6355,8000,False,True,True
1103,EMP0108,Finance,2025-10-29,Taxi,1387,1500,False,True,True
1104,EMP0082,Marketing,2025-12-20,Hotel,6567,8000,True,False,True
1105,EMP0082,Marketing,2025-12-20,Meals,802,1000,True,True,False
1106,EMP0049,Marketing,2025-12-19,Entertainment,1018,1000,False,True,True
1107,EMP0049,Marketing,2025-12-18,Taxi,1420,1500,False,True,True
1108,EMP0013,Sales,2025-12-07,Entertainment,744,1000,True,True,False
1109,EMP0013,Sales,2025-12-07,Entertainment,1080,1000,True,True,True
1110,EMP0013,Sales,2025-12-05,Hotel,5266,8000,False,True,True
1111,EMP0111,Finance,2026-02-13,Hotel,6455,8000,False,True,False
1112,EMP0111,Finance,2026-02-11,Hotel,5911,8000,False,False,True
1113,EMP0116,HR,2026-01-16,Entertainment,734,1000,False,True,True
1114,EMP0116,HR,2026-01-18,Entertainment,1085,1000,True,True,True
1115,EMP0116,HR,2026-01-15,Meals,837,1000,False,True,True
1116,EMP0104,Engineering,2025-10-29,Taxi,990,1500,False,True,True
1117,EMP0104,Engineering,2025-10-26,Taxi,1243,1500,True,False,True
1118,EMP0104,Engineering,2025-10-27,Taxi,1551,1500,False,True,True
1119,EMP0104,Engineering,2025-10-29,Entertainment,975,1000,False,True,True
1120,EMP0117,Sales,2025-12-11,Hotel,6224,8000,False,True,True
1121,EMP0117,Sales,2025-12-12,Hotel,8203,8000,False,True,True
1122,EMP0117,Sales,2025-12-10,Meals,1063,1000,False,False,True
1123,EMP0117,Sales,2025-12-10,Meals,971,1000,False,True,True
1124,EMP0080,HR,2026-01-31,Taxi,1594,1500,True,True,True
1125,EMP0080,HR,2026-01-30,Entertainment,886,1000,False,True,False
1126,EMP0080,HR,2026-01-31,Meals,1062,1000,True,True,True
1127,EMP0119,Sales,2026-01-30,Hotel,9563,8000,False,True,True
1128,EMP0119,Sales,2026-01-31,Hotel,7158,8000,True,True,True
1129,EMP0119,Sales,2026-01-30,Meals,606,1000,False,True,True
1130,EMP0119,Sales,2026-01-31,Hotel,7661,8000,True,True,True
1131,EMP0078,Finance,2025-11-15,Meals,1388,1000,True,True,True
1132,EMP0078,Finance,2025-11-14,Meals,714,1000,False,True,True
1133,EMP0043,Engineering,2026-01-24,Hotel,10115,8000,True,True,True
1134,EMP0043,Engineering,2026-01-26,Hotel,5315,8000,False,True,True
1135,EMP0108,Finance,2026-01-19,Entertainment,1010,1000,False,True,True
1136,EMP0108,Finance,2026-01-18,Meals,1603,1000,True,True,True
1137,EMP0054,HR,2025-11-01,Entertainment,692,1000,True,False,True
1138,EMP0054,HR,2025-11-01,Taxi,1406,1500,True,True,True
1139,EMP0054,HR,2025-11-01,Meals,1013,1000,True,True,True
1140,EMP0112,Marketing,2025-12-27,Taxi,1453,1500,True,True,False
1141,EMP0112,Marketing,2025-12-28,Hotel,8371,8000,True,True,True
1142,EMP0004,Engineering,2026-02-12,Entertainment,618,1000,False,True,False
1143,EMP0004,Engineering,2026-02-11,Entertainment,1259,1000,False,True,True
1144,EMP0004,Engineering,2026-02-10,Meals,656,1000,False,True,True
1145,EMP0106,Finance,2025-12-11,Entertainment,920,1000,False,True,False
1146,EMP0106,Finance,2025-12-11,Meals,679,1000,False,True,True
1147,EMP0061,HR,2025-12-06,Taxi,994,1500,True,True,True
1148,EMP0061,HR,2025-12-07,Taxi,1594,1500,True,True,True
1149,EMP0061,HR,2025-12-05,Taxi,1459,1500,False,True,True
1150,EMP0061,HR,2025-12-07,Hotel,7346,8000,True,False,True
1151,EMP0061,HR,2025-12-06,Taxi,1033,1500,True,True,True
1152,EMP0110,HR,2026-02-08,Taxi,1647,1500,True,True,True
1153,EMP0110,HR,2026-02-09,Meals,843,1000,False,False,True
1154,EMP0099,Sales,2026-02-17,Meals,1122,1000,False,False,True
1155,EMP0099,Sales,2026-02-16,Hotel,5437,8000,False,True,False
1156,EMP0099,Sales,2026-02-17,Hotel,7678,8000,False,True,True
1157,EMP0036,Finance,2026-02-09,Entertainment,1247,1000,False,False,True
1158,EMP0036,Finance,2026-02-10,Hotel,10545,8000,False,True,True
1159,EMP0036,Finance,2026-02-10,Hotel,8603,8000,False,True,True
1160,EMP0036,Finance,2026-02-08,Taxi,1605,1500,True,True,True
1161,EMP0036,Finance,2026-02-08,Hotel,11316,8000,True,True,True
1162,EMP0001,HR,2026-02-06,Hotel,7263,8000,False,True,True
1163,EMP0001,HR,2026-02-08,Meals,648,1000,True,True,True
1164,EMP0001,HR,2026-02-08,Meals,1048,1000,True,True,True
1165,EMP0001,HR,2026-02-06,Meals,611,1000,False,True,True
1166,EMP0036,Marketing,2025-11-23,Entertainment,2593,1000,True,False,False
1167,EMP0036,Marketing,2025-11-24,Meals,793,1000,False,True,True
1168,EMP0036,Marketing,2025-11-25,Meals,1204,1000,False,True,True
1169,EMP0036,Marketing,2025-11-25,Entertainment,921,1000,False,True,False
1170,EMP0036,Marketing,2025-11-26,Entertainment,1021,1000,False,True,True
1171,EMP0103,HR,2026-01-16,Meals,669,1000,False,False,True
1172,EMP0103,HR,2026-01-13,Taxi,1061,1500,False,True,True
1173,EMP0103,HR,2026-01-13,Meals,690,1000,False,False,True
1174,EMP0075,HR,2025-12-06,Meals,825,1000,True,True,True
1175,EMP0075,HR,2025-12-04,Entertainment,764,1000,False,True,False
1176,EMP0075,HR,2025-12-04,Meals,774,1000,False,True,True
1177,EMP0075,HR,2025-12-05,Entertainment,1450,1000,False,True,True
1178,EMP0075,HR,2025-12-04,Taxi,1257,1500,False,True,True
1179,EMP0108,HR,2025-11-27,Taxi,1111,1500,False,True,True
1180,EMP0108,HR,2025-11-27,Meals,1077,1000,False,True,True
1181,EMP0108,HR,2025-11-29,Meals,1434,1000,True,False,True
1182,EMP0116,Marketing,2025-11-01,Meals,1024,1000,True,False,True
1183,EMP0116,Marketing,2025-11-02,Meals,864,1000,True,True,True
1184,EMP0075,Marketing,2026-02-06,Hotel,11285,8000,False,True,True
1185,EMP0075,Marketing,2026-02-07,Meals,728,1000,True,False,True
1186,EMP0025,HR,2026-02-09,Entertainment,965,1000,False,True,True
1187,EMP0025,HR,2026-02-12,Meals,1018,1000,False,True,False
1188,EMP0025,HR,2026-02-09,Hotel,5119,8000,False,True,True
1189,EMP0025,HR,2026-02-12,Meals,658,1000,False,True,True
1190,EMP0053,HR,2025-11-09,Meals,751,1000,True,False,True
1191,EMP0053,HR,2025-11-10,Meals,913,1000,False,False,True
1192,EMP0053,HR,2025-11-11,Entertainment,1676,1000,False,True,True
1193,EMP0053,HR,2025-11-11,Taxi,1185,1500,False,True,True
1194,EMP0098,Engineering,2026-01-29,Meals,750,1000,False,True,True
1195,EMP0098,Engineering,2026-01-27,Taxi,1456,1500,False,False,True
1196,EMP0062,Finance,2025-10-27,Meals,1019,1000,False,True,True
1197,EMP0062,Finance,2025-10-25,Hotel,6426,8000,True,True,True
1198,EMP0062,Finance,2025-10-26,Taxi,1468,1500,True,True,True
1199,EMP0081,Engineering,2026-01-19,Taxi,1264,1500,False,False,True
1200,EMP0081,Engineering,2026-01-19,Taxi,1219,1500,False,True,False
1201,EMP0081,Engineering,2026-01-17,Entertainment,1837,1000,True,True,True
1202,EMP0039,Marketing,2026-01-24,Entertainment,782,1000,True,False,True
1203,EMP0039,Marketing,2026-01-25,Meals,678,1000,True,True,True
1204,EMP0039,Marketing,2026-01-22,Taxi,1094,1500,False,True,True
1205,EMP0039,Marketing,2026-01-24,Meals,1029,1000,True,True,True
1206,EMP0039,Marketing,2026-01-25,Meals,854,1000,True,True,True
1207,EMP0104,Finance,2025-11-19,Hotel,12090,8000,False,True,True
1208,EMP0104,Finance,2025-11-21,Meals,1094,1000,False,True,True
1209,EMP0102,Sales,2026-02-13,Meals,1196,1000,False,True,True
1210,EMP0102,Sales,2026-02-11,Entertainment,714,1000,False,True,True
1211,EMP0102,Sales,2026-02-10,Taxi,1302,1500,False,False,True
1212,EMP0016,HR,2025-12-20,Taxi,1342,1500,True,True,True
1213,EMP0016,HR,2025-12-21,Meals,786,1000,True,True,False
1214,EMP0016,HR,2025-12-20,Taxi,1519,1500,True,True,True
1215,EMP0016,HR,2025-12-21,Hotel,5458,8000,True,True,False
1216,EMP0078,Engineering,2026-02-06,Hotel,5270,8000,False,True,False
1217,EMP0078,Engineering,2026-02-07,Meals,1354,1000,True,True,True
1218,EMP0067,Engineering,2026-01-21,Meals,1055,1000,False,True,True
1219,EMP0067,Engineering,2026-01-20,Taxi,1489,1500,False,False,False
1220,EMP0067,Engineering,2026-01-21,Taxi,1252,1500,False,True,True
1221,EMP0067,Engineering,2026-01-19,Entertainment,687,1000,False,True,False
1222,EMP0062,Marketing,2025-10-24,Meals,711,1000,False,False,True
1223,EMP0062,Marketing,2025-10-22,Meals,832,1000,False,True,True
1224,EMP0062,Marketing,2025-10-24,Entertainment,725,1000,False,True,True
1225,EMP0116,Marketing,2025-11-21,Taxi,1314,1500,False,False,True
1226,EMP0116,Marketing,2025-11-19,Taxi,1308,1500,False,True,True
1227,EMP0047,Marketing,2026-01-23,Hotel,7557,8000,False,True,True
1228,EMP0047,Marketing,2026-01-23,Hotel,6309,8000,False,True,True
1229,EMP0047,Marketing,2026-01-24,Entertainment,2433,1000,True,True,True
1230,EMP0047,Marketing,2026-01-26,Entertainment,1337,1000,False,True,True
1231,EMP0047,Marketing,2026-01-23,Entertainment,1274,1000,False,True,True
1232,EMP0057,HR,2026-02-12,Taxi,1125,1500,False,True,False
1233,EMP0057,HR,2026-02-10,Taxi,1298,1500,False,True,True
1234,EMP0057,HR,2026-02-11,Taxi,1059,1500,False,True,True
1235,EMP0057,HR,2026-02-11,Hotel,6031,8000,False,True,False
1236,EMP0057,HR,2026-02-10,Hotel,6110,8000,False,True,True
1237,EMP0089,Finance,2026-01-13,Hotel,8136,8000,False,True,True
1238,EMP0089,Finance,2026-01-14,Entertainment,826,1000,False,True,True
1239,EMP0062,HR,2025-12-18,Taxi,1169,1500,False,True,True
1240,EMP0062,HR,2025-12-19,Entertainment,713,1000,False,False,True
1241,EMP0062,HR,2025-12-19,Hotel,5535,8000,False,True,True
1242,EMP0114,Finance,2025-10-29,Meals,938,1000,False,True,True
1243,EMP0114,Finance,2025-10-29,Hotel,6966,8000,False,False,True
1244,EMP0114,Finance,2025-10-27,Entertainment,1049,1000,False,True,True
1245,EMP0086,Marketing,2025-12-27,Hotel,8744,8000,True,True,False
1246,EMP0086,Marketing,2025-12-27,Meals,893,1000,True,True,True
1247,EMP0087,Finance,2026-02-06,Meals,675,1000,False,True,True
1248,EMP0087,Finance,2026-02-06,Entertainment,705,1000,False,True,True
1249,EMP0087,Finance,2026-02-05,Meals,933,1000,False,True,True
1250,EMP0087,Finance,2026-02-06,Hotel,5536,8000,False,True,True
1251,EMP0031,Marketing,2025-10-29,Meals,776,1000,False,True,True
1252,EMP0031,Marketing,2025-10-28,Entertainment,600,1000,False,True,True
1253,EMP0031,Marketing,2025-10-28,Entertainment,1315,1000,False,True,True
1254,EMP0031,Marketing,2025-10-29,Meals,765,1000,False,True,True
1255,EMP0031,Marketing,2025-10-27,Hotel,10453,8000,False,True,True
1256,EMP0058,Sales,2025-12-20,Meals,1087,1000,True,True,True
1257,EMP0058,Sales,2025-12-19,Meals,688,1000,False,False,True
1258,EMP0078,HR,2025-11-29,Meals,876,1000,True,True,True
1259,EMP0078,HR,2025-12-01,Meals,931,1000,False,True,True
1260,EMP0078,HR,2025-11-28,Entertainment,937,1000,False,True,True
1261,EMP0007,Engineering,2025-12-05,Meals,914,1000,False,True,True
1262,EMP0007,Engineering,2025-12-03,Entertainment,699,1000,False,True,True
1263,EMP0007,Engineering,2025-12-03,Meals,789,1000,False,True,True
1264,EMP0007,Engineering,2025-12-05,Taxi,1065,1500,False,True,True
1265,EMP0007,Engineering,2025-12-03,Taxi,1372,1500,False,True,True
1266,EMP0103,Marketing,2025-12-27,Entertainment,1631,1000,True,True,True
1267,EMP0103,Marketing,2025-12-29,Hotel,10088,8000,False,False,True
1268,EMP0103,Marketing,2025-12-29,Meals,929,1000,False,True,True
1269,EMP0025,Sales,2025-11-18,Taxi,1967,1500,False,True,True
1270,EMP0025,Sales,2025-11-20,Meals,1373,1000,False,True,True
1271,EMP0076,Sales,2025-12-18,Taxi,1504,1500,False,False,True
1272,EMP0076,Sales,2025-12-19,Taxi,1621,1500,False,True,True
1273,EMP0076,Sales,2025-12-20,Hotel,8521,8000,True,True,True
1274,EMP0066,Engineering,2026-01-06,Taxi,1019,1500,False,True,True
1275,EMP0066,Engineering,2026-01-03,Taxi,916,1500,True,True,True
1276,EMP0066,Engineering,2026-01-04,Hotel,8682,8000,True,True,False
1277,EMP0066,Engineering,2026-01-04,Meals,1381,1000,True,True,True
1278,EMP0066,Engineering,2026-01-06,Hotel,5517,8000,False,True,True
1279,EMP0050,Finance,2026-02-17,Entertainment,942,1000,False,True,True
1280,EMP0050,Finance,2026-02-17,Meals,818,1000,False,True,True
1281,EMP0050,Finance,2026-02-16,Entertainment,746,1000,False,True,True
1282,EMP0050,Finance,2026-02-17,Meals,1055,1000,False,True,True
1283,EMP0050,Finance,2026-02-17,Entertainment,658,1000,False,True,True
1284,EMP0018,Engineering,2026-01-07,Entertainment,924,1000,False,True,True
1285,EMP0018,Engineering,2026-01-07,Entertainment,696,1000,False,False,True
1286,EMP0092,Marketing,2025-12-04,Taxi,1438,1500,False,True,True
1287,EMP0092,Marketing,2025-12-07,Meals,698,1000,True,True,True
1288,EMP0092,Marketing,2025-12-05,Hotel,6047,8000,False,True,True
1289,EMP0092,Marketing,2025-12-06,Meals,851,1000,True,True,True
1290,EMP0091,Sales,2026-01-01,Entertainment,811,1000,False,True,True
1291,EMP0091,Sales,2026-01-03,Entertainment,1089,1000,True,True,True
1292,EMP0091,Sales,2026-01-02,Taxi,1567,1500,False,True,True
1293,EMP0104,Sales,2025-11-05,Hotel,7073,8000,False,True,True
1294,EMP0104,Sales,2025-11-05,Taxi,2099,1500,False,True,True
1295,EMP0104,Sales,2025-11-03,Meals,654,1000,False,True,True
1296,EMP0104,Sales,2025-11-03,Meals,708,1000,False,True,True
1297,EMP0088,Marketing,2026-02-07,Taxi,1688,1500,True,True,True
1298,EMP0088,Marketing,2026-02-07,Hotel,5103,8000,True,True,True
1299,EMP0087,HR,2026-01-25,Taxi,1257,1500,True,True,True
1300,EMP0087,HR,2026-01-24,Meals,651,1000,True,False,True
1301,EMP0054,Marketing,2025-10-30,Meals,1020,1000,False,True,True
1302,EMP0054,Marketing,2025-10-28,Meals,1044,1000,False,True,True
1303,EMP0054,Marketing,2025-10-30,Entertainment,950,1000,False,True,True
1304,EMP0054,Marketing,2025-10-30,Hotel,8723,8000,False,True,True
1305,EMP0054,Marketing,2025-10-30,Hotel,6554,8000,False,True,True
1306,EMP0117,Marketing,2026-01-01,Entertainment,632,1000,False,True,True
1307,EMP0117,Marketing,2025-12-30,Taxi,1181,1500,False,True,True
1308,EMP0117,Marketing,2026-01-01,Taxi,1145,1500,False,True,True
1309,EMP0088,Sales,2025-11-13,Entertainment,741,1000,False,True,True
1310,EMP0088,Sales,2025-11-14,Hotel,9375,8000,False,True,False
1311,EMP0088,Sales,2025-11-15,Hotel,7219,8000,True,True,True
1312,EMP0120,Engineering,2025-11-11,Entertainment,702,1000,False,True,True
1313,EMP0120,Engineering,2025-11-12,Hotel,7170,8000,False,True,True
1314,EMP0074,HR,2025-10-31,Meals,759,1000,False,True,True
1315,EMP0074,HR,2025-10-31,Meals,602,1000,False,True,False
1316,EMP0074,HR,2025-11-02,Meals,662,1000,True,True,True
1317,EMP0074,HR,2025-10-31,Entertainment,1075,1000,False,True,False
1318,EMP0052,Sales,2025-11-20,Meals,1000,1000,False,True,False
1319,EMP0052,Sales,2025-11-18,Entertainment,1363,1000,False,True,True
1320,EMP0072,Sales,2026-01-15,Taxi,1045,1500,False,True,True
1321,EMP0072,Sales,2026-01-16,Meals,969,1000,False,True,True
1322,EMP0072,Sales,2026-01-14,Hotel,7829,8000,False,True,False
1323,EMP0042,Finance,2025-12-09,Hotel,6304,8000,False,True,True
1324,EMP0042,Finance,2025-12-12,Hotel,9278,8000,False,True,True
1325,EMP0063,Sales,2026-02-14,Entertainment,2397,1000,True,True,True
1326,EMP0063,Sales,2026-02-13,Taxi,1639,1500,False,True,True
1327,EMP0063,Sales,2026-02-13,Hotel,13246,8000,False,True,True
1328,EMP0027,Engineering,2025-12-17,Meals,610,1000,False,True,True
1329,EMP0027,Engineering,2025-12-14,Meals,767,1000,True,True,True
1330,EMP0027,Engineering,2025-12-14,Taxi,1791,1500,True,True,False
1331,EMP0096,Engineering,2025-12-18,Meals,1141,1000,False,True,True
1332,EMP0096,Engineering,2025-12-21,Taxi,1582,1500,True,False,False
1333,EMP0096,Engineering,2025-12-19,Entertainment,759,1000,False,True,True
1334,EMP0096,Engineering,2025-12-19,Meals,653,1000,False,True,True
1335,EMP0096,Engineering,2025-12-21,Taxi,1081,1500,True,True,True
1336,EMP0030,Marketing,2025-12-10,Taxi,1936,1500,False,False,False
1337,EMP0030,Marketing,2025-12-12,Entertainment,1142,1000,False,True,True
1338,EMP0030,Marketing,2025-12-10,Taxi,1641,1500,False,True,True
1339,EMP0030,Marketing,2025-12-10,Meals,610,1000,False,True,True
1340,EMP0030,Marketing,2025-12-09,Hotel,6078,8000,False,True,True
1341,EMP0080,Sales,2026-01-06,Entertainment,1038,1000,False,True,True
1342,EMP0080,Sales,2026-01-04,Entertainment,760,1000,True,True,True
1343,EMP0080,Sales,2026-01-03,Entertainment,1665,1000,True,True,True
1344,EMP0037,Finance,2025-12-13,Meals,860,1000,True,True,True
1345,EMP0037,Finance,2025-12-11,Meals,863,1000,False,True,True
1346,EMP0037,Finance,2025-12-10,Taxi,1151,1500,False,True,True
1347,EMP0082,Engineering,2026-01-15,Entertainment,1061,1000,False,True,True
1348,EMP0082,Engineering,2026-01-16,Meals,985,1000,False,True,True
1349,EMP0011,Marketing,2026-01-25,Entertainment,1444,1000,True,False,True
1350,EMP0011,Marketing,2026-01-26,Hotel,7876,8000,False,False,False
1351,EMP0107,Marketing,2025-11-04,Meals,618,1000,False,True,True
1352,EMP0107,Marketing,2025-11-04,Entertainment,1031,1000,False,False,True
1353,EMP0107,Marketing,2025-11-05,Taxi,970,1500,False,True,True
1354,EMP0071,Sales,2026-01-17,Entertainment,1099,1000,True,True,True
1355,EMP0071,Sales,2026-01-17,Hotel,6508,8000,True,True,True
1356,EMP0071,Sales,2026-01-15,Hotel,7432,8000,False,False,True
1357,EMP0071,Sales,2026-01-17,Entertainment,872,1000,True,True,True
1358,EMP0071,Sales,2026-01-15,Hotel,6639,8000,False,True,True
1359,EMP0013,Marketing,2025-11-01,Hotel,6858,8000,True,True,True
1360,EMP0013,Marketing,2025-11-01,Entertainment,1929,1000,True,True,True
1361,EMP0013,Marketing,2025-11-01,Meals,745,1000,True,True,True
1362,EMP0013,Marketing,2025-10-30,Meals,761,1000,False,True,True
1363,EMP0013,Marketing,2025-11-01,Taxi,1819,1500,True,False,True
1364,EMP0104,Marketing,2025-11-11,Taxi,1593,1500,False,False,True
1365,EMP0104,Marketing,2025-11-11,Hotel,8367,8000,False,True,True
1366,EMP0018,Marketing,2025-12-20,Meals,895,1000,True,True,True
1367,EMP0018,Marketing,2025-12-22,Meals,1018,1000,False,True,True
1368,EMP0018,Marketing,2025-12-19,Taxi,903,1500,False,True,True
1369,EMP0110,Engineering,2025-11-18,Hotel,6198,8000,False,True,True
1370,EMP0110,Engineering,2025-11-16,Meals,1110,1000,True,False,True
1371,EMP0110,Engineering,2025-11-15,Meals,921,1000,True,True,True
1372,EMP0099,HR,2026-02-17,Meals,930,1000,False,True,True
1373,EMP0099,HR,2026-02-15,Entertainment,1349,1000,True,True,True
1374,EMP0099,HR,2026-02-17,Meals,1153,1000,False,True,True
1375,EMP0029,HR,2026-02-08,Hotel,5838,8000,True,True,True
1376,EMP0029,HR,2026-02-07,Taxi,1422,1500,True,False,True
1377,EMP0029,HR,2026-02-09,Taxi,1193,1500,False,True,False
1378,EMP0029,HR,2026-02-09,Hotel,4998,8000,False,False,True
1379,EMP0029,HR,2026-02-09,Taxi,1089,1500,False,True,True
1380,EMP0104,HR,2025-11-14,Hotel,8385,8000,False,True,True
1381,EMP0104,HR,2025-11-13,Entertainment,853,1000,False,True,True
1382,EMP0104,HR,2025-11-14,Taxi,1372,1500,False,True,True
1383,EMP0104,HR,2025-11-13,Hotel,6870,8000,False,True,True
1384,EMP0095,Finance,2025-10-28,Hotel,9679,8000,False,True,True
1385,EMP0095,Finance,2025-10-27,Hotel,7427,8000,False,True,True
1386,EMP0095,Finance,2025-10-28,Hotel,9997,8000,False,True,True
1387,EMP0095,Finance,2025-10-28,Meals,1393,1000,False,True,True
1388,EMP0095,Finance,2025-10-26,Meals,828,1000,True,False,True
1389,EMP0067,Marketing,2025-12-23,Meals,823,1000,False,True,True
1390,EMP0067,Marketing,2025-12-22,Taxi,1376,1500,False,True,False
1391,EMP0067,Marketing,2025-12-21,Meals,1205,1000,True,True,False
1392,EMP0036,Marketing,2025-12-29,Taxi,1407,1500,False,True,True
1393,EMP0036,Marketing,2025-12-29,Taxi,1393,1500,False,True,True
1394,EMP0117,Engineering,2025-12-12,Meals,1054,1000,False,True,True
1395,EMP0117,Engineering,2025-12-12,Entertainment,975,1000,False,True,True
1396,EMP0117,Engineering,2025-12-11,Meals,655,1000,False,True,True
1397,EMP0010,HR,2025-11-27,Hotel,5538,8000,False,True,True
1398,EMP0010,HR,2025-11-26,Hotel,8024,8000,False,True,True
1399,EMP0010,HR,2025-11-26,Hotel,6914,8000,False,True,True
1400,EMP0054,Marketing,2025-11-06,Meals,915,1000,False,True,True
1401,EMP0054,Marketing,2025-11-05,Meals,1117,1000,False,False,True
1402,EMP0054,Marketing,2025-11-06,Taxi,1466,1500,False,True,True
1403,EMP0054,Marketing,2025-11-05,Hotel,6695,8000,False,True,True
1404,EMP0021,Engineering,2025-12-27,Hotel,6341,8000,True,True,True
1405,EMP0021,Engineering,2025-12-28,Taxi,1180,1500,True,True,True
1406,EMP0021,Engineering,2025-12-28,Entertainment,2496,1000,True,True,False
1407,EMP0052,HR,2026-01-11,Hotel,4856,8000,True,True,True
1408,EMP0052,HR,2026-01-13,Meals,720,1000,False,True,True
1409,EMP0052,HR,2026-01-10,Taxi,1226,1500,True,True,True
1410,EMP0052,HR,2026-01-11,Taxi,2336,1500,True,True,True
1411,EMP0052,HR,2026-01-11,Meals,1076,1000,True,True,True
1412,EMP0022,Engineering,2026-01-07,Taxi,2024,1500,False,True,True
1413,EMP0022,Engineering,2026-01-08,Entertainment,1102,1000,False,True,True
1414,EMP0077,HR,2025-11-20,Meals,727,1000,False,True,True
1415,EMP0077,HR,2025-11-20,Hotel,10746,8000,False,True,True
1416,EMP0077,HR,2025-11-21,Taxi,1610,1500,False,True,True
1417,EMP0106,Engineering,2025-11-03,Taxi,1928,1500,False,True,True
1418,EMP0106,Engineering,2025-11-05,Hotel,5274,8000,False,True,True
1419,EMP0106,Engineering,2025-11-05,Meals,902,1000,False,True,True
1420,EMP0106,Engineering,2025-11-05,Meals,879,1000,False,True,True
1421,EMP0106,Engineering,2025-11-02,Meals,965,1000,True,True,True
1422,EMP0017,HR,2026-02-06,Entertainment,1174,1000,False,True,True
1423,EMP0017,HR,2026-02-03,Hotel,7891,8000,False,True,True
1424,EMP0062,Finance,2026-01-07,Meals,921,1000,False,True,True
1425,EMP0062,Finance,2026-01-06,Meals,1351,1000,False,True,True
1426,EMP0062,Finance,2026-01-04,Entertainment,665,1000,True,True,True
1427,EMP0062,Finance,2026-01-05,Meals,972,1000,False,True,True
1428,EMP0062,Finance,2026-01-07,Taxi,1239,1500,False,True,True
1429,EMP0113,HR,2025-11-23,Meals,736,1000,True,True,True
1430,EMP0113,HR,2025-11-23,Meals,720,1000,True,True,True
1431,EMP0113,HR,2025-11-23,Entertainment,2310,1000,True,True,True
1432,EMP0113,HR,2025-11-22,Meals,1048,1000,True,True,True
1433,EMP0089,Marketing,2025-12-07,Taxi,1030,1500,True,True,True
1434,EMP0089,Marketing,2025-12-09,Meals,861,1000,False,True,True
1435,EMP0089,Marketing,2025-12-07,Meals,868,1000,True,True,True
1436,EMP0088,Finance,2025-12-15,Entertainment,900,1000,False,True,True
1437,EMP0088,Finance,2025-12-15,Hotel,8136,8000,False,True,True
1438,EMP0088,Finance,2025-12-12,Meals,1083,1000,False,True,True
1439,EMP0088,Finance,2025-12-14,Taxi,2270,1500,True,True,True
1440,EMP0088,Finance,2025-12-13,Meals,955,1000,True,True,True
1441,EMP0100,Finance,2025-11-09,Taxi,1171,1500,True,True,True
1442,EMP0100,Finance,2025-11-09,Hotel,6153,8000,True,True,True
1443,EMP0101,Marketing,2026-01-08,Meals,819,1000,False,True,True
1444,EMP0101,Marketing,2026-01-08,Hotel,8185,8000,False,True,True
1445,EMP0101,Marketing,2026-01-10,Hotel,8494,8000,True,True,True
1446,EMP0101,Marketing,2026-01-10,Taxi,1496,1500,True,False,True
1447,EMP0101,Marketing,2026-01-07,Taxi,1510,1500,False,False,True
1448,EMP0061,HR,2025-11-01,Hotel,6007,8000,True,False,True
1449,EMP0061,HR,2025-11-02,Hotel,12186,8000,True,True,True
1450,EMP0061,HR,2025-11-01,Hotel,11066,8000,True,True,True
1451,EMP0061,HR,2025-11-01,Entertainment,900,1000,True,True,False
1452,EMP0067,Marketing,2026-01-05,Hotel,8166,8000,False,True,False
1453,EMP0067,Marketing,2026-01-08,Hotel,8507,8000,False,True,True
1454,EMP0067,Marketing,2026-01-05,Entertainment,614,1000,False,True,True
1455,EMP0067,Marketing,2026-01-08,Entertainment,964,1000,False,True,True
1456,EMP0067,Engineering,2025-11-11,Entertainment,1464,1000,False,True,True
1457,EMP0067,Engineering,2025-11-11,Taxi,932,1500,False,True,False
1458,EMP0067,Engineering,2025-11-11,Entertainment,640,1000,False,True,True
1459,EMP0046,Finance,2026-01-05,Meals,610,1000,False,True,True
1460,EMP0046,Finance,2026-01-04,Hotel,8191,8000,True,True,True
1461,EMP0046,Finance,2026-01-07,Taxi,1570,1500,False,True,True
1462,EMP0046,Finance,2026-01-05,Taxi,2230,1500,False,True,True
1463,EMP0046,Finance,2026-01-06,Hotel,8751,8000,False,True,True
1464,EMP0045,Marketing,2025-11-21,Meals,638,1000,False,True,True
1465,EMP0045,Marketing,2025-11-21,Taxi,2107,1500,False,True,True
1466,EMP0065,Marketing,2025-11-06,Taxi,1912,1500,False,True,True
1467,EMP0065,Marketing,2025-11-07,Taxi,1063,1500,False,True,True
1468,EMP0065,Marketing,2025-11-04,Entertainment,795,1000,False,True,True
1469,EMP0065,Marketing,2025-11-04,Entertainment,849,1000,False,True,True
1470,EMP0065,Marketing,2025-11-04,Entertainment,794,1000,False,True,True
1471,EMP0097,Marketing,2026-01-16,Entertainment,835,1000,False,True,True
1472,EMP0097,Marketing,2026-01-18,Meals,944,1000,True,True,True
1473,EMP0029,Engineering,2025-12-14,Taxi,1286,1500,True,True,True
1474,EMP0029,Engineering,2025-12-12,Entertainment,676,1000,False,False,True
1475,EMP0029,Engineering,2025-12-13,Entertainment,1055,1000,True,True,True
1476,EMP0029,Engineering,2025-12-13,Meals,761,1000,True,True,True
1477,EMP0096,Marketing,2026-01-02,Hotel,8392,8000,False,True,True
1478,EMP0096,Marketing,2025-12-31,Entertainment,1187,1000,False,True,True
1479,EMP0096,Marketing,2026-01-01,Taxi,1093,1500,False,True,True
1480,EMP0096,Marketing,2025-12-31,Taxi,970,1500,False,True,True
1481,EMP0026,Engineering,2025-11-23,Hotel,6885,8000,True,True,True
1482,EMP0026,Engineering,2025-11-22,Hotel,6249,8000,True,True,True
1483,EMP0118,Sales,2026-01-14,Meals,951,1000,False,True,True
1484,EMP0118,Sales,2026-01-13,Taxi,1213,1500,False,True,True
1485,EMP0118,Sales,2026-01-14,Hotel,8537,8000,False,True,True
1486,EMP0118,Sales,2026-01-14,Hotel,7626,8000,False,True,True
1487,EMP0048,HR,2025-12-24,Entertainment,967,1000,False,True,True
1488,EMP0048,HR,2025-12-23,Entertainment,805,1000,False,True,True
1489,EMP0048,HR,2025-12-25,Taxi,2234,1500,False,True,True
1490,EMP0097,HR,2025-10-29,Entertainment,980,1000,False,False,True
1491,EMP0097,HR,2025-10-28,Meals,946,1000,False,True,True
1492,EMP0097,HR,2025-10-30,Taxi,1208,1500,False,False,True
1493,EMP0097,HR,2025-10-27,Hotel,8719,8000,False,True,True
1494,EMP0041,Sales,2026-01-17,Meals,1199,1000,True,True,True
1495,EMP0041,Sales,2026-01-15,Hotel,6079,8000,False,True,True
1496,EMP0041,Sales,2026-01-15,Meals,854,1000,False,True,True
1497,EMP0041,Sales,2026-01-15,Meals,921,1000,False,True,True
1498,EMP0061,HR,2025-12-07,Meals,720,1000,True,True,True
1499,EMP0061,HR,2025-12-07,Hotel,7901,8000,True,True,True
1500,EMP0061,HR,2025-12-08,Meals,988,1000,False,True,True
1501,EMP0058,Engineering,2025-11-08,Entertainment,663,1000,True,True,True
1502,EMP0058,Engineering,2025-11-07,Entertainment,1119,1000,False,True,True
1503,EMP0049,Engineering,2026-02-02,Entertainment,704,1000,False,False,True
1504,EMP0049,Engineering,2026-02-03,Hotel,8410,8000,False,True,True
1505,EMP0049,Engineering,2026-02-02,Taxi,1031,1500,False,True,True
1506,EMP0041,Finance,2025-11-24,Taxi,915,1500,False,True,True
1507,EMP0041,Finance,2025-11-23,Taxi,1630,1500,True,True,False
1508,EMP0041,Finance,2025-11-24,Taxi,1559,1500,False,True,True
1509,EMP0013,Finance,2025-12-05,Hotel,5933,8000,False,True,True
1510,EMP0013,Finance,2025-12-05,Hotel,6112,8000,False,True,True
1511,EMP0013,Finance,2025-12-02,Entertainment,618,1000,False,True,True
1512,EMP0053,Sales,2026-02-11,Entertainment,1092,1000,False,True,True
1513,EMP0053,Sales,2026-02-12,Hotel,6518,8000,False,True,True
1514,EMP0053,Sales,2026-02-12,Meals,950,1000,False,False,True
1515,EMP0053,Sales,2026-02-09,Hotel,5140,8000,False,True,True
1516,EMP0053,Sales,2026-02-10,Meals,999,1000,False,False,True
1517,EMP0063,Finance,2025-12-10,Meals,796,1000,False,True,True
1518,EMP0063,Finance,2025-12-10,Meals,638,1000,False,True,True
1519,EMP0063,Finance,2025-12-11,Meals,845,1000,False,True,True
1520,EMP0063,Finance,2025-12-09,Entertainment,742,1000,False,False,True
1521,EMP0063,Finance,2025-12-10,Hotel,4874,8000,False,False,True
1522,EMP0052,Sales,2025-11-13,Taxi,1206,1500,False,True,True
1523,EMP0052,Sales,2025-11-12,Taxi,934,1500,False,True,True
1524,EMP0057,Marketing,2026-01-04,Hotel,6686,8000,True,True,True
1525,EMP0057,Marketing,2026-01-04,Hotel,7515,8000,True,True,True
1526,EMP0057,Marketing,2026-01-06,Entertainment,1035,1000,False,True,True
1527,EMP0096,Sales,2025-11-11,Taxi,1371,1500,False,True,True
1528,EMP0096,Sales,2025-11-14,Entertainment,1029,1000,False,True,True
1529,EMP0096,Sales,2025-11-12,Taxi,914,1500,False,True,True
1530,EMP0096,Sales,2025-11-14,Entertainment,874,1000,False,True,False
1531,EMP0096,Sales,2025-11-11,Entertainment,979,1000,False,True,True
1532,EMP0068,Sales,2025-11-25,Hotel,6896,8000,False,True,True
1533,EMP0068,Sales,2025-11-26,Taxi,1010,1500,False,True,True
1534,EMP0068,Sales,2025-11-25,Taxi,1058,1500,False,True,True
1535,EMP0068,Sales,2025-11-24,Hotel,5730,8000,False,True,True
1536,EMP0068,Sales,2025-11-25,Entertainment,819,1000,False,True,True
1537,EMP0022,Sales,2026-01-14,Hotel,8152,8000,False,True,True
1538,EMP0022,Sales,2026-01-16,Hotel,11393,8000,False,True,True
1539,EMP0090,HR,2026-01-06,Hotel,7586,8000,False,False,True
1540,EMP0090,HR,2026-01-07,Hotel,5859,8000,False,True,True
1541,EMP0090,HR,2026-01-06,Taxi,1387,1500,False,True,True
1542,EMP0090,HR,2026-01-06,Entertainment,1024,1000,False,True,True
1543,EMP0090,HR,2026-01-05,Meals,838,1000,False,True,True
1544,EMP0030,Sales,2025-11-29,Entertainment,1079,1000,True,True,True
1545,EMP0030,Sales,2025-11-30,Taxi,1687,1500,True,True,True
1546,EMP0030,Sales,2025-11-29,Entertainment,1410,1000,True,True,True
1547,EMP0030,Sales,2025-12-02,Meals,786,1000,False,True,True
1548,EMP0061,HR,2026-01-19,Taxi,1083,1500,False,True,True
1549,EMP0061,HR,2026-01-19,Hotel,5784,8000,False,False,True
1550,EMP0061,HR,2026-01-20,Entertainment,1200,1000,False,False,True
1551,EMP0061,HR,2026-01-19,Meals,833,1000,False,True,True
1552,EMP0102,Sales,2025-12-09,Entertainment,892,1000,False,True,True
1553,EMP0102,Sales,2025-12-10,Meals,1016,1000,False,True,True
1554,EMP0011,Finance,2025-11-23,Entertainment,2126,1000,True,True,True
1555,EMP0011,Finance,2025-11-23,Meals,855,1000,True,True,True
1556,EMP0011,Finance,2025-11-23,Hotel,7484,8000,True,True,True
1557,EMP0011,Finance,2025-11-20,Entertainment,970,1000,False,True,True
1558,EMP0110,Sales,2025-11-07,Meals,954,1000,False,True,True
1559,EMP0110,Sales,2025-11-10,Entertainment,811,1000,False,True,True
1560,EMP0110,Sales,2025-11-08,Hotel,7292,8000,True,False,True
1561,EMP0110,Sales,2025-11-09,Meals,633,1000,True,True,True
1562,EMP0069,Sales,2025-11-05,Hotel,6604,8000,False,True,True
1563,EMP0069,Sales,2025-11-06,Taxi,1449,1500,False,True,True
1564,EMP0069,Sales,2025-11-04,Taxi,901,1500,False,True,True
1565,EMP0069,Sales,2025-11-04,Entertainment,991,1000,False,True,True
1566,EMP0028,Marketing,2025-12-02,Hotel,6040,8000,False,True,True
1567,EMP0028,Marketing,2025-11-29,Entertainment,1594,1000,True,True,True
1568,EMP0010,HR,2025-11-15,Entertainment,1050,1000,True,True,True
1569,EMP0010,HR,2025-11-15,Entertainment,918,1000,True,True,True
1570,EMP0010,HR,2025-11-15,Meals,952,1000,True,False,False
1571,EMP0010,HR,2025-11-15,Hotel,6244,8000,True,False,True
1572,EMP0032,Sales,2025-12-20,Hotel,11083,8000,True,False,True
1573,EMP0032,Sales,2025-12-20,Entertainment,1348,1000,True,True,True
1574,EMP0032,Sales,2025-12-18,Entertainment,1009,1000,False,True,True
1575,EMP0032,Sales,2025-12-20,Entertainment,2550,1000,True,True,True
1576,EMP0032,Sales,2025-12-18,Meals,686,1000,False,True,False
1577,EMP0096,HR,2025-11-05,Meals,747,1000,False,True,True
1578,EMP0096,HR,2025-11-07,Taxi,1282,1500,False,True,True
1579,EMP0096,HR,2025-11-07,Taxi,907,1500,False,True,True
1580,EMP0096,HR,2025-11-08,Meals,780,1000,True,True,True
1581,EMP0015,Engineering,2025-12-18,Hotel,5749,8000,False,True,True
1582,EMP0015,Engineering,2025-12-16,Meals,1224,1000,False,True,False
1583,EMP0015,Engineering,2025-12-17,Taxi,1014,1500,False,True,False
1584,EMP0015,Engineering,2025-12-15,Meals,1196,1000,False,True,True
1585,EMP0015,Engineering,2025-12-15,Meals,629,1000,False,True,True
1586,EMP0002,Sales,2026-01-31,Entertainment,666,1000,True,True,True
1587,EMP0002,Sales,2026-01-30,Entertainment,943,1000,False,True,False
1588,EMP0002,Sales,2026-01-30,Hotel,7401,8000,False,True,True
1589,EMP0088,HR,2026-02-18,Meals,915,1000,False,True,True
1590,EMP0088,HR,2026-02-17,Meals,772,1000,False,True,True
1591,EMP0088,HR,2026-02-20,Taxi,1446,1500,False,True,True
1592,EMP0041,HR,2026-01-25,Meals,1080,1000,True,False,True
1593,EMP0041,HR,2026-01-28,Taxi,1451,1500,False,True,True
1594,EMP0041,HR,2026-01-26,Meals,1207,1000,False,False,True
1595,EMP0006,Finance,2025-12-17,Meals,1056,1000,False,True,True
1596,EMP0006,Finance,2025-12-18,Meals,1379,1000,False,True,True
1597,EMP0006,Finance,2025-12-18,Taxi,1564,1500,False,False,True
1598,EMP0006,Finance,2025-12-16,Taxi,2227,1500,False,True,False
1599,EMP0060,Marketing,2026-02-18,Hotel,8651,8000,False,True,False
1600,EMP0060,Marketing,2026-02-17,Taxi,1720,1500,False,True,True
1601,EMP0060,Marketing,2026-02-18,Hotel,6190,8000,False,False,True
1602,EMP0060,Marketing,2026-02-15,Entertainment,1025,1000,True,False,True
1603,EMP0059,Sales,2025-12-24,Meals,999,1000,False,True,True
1604,EMP0059,Sales,2025-12-27,Taxi,1523,1500,True,True,False
1605,EMP0009,HR,2025-11-15,Meals,854,1000,True,True,True
1606,EMP0009,HR,2025-11-16,Taxi,1447,1500,True,False,True
1607,EMP0009,Sales,2025-11-12,Meals,729,1000,False,True,False
1608,EMP0009,Sales,2025-11-14,Entertainment,820,1000,False,True,True
1609,EMP0009,Sales,2025-11-15,Hotel,8070,8000,True,True,True
1610,EMP0009,Sales,2025-11-15,Hotel,4831,8000,True,False,True
1611,EMP0068,HR,2026-01-06,Hotel,6319,8000,False,True,True
1612,EMP0068,HR,2026-01-05,Entertainment,1220,1000,False,True,True
1613,EMP0068,HR,2026-01-05,Entertainment,722,1000,False,True,True
1614,EMP0068,HR,2026-01-07,Taxi,1301,1500,False,False,True
1615,EMP0068,HR,2026-01-07,Hotel,6809,8000,False,True,True
1616,EMP0027,Finance,2025-12-21,Hotel,7736,8000,True,True,True
1617,EMP0027,Finance,2025-12-19,Entertainment,715,1000,False,True,True
1618,EMP0027,Finance,2025-12-21,Taxi,1891,1500,True,True,True
1619,EMP0006,Sales,2025-10-30,Taxi,2363,1500,False,False,True
1620,EMP0006,Sales,2025-11-02,Entertainment,821,1000,True,True,True
1621,EMP0006,Sales,2025-11-02,Hotel,5828,8000,True,True,True
1622,EMP0006,Sales,2025-10-30,Taxi,1475,1500,False,True,True
1623,EMP0006,Sales,2025-11-02,Hotel,6917,8000,True,False,True
1624,EMP0032,HR,2025-11-14,Entertainment,968,1000,False,True,True
1625,EMP0032,HR,2025-11-12,Entertainment,642,1000,False,True,True
1626,EMP0086,Finance,2025-11-13,Entertainment,672,1000,False,True,True
1627,EMP0086,Finance,2025-11-13,Entertainment,986,1000,False,True,True
1628,EMP0086,Finance,2025-11-13,Meals,817,1000,False,False,True
1629,EMP0041,HR,2026-02-06,Taxi,1973,1500,False,True,True
1630,EMP0041,HR,2026-02-07,Taxi,1228,1500,True,True,True
1631,EMP0049,HR,2025-11-22,Hotel,8514,8000,True,True,True
1632,EMP0049,HR,2025-11-23,Taxi,1339,1500,True,True,True
1633,EMP0049,HR,2025-11-24,Hotel,8525,8000,False,True,True
1634,EMP0049,HR,2025-11-23,Hotel,4992,8000,True,True,False
1635,EMP0049,HR,2025-11-22,Taxi,980,1500,True,True,True
1636,EMP0114,Marketing,2025-12-01,Hotel,7755,8000,False,True,True
1637,EMP0114,Marketing,2025-11-29,Meals,1090,1000,True,False,False
1638,EMP0114,Marketing,2025-11-29,Entertainment,1030,1000,True,False,True
1639,EMP0114,Marketing,2025-11-29,Meals,793,1000,True,True,True
1640,EMP0066,HR,2026-02-18,Hotel,5954,8000,False,True,True
1641,EMP0066,HR,2026-02-19,Meals,1535,1000,False,True,True
1642,EMP0066,HR,2026-02-16,Meals,828,1000,False,True,True
1643,EMP0066,HR,2026-02-18,Taxi,971,1500,False,True,True
1644,EMP0066,HR,2026-02-19,Meals,1058,1000,False,True,True
1645,EMP0114,HR,2025-11-22,Taxi,1104,1500,True,True,True
1646,EMP0114,HR,2025-11-22,Meals,609,1000,True,True,True
1647,EMP0114,HR,2025-11-21,Entertainment,711,1000,False,True,True
1648,EMP0093,Marketing,2025-11-15,Taxi,1885,1500,True,True,True
1649,EMP0093,Marketing,2025-11-15,Meals,802,1000,True,True,True
1650,EMP0100,Sales,2025-12-06,Entertainment,896,1000,True,True,True
1651,EMP0100,Sales,2025-12-06,Taxi,1246,1500,True,True,True
1652,EMP0100,Sales,2025-12-05,Taxi,1397,1500,False,True,True
1653,EMP0100,Sales,2025-12-05,Hotel,5491,8000,False,True,True
1654,EMP0082,Finance,2025-11-29,Taxi,1067,1500,True,False,True
1655,EMP0082,Finance,2025-11-29,Taxi,1195,1500,True,True,True
1656,EMP0082,Finance,2025-11-30,Taxi,1452,1500,True,True,True
1657,EMP0082,Finance,2025-12-02,Taxi,1460,1500,False,True,False
1658,EMP0082,Finance,2025-12-02,Meals,1249,1000,False,True,False
1659,EMP0051,Finance,2026-01-05,Entertainment,683,1000,False,True,True
1660,EMP0051,Finance,2026-01-05,Taxi,1118,1500,False,True,True
1661,EMP0074,Sales,2025-12-13,Meals,964,1000,True,True,True
1662,EMP0074,Sales,2025-12-13,Entertainment,1310,1000,True,True,True
1663,EMP0074,Sales,2025-12-13,Hotel,6291,8000,True,True,True
1664,EMP0074,Sales,2025-12-14,Entertainment,1315,1000,True,True,True
1665,EMP0074,Sales,2025-12-14,Meals,974,1000,True,True,True
1666,EMP0026,Finance,2026-01-15,Meals,871,1000,False,True,True
1667,EMP0026,Finance,2026-01-12,Taxi,1198,1500,False,True,True
1668,EMP0026,Finance,2026-01-15,Entertainment,822,1000,False,True,True
1669,EMP0026,Finance,2026-01-15,Hotel,8799,8000,False,True,True
1670,EMP0119,HR,2025-11-07,Meals,889,1000,False,True,True
1671,EMP0119,HR,2025-11-05,Entertainment,1000,1000,False,True,True
1672,EMP0119,HR,2025-11-06,Meals,694,1000,False,False,True
1673,EMP0119,HR,2025-11-06,Hotel,8702,8000,False,True,True
1674,EMP0119,HR,2025-11-06,Entertainment,839,1000,False,True,True
1675,EMP0099,Marketing,2025-12-04,Taxi,1047,1500,False,False,True
1676,EMP0099,Marketing,2025-12-07,Meals,936,1000,True,True,True
1677,EMP0097,Sales,2026-01-26,Entertainment,1012,1000,False,False,True
1678,EMP0097,Sales,2026-01-24,Hotel,8387,8000,True,True,True
1679,EMP0097,Sales,2026-01-24,Meals,1043,1000,True,True,True
1680,EMP0097,Sales,2026-01-23,Meals,1005,1000,False,False,True
1681,EMP0040,Finance,2025-10-25,Meals,1412,1000,True,True,True
1682,EMP0040,Finance,2025-10-26,Meals,994,1000,True,True,True
1683,EMP0040,Finance,2025-10-25,Taxi,1195,1500,True,True,False
1684,EMP0019,Sales,2026-01-05,Hotel,11207,8000,False,True,True
1685,EMP0019,Sales,2026-01-03,Meals,860,1000,True,True,True
1686,EMP0019,Sales,2026-01-03,Taxi,1060,1500,True,True,False
1687,EMP0019,Sales,2026-01-04,Taxi,943,1500,True,True,True
1688,EMP0002,Sales,2026-01-16,Hotel,6851,8000,False,True,True
1689,EMP0002,Sales,2026-01-13,Hotel,5840,8000,False,True,False
1690,EMP0002,Sales,2026-01-14,Taxi,1048,1500,False,False,True
1691,EMP0066,Sales,2025-12-25,Entertainment,684,1000,False,True,True
1692,EMP0066,Sales,2025-12-25,Hotel,8480,8000,False,True,True
1693,EMP0040,Marketing,2025-12-13,Hotel,6541,8000,True,True,True
1694,EMP0040,Marketing,2025-12-12,Entertainment,601,1000,False,True,True
1695,EMP0008,Marketing,2026-02-11,Entertainment,1204,1000,False,True,True
1696,EMP0008,Marketing,2026-02-13,Meals,651,1000,False,True,True
1697,EMP0008,Marketing,2026-02-14,Entertainment,1022,1000,True,True,True
1698,EMP0008,Marketing,2026-02-11,Taxi,1629,1500,False,True,True
1699,EMP0008,Marketing,2026-02-11,Entertainment,793,1000,False,True,True
1700,EMP0087,HR,2026-01-17,Meals,749,1000,True,True,True
1701,EMP0087,HR,2026-01-16,Hotel,8180,8000,False,True,True
1702,EMP0087,HR,2026-01-17,Hotel,7118,8000,True,True,True
1703,EMP0087,HR,2026-01-18,Meals,1379,1000,True,False,True
1704,EMP0087,HR,2026-01-17,Taxi,1525,1500,True,True,True
1705,EMP0043,Finance,2025-11-08,Hotel,7970,8000,True,True,True
1706,EMP0043,Finance,2025-11-07,Entertainment,986,1000,False,True,True
1707,EMP0068,Engineering,2026-02-14,Entertainment,602,1000,True,True,True
1708,EMP0068,Engineering,2026-02-16,Hotel,6152,8000,False,True,True
1709,EMP0068,Engineering,2026-02-14,Taxi,1133,1500,True,True,True
1710,EMP0068,Engineering,2026-02-15,Meals,1055,1000,True,True,True
1711,EMP0019,Sales,2026-02-11,Meals,769,1000,False,True,True
1712,EMP0019,Sales,2026-02-10,Hotel,8228,8000,False,True,True
1713,EMP0019,Sales,2026-02-10,Hotel,8373,8000,False,True,False
1714,EMP0019,Sales,2026-02-10,Hotel,6119,8000,False,True,True
1715,EMP0019,Sales,2026-02-11,Taxi,1079,1500,False,True,True
1716,EMP0017,Engineering,2026-01-29,Hotel,6659,8000,False,False,True
1717,EMP0017,Engineering,2026-01-27,Taxi,1132,1500,False,True,True
1718,EMP0017,Engineering,2026-01-27,Hotel,8171,8000,False,True,True
1719,EMP0017,Engineering,2026-01-27,Entertainment,688,1000,False,True,True
1720,EMP0017,Engineering,2026-01-28,Hotel,8449,8000,False,False,True
1721,EMP0062,Engineering,2026-02-06,Meals,751,1000,False,True,True
1722,EMP0062,Engineering,2026-02-09,Taxi,1444,1500,False,True,True
1723,EMP0062,Engineering,2026-02-09,Taxi,914,1500,False,True,True
1724,EMP0062,Engineering,2026-02-08,Hotel,8070,8000,True,True,True
1725,EMP0005,Finance,2026-02-16,Meals,625,1000,False,True,True
1726,EMP0005,Finance,2026-02-18,Hotel,5959,8000,False,True,True
1727,EMP0057,HR,2026-01-18,Entertainment,793,1000,True,True,False
1728,EMP0057,HR,2026-01-18,Meals,889,1000,True,True,True
1729,EMP0057,HR,2026-01-20,Taxi,908,1500,False,True,True
1730,EMP0057,HR,2026-01-20,Entertainment,633,1000,False,False,True
1731,EMP0057,HR,2026-01-17,Hotel,7299,8000,True,False,True
1732,EMP0051,HR,2026-01-05,Taxi,930,1500,False,True,True
1733,EMP0051,HR,2026-01-03,Hotel,6304,8000,True,True,True
1734,EMP0051,HR,2026-01-02,Hotel,11807,8000,False,True,False
1735,EMP0051,HR,2026-01-03,Meals,876,1000,True,True,True
1736,EMP0051,HR,2026-01-03,Hotel,7597,8000,True,False,True
1737,EMP0106,Sales,2025-12-27,Entertainment,726,1000,True,True,True
1738,EMP0106,Sales,2025-12-28,Hotel,7630,8000,True,True,True
1739,EMP0106,Sales,2025-12-27,Entertainment,770,1000,True,True,True
1740,EMP0114,Marketing,2025-12-21,Entertainment,1092,1000,True,False,True
1741,EMP0114,Marketing,2025-12-21,Taxi,1298,1500,True,True,True
1742,EMP0083,Finance,2026-01-22,Taxi,1171,1500,False,False,True
1743,EMP0083,Finance,2026-01-23,Meals,723,1000,False,True,True
1744,EMP0115,Engineering,2025-11-03,Taxi,1500,1500,False,False,False
1745,EMP0115,Engineering,2025-11-04,Hotel,6340,8000,False,True,True
1746,EMP0115,Engineering,2025-11-02,Meals,1043,1000,True,True,True
1747,EMP0082,Marketing,2025-12-30,Hotel,8490,8000,False,True,True
1748,EMP0082,Marketing,2025-12-30,Hotel,5437,8000,False,True,True
1749,EMP0082,Marketing,2025-12-29,Meals,1000,1000,False,True,True
1750,EMP0082,Marketing,2025-12-27,Entertainment,836,1000,True,True,True
1751,EMP0112,Engineering,2026-02-10,Entertainment,870,1000,False,True,True
1752,EMP0112,Engineering,2026-02-09,Meals,689,1000,False,True,True
1753,EMP0112,Engineering,2026-02-10,Meals,940,1000,False,True,True
1754,EMP0026,Sales,2026-01-28,Taxi,1174,1500,False,True,True
1755,EMP0026,Sales,2026-01-26,Entertainment,627,1000,False,True,True
1756,EMP0026,Sales,2026-01-28,Hotel,9170,8000,False,True,True
1757,EMP0026,Sales,2026-01-28,Hotel,5903,8000,False,True,True
1758,EMP0026,Sales,2026-01-29,Meals,867,1000,False,True,True
1759,EMP0028,HR,2025-12-20,Entertainment,886,1000,True,True,True
1760,EMP0028,HR,2025-12-23,Entertainment,867,1000,False,True,True
1761,EMP0028,HR,2025-12-22,Taxi,1234,1500,False,True,True
1762,EMP0081,HR,2025-10-29,Taxi,1853,1500,False,True,True
1763,EMP0081,HR,2025-10-30,Meals,848,1000,False,False,True
1764,EMP0039,Marketing,2025-10-29,Entertainment,794,1000,False,True,True
1765,EMP0039,Marketing,2025-10-28,Taxi,1078,1500,False,False,True
1766,EMP0072,Engineering,2026-01-25,Taxi,1465,1500,True,True,True
1767,EMP0072,Engineering,2026-01-26,Meals,867,1000,False,False,False
1768,EMP0108,HR,2025-11-30,Meals,1021,1000,True,True,True
1769,EMP0108,HR,2025-11-27,Entertainment,1052,1000,False,True,True
1770,EMP0027,Engineering,2025-10-29,Taxi,1124,1500,False,True,True
1771,EMP0027,Engineering,2025-10-31,Entertainment,665,1000,False,True,True
1772,EMP0120,Marketing,2026-01-08,Entertainment,926,1000,False,False,False
1773,EMP0120,Marketing,2026-01-07,Hotel,7838,8000,False,True,True
1774,EMP0064,Finance,2026-02-13,Taxi,1043,1500,False,True,True
1775,EMP0064,Finance,2026-02-14,Taxi,2049,1500,True,True,True
1776,EMP0064,Finance,2026-02-14,Taxi,1464,1500,True,True,True
1777,EMP0027,HR,2025-12-12,Entertainment,981,1000,False,False,True
1778,EMP0027,HR,2025-12-13,Taxi,1119,1500,True,True,True
1779,EMP0009,Marketing,2025-12-26,Meals,894,1000,False,True,True
1780,EMP0009,Marketing,2025-12-26,Entertainment,1039,1000,False,True,False
1781,EMP0004,Engineering,2025-12-04,Entertainment,886,1000,False,True,True
1782,EMP0004,Engineering,2025-12-02,Meals,958,1000,False,True,False
1783,EMP0004,Engineering,2025-12-04,Meals,674,1000,False,False,True
1784,EMP0111,HR,2025-12-20,Entertainment,798,1000,True,False,True
1785,EMP0111,HR,2025-12-19,Meals,917,1000,False,True,True
1786,EMP0111,HR,2025-12-20,Entertainment,1089,1000,True,True,True
1787,EMP0111,HR,2025-12-20,Entertainment,887,1000,True,False,True
1788,EMP0111,HR,2025-12-22,Taxi,1413,1500,False,True,True
1789,EMP0043,Marketing,2025-11-10,Taxi,1961,1500,False,True,False
1790,EMP0043,Marketing,2025-11-12,Taxi,1446,1500,False,True,True
1791,EMP0024,HR,2026-02-08,Entertainment,887,1000,True,True,True
1792,EMP0024,HR,2026-02-08,Hotel,8258,8000,True,True,True
1793,EMP0024,HR,2026-02-09,Hotel,8168,8000,False,True,True
1794,EMP0039,Engineering,2025-11-29,Taxi,1999,1500,True,True,True
1795,EMP0039,Engineering,2025-12-01,Meals,821,1000,False,False,False
1796,EMP0004,Finance,2025-11-11,Entertainment,1077,1000,False,True,True
1797,EMP0004,Finance,2025-11-10,Taxi,1454,1500,False,False,True
1798,EMP0004,Finance,2025-11-10,Taxi,1285,1500,False,True,True
1799,EMP0106,HR,2025-11-07,Meals,723,1000,False,True,True
1800,EMP0106,HR,2025-11-06,Entertainment,690,1000,False,True,True
1801,EMP0106,HR,2025-11-08,Entertainment,1398,1000,True,True,True
1802,EMP0088,HR,2025-12-02,Entertainment,720,1000,False,True,True
1803,EMP0088,HR,2025-12-03,Meals,896,1000,False,True,True
1804,EMP0088,HR,2025-12-04,Taxi,1143,1500,False,True,True
1805,EMP0088,HR,2025-12-02,Taxi,1612,1500,False,True,True
1806,EMP0088,HR,2025-12-05,Taxi,1635,1500,False,True,True
1807,EMP0082,Engineering,2025-11-17,Entertainment,716,1000,False,True,True
1808,EMP0082,Engineering,2025-11-15,Meals,1022,1000,True,True,True
1809,EMP0021,Marketing,2025-10-23,Taxi,1446,1500,False,False,False
1810,EMP0021,Marketing,2025-10-25,Meals,655,1000,True,False,True
1811,EMP0115,Marketing,2025-12-19,Meals,816,1000,False,False,True
1812,EMP0115,Marketing,2025-12-18,Entertainment,1218,1000,False,True,True
1813,EMP0115,Marketing,2025-12-18,Meals,1045,1000,False,True,True
1814,EMP0115,Marketing,2025-12-19,Meals,995,1000,False,True,True
1815,EMP0115,Marketing,2025-12-18,Hotel,7470,8000,False,True,True
1816,EMP0012,Finance,2025-11-13,Entertainment,946,1000,False,False,True
1817,EMP0012,Finance,2025-11-12,Meals,622,1000,False,True,True
1818,EMP0012,Finance,2025-11-12,Meals,966,1000,False,True,True
1819,EMP0012,Finance,2025-11-13,Meals,619,1000,False,False,True
1820,EMP0098,Finance,2025-11-06,Entertainment,803,1000,False,True,True
1821,EMP0098,Finance,2025-11-08,Meals,1066,1000,True,True,True
1822,EMP0098,Finance,2025-11-09,Meals,767,1000,True,True,True
1823,EMP0098,Finance,2025-11-09,Hotel,7660,8000,True,True,True
1824,EMP0098,Finance,2025-11-06,Meals,936,1000,False,True,True
1825,EMP0029,Engineering,2025-11-24,Hotel,6206,8000,False,True,True
1826,EMP0029,Engineering,2025-11-24,Meals,624,1000,False,True,True
1827,EMP0029,Engineering,2025-11-23,Taxi,1381,1500,True,True,True
1828,EMP0004,Sales,2025-11-04,Hotel,5840,8000,False,True,False
1829,EMP0004,Sales,2025-11-07,Hotel,9398,8000,False,True,True
1830,EMP0004,Sales,2025-11-07,Meals,752,1000,False,True,True
1831,EMP0004,Sales,2025-11-07,Taxi,1055,1500,False,False,True
1832,EMP0004,Sales,2025-11-07,Meals,704,1000,False,True,True
1833,EMP0102,Sales,2026-01-03,Taxi,1148,1500,True,True,True
1834,EMP0102,Sales,2026-01-03,Hotel,10212,8000,True,True,True
1835,EMP0102,Sales,2025-12-31,Hotel,9792,8000,False,True,True
1836,EMP0102,Sales,2025-12-31,Entertainment,1504,1000,False,True,True
1837,EMP0050,Sales,2025-11-18,Taxi,1226,1500,False,True,True
1838,EMP0050,Sales,2025-11-17,Meals,884,1000,False,True,True
1839,EMP0050,Sales,2025-11-17,Hotel,7765,8000,False,True,True
1840,EMP0050,Sales,2025-11-17,Taxi,1294,1500,False,True,True
1841,EMP0095,HR,2025-11-05,Taxi,1134,1500,False,True,True
1842,EMP0095,HR,2025-11-07,Meals,945,1000,False,True,False
1843,EMP0105,HR,2025-12-03,Taxi,1209,1500,False,True,True
1844,EMP0105,HR,2025-12-03,Entertainment,649,1000,False,True,True
1845,EMP0105,HR,2025-12-04,Entertainment,988,1000,False,True,True
1846,EMP0105,HR,2025-12-01,Entertainment,664,1000,False,True,True
1847,EMP0105,HR,2025-12-04,Hotel,8212,8000,False,True,True
1848,EMP0085,Engineering,2025-12-30,Meals,651,1000,False,True,True
1849,EMP0085,Engineering,2025-12-30,Meals,634,1000,False,True,True
1850,EMP0085,Engineering,2025-12-29,Meals,999,1000,False,True,True
1851,EMP0085,Engineering,2025-12-31,Meals,999,1000,False,True,True
1852,EMP0087,Marketing,2026-01-22,Taxi,1424,1500,False,False,True
1853,EMP0087,Marketing,2026-01-22,Entertainment,868,1000,False,True,True
1854,EMP0087,Marketing,2026-01-21,Hotel,6648,8000,False,True,False
1855,EMP0087,Marketing,2026-01-20,Meals,947,1000,False,True,True
1856,EMP0007,Sales,2025-12-31,Taxi,1353,1500,False,True,True
1857,EMP0007,Sales,2025-12-31,Meals,731,1000,False,True,True
1858,EMP0041,Finance,2025-12-09,Meals,966,1000,False,True,True
1859,EMP0041,Finance,2025-12-10,Entertainment,963,1000,False,True,True
1860,EMP0108,Marketing,2025-11-09,Meals,878,1000,True,True,True
1861,EMP0108,Marketing,2025-11-09,Meals,756,1000,True,True,True
1862,EMP0108,Marketing,2025-11-10,Entertainment,1173,1000,False,True,True
1863,EMP0108,Marketing,2025-11-09,Hotel,6809,8000,True,True,True
1864,EMP0018,Sales,2026-01-14,Hotel,5200,8000,False,True,True
1865,EMP0018,Sales,2026-01-11,Meals,698,1000,True,True,True
1866,EMP0105,Finance,2025-12-07,Taxi,1255,1500,True,True,True
1867,EMP0105,Finance,2025-12-07,Hotel,7962,8000,True,True,True
1868,EMP0105,Finance,2025-12-07,Hotel,5833,8000,True,True,False
1869,EMP0105,Finance,2025-12-05,Hotel,7217,8000,False,True,True
1870,EMP0105,Finance,2025-12-07,Hotel,5155,8000,True,True,True
1871,EMP0119,HR,2025-12-06,Hotel,5696,8000,True,True,True
1872,EMP0119,HR,2025-12-06,Meals,773,1000,True,True,True
1873,EMP0019,HR,2025-12-19,Meals,1098,1000,False,True,True
1874,EMP0019,HR,2025-12-20,Meals,761,1000,True,True,True
1875,EMP0075,Marketing,2025-10-30,Taxi,1117,1500,False,True,True
1876,EMP0075,Marketing,2025-10-29,Hotel,6835,8000,False,True,True
1877,EMP0043,Finance,2026-01-31,Hotel,7630,8000,True,True,True
1878,EMP0043,Finance,2026-02-03,Meals,843,1000,False,False,True
1879,EMP0043,Finance,2026-02-02,Taxi,1346,1500,False,True,False
1880,EMP0073,Marketing,2026-01-09,Meals,1324,1000,False,True,True
1881,EMP0073,Marketing,2026-01-09,Meals,1159,1000,False,True,True
1882,EMP0073,Marketing,2026-01-11,Taxi,1536,1500,True,True,True
1883,EMP0073,Marketing,2026-01-12,Taxi,1638,1500,False,True,True
1884,EMP0073,Marketing,2026-01-12,Meals,1269,1000,False,True,True
1885,EMP0080,Sales,2025-12-24,Meals,908,1000,False,True,True
1886,EMP0080,Sales,2025-12-24,Hotel,5657,8000,False,True,True
1887,EMP0095,Sales,2025-11-13,Hotel,5215,8000,False,False,True
1888,EMP0095,Sales,2025-11-13,Hotel,5892,8000,False,True,False
1889,EMP0095,Sales,2025-11-14,Entertainment,1022,1000,False,True,True
1890,EMP0095,Sales,2025-11-15,Entertainment,929,1000,True,True,True
1891,EMP0095,Sales,2025-11-14,Entertainment,888,1000,False,False,True
1892,EMP0024,HR,2025-12-03,Hotel,6521,8000,False,True,True
1893,EMP0024,HR,2025-12-05,Entertainment,1290,1000,False,True,True
1894,EMP0024,HR,2025-12-06,Meals,948,1000,True,True,False
1895,EMP0024,HR,2025-12-05,Taxi,1194,1500,False,True,True
1896,EMP0024,HR,2025-12-03,Hotel,5206,8000,False,False,True
1897,EMP0057,Engineering,2026-01-02,Hotel,8187,8000,False,True,True
1898,EMP0057,Engineering,2026-01-05,Entertainment,947,1000,False,True,False
1899,EMP0057,Engineering,2026-01-03,Hotel,9582,8000,True,True,True
1900,EMP0057,Engineering,2026-01-05,Entertainment,1602,1000,False,True,True
1901,EMP0039,Finance,2026-01-25,Meals,1008,1000,True,True,True
1902,EMP0039,Finance,2026-01-26,Hotel,7047,8000,False,False,True
1903,EMP0002,Marketing,2025-12-08,Entertainment,1509,1000,False,True,True
1904,EMP0002,Marketing,2025-12-10,Entertainment,933,1000,False,True,True
1905,EMP0118,Marketing,2025-11-25,Hotel,5586,8000,False,True,True
1906,EMP0118,Marketing,2025-11-24,Taxi,1270,1500,False,False,False
1907,EMP0118,Marketing,2025-11-27,Entertainment,1028,1000,False,False,True
1908,EMP0118,Marketing,2025-11-25,Meals,1058,1000,False,True,True
1909,EMP0118,Marketing,2025-11-27,Meals,1053,1000,False,True,True
1910,EMP0076,Engineering,2025-12-03,Hotel,7352,8000,False,True,True
1911,EMP0076,Engineering,2025-12-04,Entertainment,806,1000,False,True,True
1912,EMP0076,Engineering,2025-12-06,Entertainment,2080,1000,True,True,True
1913,EMP0076,Engineering,2025-12-03,Taxi,2310,1500,False,True,True
1914,EMP0076,Engineering,2025-12-04,Entertainment,1698,1000,False,True,True
1915,EMP0014,Finance,2025-11-18,Hotel,5499,8000,False,True,True
1916,EMP0014,Finance,2025-11-19,Taxi,1602,1500,False,False,True
1917,EMP0014,Finance,2025-11-20,Taxi,1125,1500,False,True,True
1918,EMP0014,Finance,2025-11-21,Hotel,6829,8000,False,False,True
1919,EMP0014,Finance,2025-11-19,Entertainment,623,1000,False,True,True
1920,EMP0085,Engineering,2026-01-13,Hotel,5140,8000,False,True,True
1921,EMP0085,Engineering,2026-01-13,Meals,1321,1000,False,True,True
1922,EMP0085,Engineering,2026-01-12,Entertainment,888,1000,False,True,True
1923,EMP0085,Engineering,2026-01-11,Hotel,8482,8000,True,True,True
1924,EMP0024,Sales,2025-11-14,Entertainment,695,1000,False,True,True
1925,EMP0024,Sales,2025-11-15,Entertainment,772,1000,True,True,True
1926,EMP0086,Marketing,2025-11-12,Entertainment,1088,1000,False,True,True
1927,EMP0086,Marketing,2025-11-12,Entertainment,959,1000,False,True,True
1928,EMP0086,Marketing,2025-11-13,Entertainment,1081,1000,False,True,True
1929,EMP0086,Marketing,2025-11-12,Entertainment,796,1000,False,False,True
1930,EMP0086,Marketing,2025-11-12,Entertainment,1074,1000,False,False,True
1931,EMP0119,Engineering,2025-12-10,Meals,780,1000,False,True,False
1932,EMP0119,Engineering,2025-12-11,Entertainment,914,1000,False,True,True
1933,EMP0014,Finance,2025-11-23,Entertainment,619,1000,True,True,True
1934,EMP0014,Finance,2025-11-24,Hotel,7665,8000,False,True,True
1935,EMP0014,Finance,2025-11-24,Taxi,1037,1500,False,True,True
1936,EMP0084,Sales,2026-01-15,Taxi,1308,1500,False,True,True
1937,EMP0084,Sales,2026-01-17,Entertainment,906,1000,True,True,True
1938,EMP0099,Finance,2025-12-17,Taxi,1149,1500,False,True,False
1939,EMP0099,Finance,2025-12-15,Meals,856,1000,False,True,True
1940,EMP0099,Finance,2025-12-16,Entertainment,1202,1000,False,True,True
1941,EMP0046,Marketing,2025-11-29,Entertainment,1886,1000,True,True,False
1942,EMP0046,Marketing,2025-11-29,Taxi,1557,1500,True,True,True
1943,EMP0046,Marketing,2025-11-28,Entertainment,1090,1000,False,True,False
1944,EMP0046,Marketing,2025-11-28,Meals,1035,1000,False,True,True
1945,EMP0046,Marketing,2025-12-01,Hotel,8144,8000,False,True,True
1946,EMP0011,Finance,2026-01-13,Meals,786,1000,False,True,True
1947,EMP0011,Finance,2026-01-14,Meals,795,1000,False,True,True
1948,EMP0011,Finance,2026-01-13,Taxi,1491,1500,False,True,True
1949,EMP0014,Marketing,2025-11-03,Hotel,5997,8000,False,True,True
1950,EMP0014,Marketing,2025-11-01,Meals,899,1000,True,True,True
1951,EMP0009,HR,2025-11-29,Hotel,7723,8000,True,True,True
1952,EMP0009,HR,2025-12-01,Taxi,1019,1500,False,True,True
1953,EMP0009,HR,2025-12-01,Meals,851,1000,False,False,True
1954,EMP0009,HR,2025-11-30,Taxi,1162,1500,True,True,True
1955,EMP0009,HR,2025-12-02,Taxi,2199,1500,False,False,True
1956,EMP0104,HR,2026-02-18,Meals,643,1000,False,True,True
1957,EMP0104,HR,2026-02-21,Taxi,1526,1500,True,True,True
1958,EMP0104,HR,2026-02-21,Entertainment,1344,1000,True,True,True
1959,EMP0104,HR,2026-02-20,Taxi,1501,1500,False,True,True
1960,EMP0080,Sales,2026-01-21,Meals,633,1000,False,True,True
1961,EMP0080,Sales,2026-01-19,Entertainment,904,1000,False,True,True
1962,EMP0080,Sales,2026-01-20,Taxi,1792,1500,False,True,True
1963,EMP0080,Sales,2026-01-20,Hotel,6579,8000,False,False,True
1964,EMP0080,Sales,2026-01-21,Entertainment,1094,1000,False,True,True
1965,EMP0022,HR,2026-02-05,Hotel,8686,8000,False,True,True
1966,EMP0022,HR,2026-02-02,Meals,1568,1000,False,False,True
1967,EMP0022,HR,2026-02-02,Hotel,10704,8000,False,False,True
1968,EMP0022,HR,2026-02-03,Meals,700,1000,False,True,True
1969,EMP0087,Finance,2025-11-07,Entertainment,829,1000,False,True,True
1970,EMP0087,Finance,2025-11-05,Entertainment,943,1000,False,True,False
1971,EMP0097,Finance,2026-01-21,Entertainment,888,1000,False,True,True
1972,EMP0097,Finance,2026-01-21,Taxi,1601,1500,False,False,True
1973,EMP0081,HR,2026-01-29,Taxi,1285,1500,False,False,True
1974,EMP0081,HR,2026-01-28,Hotel,6984,8000,False,True,False
1975,EMP0081,HR,2026-01-31,Hotel,11863,8000,True,True,True
1976,EMP0081,HR,2026-01-29,Hotel,6785,8000,False,True,True
1977,EMP0081,HR,2026-01-30,Taxi,1134,1500,False,True,True
1978,EMP0104,Finance,2025-11-06,Taxi,2092,1500,False,False,True
1979,EMP0104,Finance,2025-11-07,Hotel,6342,8000,False,True,True
1980,EMP0104,Finance,2025-11-09,Taxi,1522,1500,True,True,True
1981,EMP0104,Finance,2025-11-07,Taxi,1155,1500,False,True,False
1982,EMP0005,HR,2026-01-23,Meals,1006,1000,False,True,True
1983,EMP0005,HR,2026-01-23,Taxi,1280,1500,False,True,True
1984,EMP0005,HR,2026-01-23,Meals,838,1000,False,True,False
1985,EMP0005,HR,2026-01-23,Meals,1020,1000,False,True,True
1986,EMP0072,Engineering,2025-11-08,Hotel,13534,8000,True,True,True
1987,EMP0072,Engineering,2025-11-05,Meals,845,1000,False,True,True
1988,EMP0085,Engineering,2025-10-29,Entertainment,741,1000,False,True,True
1989,EMP0085,Engineering,2025-10-28,Taxi,1615,1500,False,True,True
1990,EMP0085,Engineering,2025-10-27,Entertainment,982,1000,False,False,True
1991,EMP0021,Sales,2026-01-12,Taxi,1018,1500,False,True,True
1992,EMP0021,Sales,2026-01-13,Meals,1310,1000,False,True,True
1993,EMP0021,Sales,2026-01-12,Entertainment,733,1000,False,True,True
1994,EMP0021,Sales,2026-01-11,Taxi,1338,1500,True,True,True
1995,EMP0021,Sales,2026-01-11,Hotel,10282,8000,True,True,True
1996,EMP0119,HR,2025-11-12,Hotel,5861,8000,False,True,True
1997,EMP0119,HR,2025-11-13,Hotel,7449,8000,False,True,True
1998,EMP0119,HR,2025-11-11,Meals,838,1000,False,True,True
1999,EMP0096,Marketing,2026-01-31,Meals,1220,1000,True,False,False
2000,EMP0096,Marketing,2026-01-28,Entertainment,782,1000,False,True,True
2001,EMP0096,Marketing,2026-01-28,Entertainment,1068,1000,False,True,False
2002,EMP0096,Marketing,2026-01-28,Taxi,994,1500,False,True,True
2003,EMP0010,Finance,2025-12-25,Hotel,7872,8000,False,True,False
2004,EMP0010,Finance,2025-12-23,Entertainment,923,1000,False,False,True
2005,EMP0010,Finance,2025-12-24,Meals,939,1000,False,True,True
2006,EMP0010,Finance,2025-12-25,Entertainment,882,1000,False,False,True
2007,EMP0010,Finance,2025-12-22,Hotel,5534,8000,False,True,True
2008,EMP0018,Finance,2025-11-14,Taxi,1200,1500,False,True,True
2009,EMP0018,Finance,2025-11-14,Hotel,11319,8000,False,True,True
2010,EMP0018,Finance,2025-11-15,Entertainment,726,1000,True,True,True
2011,EMP0018,Finance,2025-11-17,Meals,1008,1000,False,True,True
2012,EMP0015,Finance,2025-12-14,Meals,888,1000,True,True,True
2013,EMP0015,Finance,2025-12-15,Meals,712,1000,False,True,False
2014,EMP0015,Finance,2025-12-13,Meals,1319,1000,True,True,True
2015,EMP0071,Engineering,2025-12-15,Entertainment,989,1000,False,True,True
2016,EMP0071,Engineering,2025-12-13,Hotel,8362,8000,True,True,True
2017,EMP0071,Engineering,2025-12-12,Entertainment,1079,1000,False,True,False
2018,EMP0071,Engineering,2025-12-14,Meals,729,1000,True,True,True
2019,EMP0032,Engineering,2025-12-18,Taxi,1206,1500,False,True,True
2020,EMP0032,Engineering,2025-12-18,Meals,1043,1000,False,True,True
2021,EMP0032,Engineering,2025-12-17,Taxi,1032,1500,False,True,True
2022,EMP0006,Finance,2026-01-30,Hotel,6989,8000,False,True,True
2023,EMP0006,Finance,2026-01-30,Taxi,1138,1500,False,True,True
2024,EMP0006,Finance,2026-01-27,Hotel,5369,8000,False,True,True
2025,EMP0006,Finance,2026-01-29,Entertainment,677,1000,False,True,True
2026,EMP0072,Sales,2026-01-22,Hotel,7629,8000,False,True,True
2027,EMP0072,Sales,2026-01-24,Meals,697,1000,True,True,False
2028,EMP0072,Sales,2026-01-24,Meals,793,1000,True,True,True
2029,EMP0021,Finance,2026-01-27,Meals,788,1000,False,False,True
2030,EMP0021,Finance,2026-01-24,Taxi,1008,1500,True,True,True
2031,EMP0021,Finance,2026-01-26,Entertainment,666,1000,False,True,True
2032,EMP0060,Sales,2025-11-02,Meals,1435,1000,True,False,True
2033,EMP0060,Sales,2025-10-30,Taxi,1913,1500,False,True,True
2034,EMP0060,Sales,2025-11-02,Hotel,10512,8000,True,True,True
2035,EMP0060,Sales,2025-11-02,Meals,1307,1000,True,True,True
2036,EMP0074,Engineering,2025-11-03,Hotel,10346,8000,False,True,True
2037,EMP0074,Engineering,2025-10-31,Taxi,968,1500,False,True,True
2038,EMP0074,Engineering,2025-10-31,Hotel,8060,8000,False,True,True
2039,EMP0074,Engineering,2025-10-31,Entertainment,1152,1000,False,True,True
2040,EMP0080,Sales,2025-12-06,Entertainment,1000,1000,True,True,False
2041,EMP0080,Sales,2025-12-08,Hotel,7393,8000,False,True,True
2042,EMP0080,Sales,2025-12-07,Taxi,1551,1500,True,True,True
2043,EMP0070,Sales,2025-12-23,Taxi,1920,1500,False,True,True
2044,EMP0070,Sales,2025-12-22,Taxi,1237,1500,False,True,True
2045,EMP0070,Sales,2025-12-23,Hotel,4957,8000,False,True,True
2046,EMP0070,Sales,2025-12-22,Entertainment,829,1000,False,True,True
2047,EMP0070,Sales,2025-12-24,Hotel,7984,8000,False,True,True
2048,EMP0065,Finance,2025-10-27,Hotel,7774,8000,False,True,True
2049,EMP0065,Finance,2025-10-29,Taxi,1931,1500,False,True,True
2050,EMP0065,Finance,2025-10-29,Taxi,1361,1500,False,True,True
2051,EMP0065,Finance,2025-10-27,Meals,705,1000,False,True,True
2052,EMP0065,Finance,2025-10-27,Taxi,1405,1500,False,True,True
2053,EMP0087,HR,2025-12-18,Entertainment,729,1000,False,True,False
2054,EMP0087,HR,2025-12-17,Meals,1665,1000,False,False,True
2055,EMP0087,HR,2025-12-19,Meals,805,1000,False,True,True
2056,EMP0087,HR,2025-12-18,Taxi,2032,1500,False,True,True
2057,EMP0087,HR,2025-12-17,Entertainment,1009,1000,False,True,True
2058,EMP0023,Marketing,2025-11-04,Meals,673,1000,False,True,True
2059,EMP0023,Marketing,2025-11-04,Hotel,4834,8000,False,True,True
2060,EMP0003,Marketing,2026-01-17,Meals,1084,1000,True,True,True
2061,EMP0003,Marketing,2026-01-18,Taxi,1235,1500,True,True,True
2062,EMP0003,Marketing,2026-01-16,Hotel,6727,8000,False,True,True
2063,EMP0003,Marketing,2026-01-16,Entertainment,930,1000,False,True,True
2064,EMP0003,Marketing,2026-01-18,Taxi,1500,1500,True,False,True
2065,EMP0030,HR,2025-12-05,Hotel,8562,8000,False,True,True
2066,EMP0030,HR,2025-12-04,Hotel,8665,8000,False,True,False
2067,EMP0030,HR,2025-12-03,Entertainment,807,1000,False,True,True
2068,EMP0030,HR,2025-12-03,Hotel,7581,8000,False,False,False
2069,EMP0030,HR,2025-12-04,Entertainment,788,1000,False,True,True
2070,EMP0090,HR,2025-12-18,Taxi,1258,1500,False,True,True
2071,EMP0090,HR,2025-12-16,Hotel,11403,8000,False,True,True
2072,EMP0090,HR,2025-12-17,Entertainment,1630,1000,False,True,True
2073,EMP0090,HR,2025-12-18,Taxi,1288,1500,False,False,True
2074,EMP0048,Marketing,2025-11-09,Entertainment,824,1000,True,True,True
2075,EMP0048,Marketing,2025-11-11,Entertainment,633,1000,False,True,True
2076,EMP0108,Engineering,2025-11-23,Taxi,1585,1500,True,True,True
2077,EMP0108,Engineering,2025-11-23,Meals,1362,1000,True,True,True
2078,EMP0108,Engineering,2025-11-23,Hotel,5110,8000,True,True,True
2079,EMP0108,Engineering,2025-11-23,Taxi,1182,1500,True,True,True
2080,EMP0108,Engineering,2025-11-20,Meals,682,1000,False,True,True
2081,EMP0005,Marketing,2025-11-09,Meals,1057,1000,True,True,True
2082,EMP0005,Marketing,2025-11-10,Meals,1017,1000,False,True,False
2083,EMP0005,Marketing,2025-11-09,Taxi,1302,1500,True,False,True
2084,EMP0064,Engineering,2026-02-16,Hotel,7529,8000,False,True,True
2085,EMP0064,Engineering,2026-02-16,Hotel,7970,8000,False,True,True
2086,EMP0064,Engineering,2026-02-17,Meals,1033,1000,False,True,False
2087,EMP0064,Engineering,2026-02-19,Entertainment,1064,1000,False,True,True
2088,EMP0038,HR,2025-11-11,Entertainment,672,1000,False,True,True
2089,EMP0038,HR,2025-11-09,Entertainment,603,1000,True,True,True
2090,EMP0038,HR,2025-11-08,Hotel,10979,8000,True,True,True
2091,EMP0038,HR,2025-11-10,Taxi,1509,1500,False,False,True
2092,EMP0040,Sales,2026-01-09,Hotel,6168,8000,False,True,True
2093,EMP0040,Sales,2026-01-11,Hotel,7377,8000,True,True,True
2094,EMP0040,Sales,2026-01-10,Taxi,1429,1500,True,True,True
2095,EMP0040,Sales,2026-01-09,Hotel,7781,8000,False,True,True
2096,EMP0101,Marketing,2025-10-25,Meals,954,1000,True,True,True
2097,EMP0101,Marketing,2025-10-25,Entertainment,1631,1000,True,True,True
2098,EMP0101,Marketing,2025-10-26,Hotel,7396,8000,True,True,True
2099,EMP0101,Marketing,2025-10-25,Meals,994,1000,True,True,True
2100,EMP0101,Marketing,2025-10-24,Hotel,6910,8000,False,False,True
2101,EMP0078,HR,2026-02-16,Taxi,1286,1500,False,True,True
2102,EMP0078,HR,2026-02-15,Hotel,5628,8000,True,True,True
2103,EMP0045,Marketing,2026-02-11,Taxi,1164,1500,False,True,True
2104,EMP0045,Marketing,2026-02-10,Hotel,5756,8000,False,False,True
2105,EMP0045,Marketing,2026-02-10,Taxi,1660,1500,False,True,True
2106,EMP0115,Finance,2026-02-12,Meals,664,1000,False,True,False
2107,EMP0115,Finance,2026-02-12,Meals,720,1000,False,True,True
2108,EMP0115,Finance,2026-02-13,Hotel,6977,8000,False,True,True
2109,EMP0097,Finance,2025-10-21,Meals,1085,1000,False,True,True
2110,EMP0097,Finance,2025-10-22,Taxi,1144,1500,False,True,True
2111,EMP0097,Finance,2025-10-22,Hotel,6845,8000,False,False,False
2112,EMP0097,Finance,2025-10-24,Taxi,1395,1500,False,True,True
2113,EMP0049,Marketing,2025-12-25,Taxi,1155,1500,False,True,False
2114,EMP0049,Marketing,2025-12-24,Meals,762,1000,False,True,True
2115,EMP0049,Marketing,2025-12-25,Meals,657,1000,False,False,False
2116,EMP0049,Marketing,2025-12-22,Taxi,1319,1500,False,False,True
2117,EMP0020,Marketing,2026-01-11,Taxi,2081,1500,True,True,True
2118,EMP0020,Marketing,2026-01-10,Entertainment,2240,1000,True,True,True
2119,EMP0020,Marketing,2026-01-13,Taxi,1121,1500,False,True,True
2120,EMP0032,Sales,2026-01-29,Entertainment,915,1000,False,False,True
2121,EMP0032,Sales,2026-01-27,Meals,1146,1000,False,True,True
2122,EMP0081,Finance,2026-02-03,Meals,968,1000,False,False,True
2123,EMP0081,Finance,2026-02-03,Entertainment,1099,1000,False,True,True
2124,EMP0081,Finance,2026-02-04,Meals,645,1000,False,True,True
2125,EMP0113,Engineering,2025-11-11,Taxi,1165,1500,False,True,True
2126,EMP0113,Engineering,2025-11-12,Meals,1062,1000,False,False,True
2127,EMP0082,Sales,2025-11-16,Entertainment,1750,1000,True,False,True
2128,EMP0082,Sales,2025-11-16,Entertainment,970,1000,True,True,True
2129,EMP0082,Sales,2025-11-14,Hotel,5608,8000,False,True,True
2130,EMP0106,Marketing,2026-01-19,Hotel,9764,8000,False,True,True
2131,EMP0106,Marketing,2026-01-17,Meals,756,1000,True,True,True
2132,EMP0106,Marketing,2026-01-17,Meals,619,1000,True,False,True
2133,EMP0100,Finance,2025-12-03,Meals,889,1000,False,True,True
2134,EMP0100,Finance,2025-12-03,Entertainment,1447,1000,False,True,True
2135,EMP0100,Finance,2025-12-04,Meals,696,1000,False,True,True
2136,EMP0107,HR,2026-01-23,Meals,1079,1000,False,True,True
2137,EMP0107,HR,2026-01-23,Hotel,5015,8000,False,False,True
2138,EMP0107,HR,2026-01-23,Meals,642,1000,False,True,True
2139,EMP0047,Engineering,2026-02-14,Meals,745,1000,True,False,True
2140,EMP0047,Engineering,2026-02-12,Entertainment,611,1000,False,True,False
2141,EMP0027,Engineering,2025-12-17,Taxi,920,1500,False,True,True
2142,EMP0027,Engineering,2025-12-16,Hotel,5032,8000,False,True,True
2143,EMP0027,Engineering,2025-12-16,Entertainment,953,1000,False,True,True
2144,EMP0027,Engineering,2025-12-15,Hotel,6737,8000,False,True,True
2145,EMP0061,Sales,2025-10-26,Meals,757,1000,True,True,False
2146,EMP0061,Sales,2025-10-27,Meals,979,1000,False,True,True
2147,EMP0012,Engineering,2026-02-21,Hotel,11077,8000,True,True,True
2148,EMP0012,Engineering,2026-02-21,Hotel,7545,8000,True,True,False
2149,EMP0009,Sales,2026-01-29,Entertainment,629,1000,False,True,True
2150,EMP0009,Sales,2026-01-26,Meals,889,1000,False,True,True
2151,EMP0009,Sales,2026-01-27,Hotel,5798,8000,False,True,True
2152,EMP0069,Sales,2025-11-05,Taxi,1119,1500,False,True,True
2153,EMP0069,Sales,2025-11-03,Entertainment,721,1000,False,True,True
2154,EMP0069,Sales,2025-11-03,Hotel,5368,8000,False,True,True
2155,EMP0069,Sales,2025-11-04,Entertainment,875,1000,False,True,True
2156,EMP0069,Sales,2025-11-03,Meals,1301,1000,False,True,True
2157,EMP0024,Marketing,2025-12-15,Taxi,1483,1500,False,True,True
2158,EMP0024,Marketing,2025-12-17,Entertainment,697,1000,False,True,True
2159,EMP0024,Marketing,2025-12-14,Entertainment,616,1000,True,True,True
2160,EMP0098,Marketing,2025-11-28,Hotel,6869,8000,False,False,True
2161,EMP0098,Marketing,2025-11-27,Hotel,8221,8000,False,True,True
2162,EMP0098,Marketing,2025-11-27,Taxi,1331,1500,False,True,True
2163,EMP0098,Marketing,2025-11-26,Taxi,1940,1500,False,True,True
2164,EMP0098,Marketing,2025-11-27,Hotel,6976,8000,False,True,True
2165,EMP0088,Finance,2026-01-02,Meals,1150,1000,False,False,True
2166,EMP0088,Finance,2025-12-30,Hotel,5157,8000,False,True,True
2167,EMP0002,Finance,2025-11-05,Taxi,1431,1500,False,False,False
2168,EMP0002,Finance,2025-11-06,Entertainment,850,1000,False,True,True
2169,EMP0002,Finance,2025-11-06,Entertainment,826,1000,False,True,True
2170,EMP0002,Finance,2025-11-05,Taxi,1110,1500,False,True,True
2171,EMP0095,Engineering,2025-12-06,Meals,883,1000,True,True,True
2172,EMP0095,Engineering,2025-12-07,Entertainment,1553,1000,True,True,True
2173,EMP0095,Engineering,2025-12-07,Taxi,1417,1500,True,True,True
2174,EMP0095,Engineering,2025-12-09,Entertainment,998,1000,False,True,True
2175,EMP0095,Engineering,2025-12-08,Meals,1018,1000,False,True,True
2176,EMP0092,HR,2025-11-24,Taxi,1485,1500,False,True,True
2177,EMP0092,HR,2025-11-24,Taxi,1784,1500,False,True,True
2178,EMP0092,HR,2025-11-25,Meals,737,1000,False,True,True
2179,EMP0066,Marketing,2026-01-27,Hotel,4862,8000,False,True,False
2180,EMP0066,Marketing,2026-01-29,Taxi,2373,1500,False,True,True
2181,EMP0066,Marketing,2026-01-30,Taxi,1220,1500,False,True,True
2182,EMP0066,Marketing,2026-01-29,Hotel,10936,8000,False,True,False
2183,EMP0066,Marketing,2026-01-30,Meals,1083,1000,False,False,False
2184,EMP0107,Sales,2026-01-16,Hotel,5883,8000,False,True,True
2185,EMP0107,Sales,2026-01-16,Taxi,1075,1500,False,True,True
2186,EMP0067,Finance,2025-11-18,Entertainment,739,1000,False,True,True
2187,EMP0067,Finance,2025-11-15,Meals,917,1000,True,False,True
2188,EMP0067,Finance,2025-11-17,Taxi,1236,1500,False,True,True
2189,EMP0005,Finance,2025-12-11,Taxi,967,1500,False,True,True
2190,EMP0005,Finance,2025-12-11,Entertainment,956,1000,False,True,True
2191,EMP0005,Finance,2025-12-10,Entertainment,841,1000,False,True,True
2192,EMP0005,Finance,2025-12-12,Hotel,7095,8000,False,True,True
2193,EMP0040,Finance,2026-01-28,Hotel,6313,8000,False,False,True
2194,EMP0040,Finance,2026-01-28,Meals,1280,1000,False,False,True
2195,EMP0040,Finance,2026-01-26,Hotel,7500,8000,False,True,True
2196,EMP0065,Sales,2025-11-23,Hotel,5263,8000,True,True,False
2197,EMP0065,Sales,2025-11-25,Taxi,1186,1500,False,False,False
2198,EMP0108,Marketing,2026-02-04,Meals,781,1000,False,True,True
2199,EMP0108,Marketing,2026-02-02,Hotel,8638,8000,False,True,False
2200,EMP0108,Marketing,2026-02-02,Taxi,1080,1500,False,True,False
2201,EMP0031,Marketing,2025-10-31,Hotel,5026,8000,False,False,True
2202,EMP0031,Marketing,2025-11-01,Taxi,1029,1500,True,True,True
2203,EMP0031,Marketing,2025-11-01,Meals,977,1000,True,True,True
2204,EMP0031,Marketing,2025-11-03,Hotel,9132,8000,False,True,True
2205,EMP0031,Marketing,2025-11-01,Entertainment,1014,1000,True,True,True
2206,EMP0059,Finance,2025-12-25,Meals,1620,1000,False,True,True
2207,EMP0059,Finance,2025-12-28,Meals,623,1000,True,True,True
2208,EMP0059,Finance,2025-12-28,Hotel,7805,8000,True,True,True
2209,EMP0050,Marketing,2025-11-04,Entertainment,852,1000,False,True,True
2210,EMP0050,Marketing,2025-11-04,Hotel,6963,8000,False,False,True
2211,EMP0022,HR,2025-12-06,Taxi,1539,1500,True,True,True
2212,EMP0022,HR,2025-12-09,Taxi,1579,1500,False,True,True
2213,EMP0022,HR,2025-12-06,Entertainment,823,1000,True,True,True
2214,EMP0022,HR,2025-12-07,Meals,753,1000,True,True,True
2215,EMP0022,HR,2025-12-07,Hotel,6388,8000,True,True,True
2216,EMP0037,Marketing,2025-11-30,Taxi,1028,1500,True,False,True
2217,EMP0037,Marketing,2025-11-28,Meals,1099,1000,False,True,True
2218,EMP0037,Marketing,2025-12-01,Meals,1003,1000,False,True,True
2219,EMP0037,Marketing,2025-12-01,Hotel,7778,8000,False,True,True
2220,EMP0037,Marketing,2025-12-01,Entertainment,980,1000,False,False,True
2221,EMP0073,HR,2025-12-17,Entertainment,961,1000,False,True,True
2222,EMP0073,HR,2025-12-17,Entertainment,817,1000,False,True,True
2223,EMP0073,HR,2025-12-17,Taxi,1019,1500,False,True,True
2224,EMP0073,HR,2025-12-17,Entertainment,1405,1000,False,True,True
2225,EMP0041,Engineering,2025-12-11,Hotel,4827,8000,False,True,True
2226,EMP0041,Engineering,2025-12-11,Taxi,1053,1500,False,True,True
2227,EMP0041,Engineering,2025-12-11,Entertainment,916,1000,False,True,True
2228,EMP0024,HR,2025-11-20,Taxi,1375,1500,False,True,True
2229,EMP0024,HR,2025-11-19,Meals,832,1000,False,True,True
2230,EMP0024,HR,2025-11-17,Taxi,1258,1500,False,True,True
2231,EMP0024,HR,2025-11-19,Hotel,6278,8000,False,True,True
2232,EMP0008,HR,2025-12-08,Meals,844,1000,False,True,True
2233,EMP0008,HR,2025-12-09,Entertainment,744,1000,False,True,True
2234,EMP0008,HR,2025-12-07,Hotel,7390,8000,True,True,True
2235,EMP0053,Marketing,2026-01-12,Entertainment,1537,1000,False,True,True
2236,EMP0053,Marketing,2026-01-11,Meals,901,1000,True,True,False
2237,EMP0053,Marketing,2026-01-11,Entertainment,640,1000,True,True,True
2238,EMP0053,Marketing,2026-01-12,Hotel,7991,8000,False,True,True
2239,EMP0031,Sales,2025-11-14,Taxi,1197,1500,False,False,True
2240,EMP0031,Sales,2025-11-14,Hotel,6413,8000,False,False,True
2241,EMP0031,Sales,2025-11-14,Hotel,8283,8000,False,True,True
2242,EMP0035,Engineering,2025-11-25,Entertainment,1435,1000,False,True,True
2243,EMP0035,Engineering,2025-11-24,Taxi,1542,1500,False,True,True
2244,EMP0035,Engineering,2025-11-24,Hotel,8430,8000,False,True,True
2245,EMP0041,HR,2026-02-10,Entertainment,907,1000,False,True,True
2246,EMP0041,HR,2026-02-10,Taxi,1490,1500,False,True,True
2247,EMP0041,HR,2026-02-09,Taxi,1334,1500,False,True,True
2248,EMP0041,HR,2026-02-08,Meals,931,1000,True,False,False
2249,EMP0041,HR,2026-02-11,Hotel,5685,8000,False,True,True
2250,EMP0074,HR,2025-12-27,Entertainment,685,1000,True,True,True
2251,EMP0074,HR,2025-12-26,Entertainment,813,1000,False,True,True
2252,EMP0074,HR,2025-12-26,Meals,751,1000,False,True,False
2253,EMP0074,HR,2025-12-29,Meals,703,1000,False,True,True
2254,EMP0074,HR,2025-12-27,Hotel,7457,8000,True,True,True
2255,EMP0095,Finance,2026-01-27,Meals,1095,1000,False,True,True
2256,EMP0095,Finance,2026-01-25,Meals,847,1000,True,True,False
2257,EMP0095,Finance,2026-01-24,Taxi,910,1500,True,True,True
2258,EMP0095,Finance,2026-01-27,Taxi,1226,1500,False,True,False
2259,EMP0033,HR,2025-12-25,Entertainment,984,1000,False,True,True
2260,EMP0033,HR,2025-12-23,Taxi,1275,1500,False,True,True
2261,EMP0033,HR,2025-12-22,Taxi,1314,1500,False,True,True
2262,EMP0120,Engineering,2025-12-20,Hotel,7173,8000,True,True,True
2263,EMP0120,Engineering,2025-12-22,Hotel,5782,8000,False,True,True
2264,EMP0120,Engineering,2025-12-21,Taxi,1277,1500,True,True,True
2265,EMP0120,Engineering,2025-12-20,Entertainment,855,1000,True,True,True
2266,EMP0120,Engineering,2025-12-22,Entertainment,1065,1000,False,False,True
2267,EMP0085,Sales,2026-02-16,Taxi,2044,1500,False,True,True
2268,EMP0085,Sales,2026-02-18,Entertainment,631,1000,False,True,True
2269,EMP0085,Sales,2026-02-18,Taxi,1366,1500,False,True,True
2270,EMP0085,Sales,2026-02-16,Meals,838,1000,False,True,True
2271,EMP0085,Sales,2026-02-15,Meals,1013,1000,True,True,False
2272,EMP0088,Sales,2026-02-10,Hotel,8716,8000,False,True,True
2273,EMP0088,Sales,2026-02-08,Meals,621,1000,True,True,True
2274,EMP0088,Sales,2026-02-09,Entertainment,1004,1000,False,True,True
2275,EMP0097,Engineering,2025-11-17,Meals,857,1000,False,True,True
2276,EMP0097,Engineering,2025-11-18,Entertainment,992,1000,False,True,True
2277,EMP0011,Finance,2026-01-24,Meals,1027,1000,True,False,True
2278,EMP0011,Finance,2026-01-25,Meals,879,1000,True,False,True
2279,EMP0065,Sales,2025-12-14,Meals,1056,1000,True,True,True
2280,EMP0065,Sales,2025-12-15,Taxi,1510,1500,False,True,True
2281,EMP0065,Sales,2025-12-16,Hotel,5125,8000,False,True,True
2282,EMP0065,Sales,2025-12-13,Meals,921,1000,True,True,True
2283,EMP0081,Marketing,2026-01-02,Taxi,1267,1500,False,True,True
2284,EMP0081,Marketing,2026-01-03,Entertainment,1860,1000,True,True,False
2285,EMP0081,Marketing,2026-01-04,Meals,991,1000,True,True,True
2286,EMP0088,Finance,2025-12-20,Hotel,6252,8000,True,True,True
2287,EMP0088,Finance,2025-12-17,Taxi,1758,1500,False,False,False
2288,EMP0026,Sales,2025-12-07,Entertainment,924,1000,True,True,True
2289,EMP0026,Sales,2025-12-10,Meals,759,1000,False,True,True
2290,EMP0026,Sales,2025-12-07,Hotel,10017,8000,True,True,True
2291,EMP0026,Sales,2025-12-08,Entertainment,937,1000,False,False,True
2292,EMP0026,Sales,2025-12-08,Hotel,5038,8000,False,True,True
2293,EMP0081,Engineering,2025-12-19,Hotel,8183,8000,False,True,True
2294,EMP0081,Engineering,2025-12-19,Hotel,8667,8000,False,True,True
2295,EMP0081,Engineering,2025-12-19,Entertainment,1021,1000,False,True,True
2296,EMP0081,Engineering,2025-12-19,Taxi,1606,1500,False,True,True
2297,EMP0073,Sales,2026-01-20,Meals,945,1000,False,True,True
2298,EMP0073,Sales,2026-01-22,Entertainment,812,1000,False,True,True
2299,EMP0073,Sales,2026-01-23,Meals,605,1000,False,True,True
2300,EMP0073,Sales,2026-01-23,Meals,1013,1000,False,True,True
2301,EMP0073,Sales,2026-01-21,Hotel,7537,8000,False,False,True
2302,EMP0101,Marketing,2026-01-26,Hotel,5366,8000,False,True,True
2303,EMP0101,Marketing,2026-01-26,Meals,910,1000,False,False,True
2304,EMP0037,Engineering,2025-11-15,Entertainment,1023,1000,True,True,True
2305,EMP0037,Engineering,2025-11-13,Hotel,8312,8000,False,True,True
2306,EMP0037,Engineering,2025-11-16,Taxi,1004,1500,True,True,True
2307,EMP0037,Engineering,2025-11-16,Taxi,1567,1500,True,False,True
2308,EMP0037,Engineering,2025-11-14,Hotel,7235,8000,False,True,True
2309,EMP0048,HR,2026-01-12,Hotel,7874,8000,False,True,True
2310,EMP0048,HR,2026-01-12,Taxi,1102,1500,False,False,True
2311,EMP0048,HR,2026-01-14,Hotel,9976,8000,False,True,True
2312,EMP0048,HR,2026-01-13,Hotel,6699,8000,False,False,False
2313,EMP0048,HR,2026-01-11,Entertainment,2114,1000,True,True,True
2314,EMP0092,Finance,2025-12-14,Meals,860,1000,True,True,True
2315,EMP0092,Finance,2025-12-14,Hotel,10459,8000,True,True,True
2316,EMP0092,Finance,2025-12-16,Meals,1054,1000,False,True,True
2317,EMP0092,Finance,2025-12-14,Entertainment,857,1000,True,True,False
2318,EMP0092,Finance,2025-12-16,Entertainment,931,1000,False,True,True
2319,EMP0031,Finance,2026-01-06,Meals,1041,1000,False,True,False
2320,EMP0031,Finance,2026-01-06,Entertainment,996,1000,False,True,True
2321,EMP0006,HR,2025-11-26,Meals,855,1000,False,False,True
2322,EMP0006,HR,2025-11-26,Hotel,7166,8000,False,True,True
2323,EMP0006,HR,2025-11-23,Entertainment,1063,1000,True,True,True
2324,EMP0006,HR,2025-11-23,Meals,926,1000,True,True,True
2325,EMP0056,Engineering,2025-11-05,Taxi,1630,1500,False,True,True
2326,EMP0056,Engineering,2025-11-05,Hotel,7517,8000,False,True,False
2327,EMP0056,Engineering,2025-11-05,Taxi,1212,1500,False,True,True
2328,EMP0119,Finance,2026-02-16,Entertainment,1340,1000,False,True,True
2329,EMP0119,Finance,2026-02-14,Taxi,1587,1500,True,True,True
2330,EMP0119,Finance,2026-02-13,Entertainment,765,1000,False,True,True
2331,EMP0063,Engineering,2026-02-08,Hotel,4828,8000,True,True,True
2332,EMP0063,Engineering,2026-02-07,Hotel,6929,8000,True,False,True
2333,EMP0063,Engineering,2026-02-07,Hotel,11155,8000,True,True,True
2334,EMP0091,Finance,2025-11-06,Hotel,10903,8000,False,True,True
2335,EMP0091,Finance,2025-11-04,Meals,840,1000,False,False,True
2336,EMP0091,Finance,2025-11-05,Taxi,902,1500,False,True,True
2337,EMP0019,Sales,2025-11-03,Taxi,1006,1500,False,True,False
2338,EMP0019,Sales,2025-11-04,Taxi,1133,1500,False,True,True
2339,EMP0019,Sales,2025-11-01,Hotel,8043,8000,True,True,True
2340,EMP0019,Sales,2025-11-03,Entertainment,992,1000,False,True,True
2341,EMP0085,HR,2026-01-03,Meals,785,1000,True,True,True
2342,EMP0085,HR,2026-01-06,Taxi,1173,1500,False,True,True
2343,EMP0085,HR,2026-01-03,Hotel,7734,8000,True,True,False
2344,EMP0085,HR,2026-01-03,Hotel,8592,8000,True,True,True
2345,EMP0085,HR,2026-01-04,Taxi,1274,1500,True,True,False
2346,EMP0004,Marketing,2026-01-19,Entertainment,1051,1000,False,True,False
2347,EMP0004,Marketing,2026-01-16,Entertainment,1053,1000,False,True,True
2348,EMP0004,Marketing,2026-01-16,Hotel,5959,8000,False,True,True
2349,EMP0107,Finance,2026-01-12,Hotel,6038,8000,False,False,True
2350,EMP0107,Finance,2026-01-09,Hotel,5684,8000,False,False,False
2351,EMP0107,Finance,2026-01-12,Taxi,909,1500,False,True,False
2352,EMP0094,HR,2025-11-18,Entertainment,660,1000,False,True,True
2353,EMP0094,HR,2025-11-17,Entertainment,890,1000,False,False,True
2354,EMP0094,HR,2025-11-20,Entertainment,877,1000,False,True,True
2355,EMP0052,Marketing,2025-11-21,Entertainment,1025,1000,False,True,True
2356,EMP0052,Marketing,2025-11-21,Hotel,10137,8000,False,True,True
2357,EMP0052,Marketing,2025-11-22,Taxi,2102,1500,True,True,True
2358,EMP0097,Engineering,2025-11-28,Taxi,984,1500,False,True,True
2359,EMP0097,Engineering,2025-11-30,Hotel,5192,8000,True,True,True
2360,EMP0097,Engineering,2025-11-29,Hotel,6670,8000,True,True,True
2361,EMP0097,Engineering,2025-11-29,Taxi,1491,1500,True,False,True
2362,EMP0107,Marketing,2025-11-17,Taxi,1594,1500,False,True,True
2363,EMP0107,Marketing,2025-11-17,Taxi,1025,1500,False,True,True
2364,EMP0107,Marketing,2025-11-16,Meals,981,1000,True,False,True
2365,EMP0107,Marketing,2025-11-16,Hotel,6755,8000,True,True,True
2366,EMP0107,Marketing,2025-11-16,Taxi,1170,1500,True,True,True
2367,EMP0048,HR,2025-12-18,Meals,728,1000,False,True,True
2368,EMP0048,HR,2025-12-17,Meals,689,1000,False,False,True
2369,EMP0048,HR,2025-12-18,Meals,1584,1000,False,True,True
2370,EMP0048,HR,2025-12-15,Entertainment,767,1000,False,True,True
2371,EMP0092,Engineering,2025-12-29,Hotel,8359,8000,False,False,True
2372,EMP0092,Engineering,2025-12-27,Meals,1032,1000,True,True,True
2373,EMP0092,Engineering,2025-12-29,Hotel,8102,8000,False,True,True
2374,EMP0039,Engineering,2025-12-17,Taxi,1068,1500,False,True,True
2375,EMP0039,Engineering,2025-12-17,Hotel,7465,8000,False,True,True
2376,EMP0013,Finance,2026-01-21,Meals,1000,1000,False,True,True
2377,EMP0013,Finance,2026-01-22,Entertainment,628,1000,False,True,True
2378,EMP0013,Finance,2026-01-23,Entertainment,1055,1000,False,True,True
2379,EMP0013,Finance,2026-01-23,Taxi,1586,1500,False,True,True
2380,EMP0013,Finance,2026-01-24,Hotel,6442,8000,True,True,True
2381,EMP0060,Engineering,2026-02-06,Hotel,11205,8000,False,True,True
2382,EMP0060,Engineering,2026-02-07,Hotel,6425,8000,True,True,True
2383,EMP0060,Engineering,2026-02-05,Hotel,4939,8000,False,True,True
2384,EMP0060,Engineering,2026-02-07,Entertainment,850,1000,True,True,False
2385,EMP0060,Engineering,2026-02-06,Taxi,1611,1500,False,False,True
2386,EMP0059,Finance,2026-02-01,Hotel,5472,8000,True,True,True
2387,EMP0059,Finance,2026-02-03,Hotel,7178,8000,False,True,True
2388,EMP0059,Finance,2026-02-04,Hotel,6340,8000,False,True,True
2389,EMP0059,Finance,2026-02-01,Hotel,6195,8000,True,True,True
2390,EMP0014,Finance,2025-10-25,Taxi,1385,1500,True,True,True
2391,EMP0014,Finance,2025-10-24,Taxi,1797,1500,False,True,True
2392,EMP0014,Finance,2025-10-25,Hotel,8313,8000,True,True,True
2393,EMP0014,Finance,2025-10-26,Entertainment,2336,1000,True,True,True
2394,EMP0014,Finance,2025-10-25,Meals,714,1000,True,True,True
2395,EMP0112,HR,2025-12-23,Entertainment,1309,1000,False,True,False
2396,EMP0112,HR,2025-12-24,Meals,1295,1000,False,True,False
2397,EMP0112,HR,2025-12-22,Taxi,1163,1500,False,True,True
2398,EMP0112,HR,2025-12-22,Taxi,1698,1500,False,True,True
2399,EMP0112,HR,2025-12-25,Entertainment,915,1000,False,True,True
2400,EMP0025,Sales,2026-01-20,Hotel,7390,8000,False,False,True
2401,EMP0025,Sales,2026-01-21,Hotel,7782,8000,False,False,False
2402,EMP0025,Sales,2026-01-19,Hotel,8088,8000,False,True,True
2403,EMP0025,Sales,2026-01-18,Entertainment,954,1000,True,True,True
2404,EMP0025,Sales,2026-01-18,Meals,689,1000,True,True,True
2405,EMP0060,Engineering,2025-12-14,Taxi,1193,1500,True,True,True
2406,EMP0060,Engineering,2025-12-17,Hotel,7260,8000,False,True,True
2407,EMP0111,Finance,2025-11-22,Taxi,1567,1500,True,True,True
2408,EMP0111,Finance,2025-11-22,Hotel,12522,8000,True,True,True
2409,EMP0111,Finance,2025-11-24,Entertainment,615,1000,False,True,True
2410,EMP0111,Finance,2025-11-23,Hotel,6530,8000,True,True,True
2411,EMP0092,Finance,2026-02-07,Entertainment,719,1000,True,False,True
2412,EMP0092,Finance,2026-02-07,Entertainment,2028,1000,True,False,False
2413,EMP0076,HR,2026-02-14,Entertainment,849,1000,True,True,True
2414,EMP0076,HR,2026-02-16,Meals,889,1000,False,True,True
2415,EMP0054,Finance,2025-12-23,Meals,1009,1000,False,True,False
2416,EMP0054,Finance,2025-12-25,Entertainment,820,1000,False,True,True
2417,EMP0054,Finance,2025-12-24,Meals,727,1000,False,True,True
2418,EMP0054,Finance,2025-12-25,Taxi,1866,1500,False,True,True
2419,EMP0029,HR,2025-12-03,Meals,694,1000,False,True,True
2420,EMP0029,HR,2025-12-06,Entertainment,3651,1000,True,True,True
2421,EMP0029,HR,2025-12-05,Taxi,1645,1500,False,True,True
2422,EMP0107,Marketing,2026-01-31,Entertainment,1706,1000,True,False,True
2423,EMP0107,Marketing,2026-02-01,Taxi,1217,1500,True,True,True
2424,EMP0107,Marketing,2026-02-01,Entertainment,1016,1000,True,True,True
2425,EMP0107,Marketing,2026-02-03,Hotel,8040,8000,False,False,False
2426,EMP0063,Sales,2026-02-20,Hotel,7604,8000,False,True,True
2427,EMP0063,Sales,2026-02-20,Meals,737,1000,False,True,True
2428,EMP0063,Sales,2026-02-19,Hotel,10693,8000,False,False,True
2429,EMP0063,Sales,2026-02-18,Entertainment,879,1000,False,True,True
2430,EMP0021,Engineering,2025-10-26,Meals,949,1000,True,True,True
2431,EMP0021,Engineering,2025-10-25,Entertainment,750,1000,True,True,True
2432,EMP0021,Engineering,2025-10-27,Meals,748,1000,False,True,False
2433,EMP0044,Marketing,2026-01-30,Hotel,7200,8000,False,True,True
2434,EMP0044,Marketing,2026-01-29,Entertainment,1015,1000,False,True,True
2435,EMP0044,Marketing,2026-01-29,Meals,1029,1000,False,True,True
2436,EMP0044,Marketing,2026-01-28,Entertainment,818,1000,False,True,True
2437,EMP0097,Sales,2026-01-30,Taxi,1553,1500,False,True,True
2438,EMP0097,Sales,2026-01-31,Meals,1052,1000,True,True,False
2439,EMP0057,HR,2026-01-24,Hotel,8179,8000,True,True,True
2440,EMP0057,HR,2026-01-22,Taxi,1518,1500,False,True,True
2441,EMP0061,Marketing,2025-12-24,Taxi,1670,1500,False,True,True
2442,EMP0061,Marketing,2025-12-26,Entertainment,613,1000,False,True,False
2443,EMP0032,Engineering,2025-12-14,Taxi,1176,1500,True,True,True
2444,EMP0032,Engineering,2025-12-14,Entertainment,823,1000,True,True,True
2445,EMP0032,Engineering,2025-12-16,Hotel,5886,8000,False,True,True
2446,EMP0032,Engineering,2025-12-14,Meals,708,1000,True,False,True
2447,EMP0088,Marketing,2025-12-19,Hotel,8895,8000,False,True,True
2448,EMP0088,Marketing,2025-12-18,Taxi,1310,1500,False,True,True
2449,EMP0088,Marketing,2025-12-16,Taxi,1805,1500,False,True,True
2450,EMP0005,Engineering,2025-10-29,Meals,764,1000,False,True,True
2451,EMP0005,Engineering,2025-10-31,Entertainment,815,1000,False,True,True
2452,EMP0005,Engineering,2025-10-28,Taxi,1486,1500,False,False,True
2453,EMP0005,Engineering,2025-10-31,Hotel,6241,8000,False,False,True
2454,EMP0005,Engineering,2025-10-29,Meals,738,1000,False,False,True
2455,EMP0093,Marketing,2025-10-24,Taxi,1620,1500,False,True,True
2456,EMP0093,Marketing,2025-10-24,Taxi,1565,1500,False,True,True
2457,EMP0080,HR,2025-12-17,Hotel,5614,8000,False,False,True
2458,EMP0080,HR,2025-12-19,Hotel,6835,8000,False,True,True
2459,EMP0050,Engineering,2025-12-29,Taxi,922,1500,False,True,True
2460,EMP0050,Engineering,2026-01-01,Meals,644,1000,False,True,True
2461,EMP0021,Sales,2026-02-14,Meals,891,1000,True,True,True
2462,EMP0021,Sales,2026-02-11,Entertainment,934,1000,False,True,False
2463,EMP0021,Sales,2026-02-11,Taxi,2204,1500,False,True,True
2464,EMP0065,Marketing,2025-10-27,Meals,784,1000,False,True,True
2465,EMP0065,Marketing,2025-10-27,Meals,1332,1000,False,True,True
2466,EMP0075,HR,2026-02-15,Entertainment,1343,1000,True,True,True
2467,EMP0075,HR,2026-02-13,Hotel,8574,8000,False,True,True
2468,EMP0075,HR,2026-02-14,Entertainment,741,1000,True,True,True
2469,EMP0075,HR,2026-02-15,Hotel,6416,8000,True,True,True
2470,EMP0075,HR,2026-02-12,Entertainment,871,1000,False,True,True
2471,EMP0067,Engineering,2025-12-04,Hotel,5968,8000,False,True,True
2472,EMP0067,Engineering,2025-12-01,Taxi,1093,1500,False,True,True
2473,EMP0067,Engineering,2025-12-04,Entertainment,899,1000,False,True,True
2474,EMP0017,Finance,2025-12-20,Meals,821,1000,True,True,True
2475,EMP0017,Finance,2025-12-20,Taxi,1294,1500,True,True,False
2476,EMP0017,Finance,2025-12-18,Hotel,8731,8000,False,True,True
2477,EMP0017,Finance,2025-12-19,Taxi,1506,1500,False,True,True
2478,EMP0082,Finance,2026-01-18,Meals,913,1000,True,True,True
2479,EMP0082,Finance,2026-01-19,Hotel,7862,8000,False,True,True
2480,EMP0082,Finance,2026-01-17,Meals,930,1000,True,True,True
2481,EMP0082,Finance,2026-01-18,Entertainment,932,1000,True,True,True
2482,EMP0066,HR,2026-01-18,Entertainment,1905,1000,True,True,True
2483,EMP0066,HR,2026-01-17,Hotel,5615,8000,True,False,True
2484,EMP0066,HR,2026-01-20,Taxi,1666,1500,False,True,True
2485,EMP0066,HR,2026-01-20,Taxi,1396,1500,False,True,True
2486,EMP0066,HR,2026-01-20,Taxi,1276,1500,False,True,True
2487,EMP0016,Marketing,2025-11-28,Meals,1058,1000,False,True,True
2488,EMP0016,Marketing,2025-11-29,Taxi,1061,1500,True,True,True
2489,EMP0016,Marketing,2025-11-30,Taxi,980,1500,True,True,True
2490,EMP0016,Marketing,2025-11-28,Taxi,931,1500,False,True,True
2491,EMP0063,Sales,2025-11-10,Hotel,8925,8000,False,True,True
2492,EMP0063,Sales,2025-11-10,Meals,935,1000,False,True,True
2493,EMP0063,Sales,2025-11-09,Meals,711,1000,True,True,True
2494,EMP0063,Sales,2025-11-10,Meals,1094,1000,False,True,True
2495,EMP0063,Sales,2025-11-11,Hotel,6443,8000,False,True,True
2496,EMP0009,Sales,2025-12-22,Taxi,1055,1500,False,True,True
2497,EMP0009,Sales,2025-12-24,Meals,621,1000,False,True,True
2498,EMP0098,Finance,2025-12-20,Taxi,1575,1500,True,True,True
2499,EMP0098,Finance,2025-12-19,Hotel,11191,8000,False,True,True
2500,EMP0098,Finance,2025-12-20,Taxi,1278,1500,True,True,False
2501,EMP0098,Finance,2025-12-17,Entertainment,756,1000,False,True,True
2502,EMP0116,Finance,2025-12-30,Meals,891,1000,False,True,True
2503,EMP0116,Finance,2025-12-29,Entertainment,800,1000,False,True,True
2504,EMP0116,Finance,2026-01-01,Entertainment,655,1000,False,True,True
2505,EMP0116,Finance,2025-12-31,Meals,722,1000,False,True,True
2506,EMP0091,Marketing,2026-01-14,Entertainment,812,1000,False,False,True
2507,EMP0091,Marketing,2026-01-14,Entertainment,643,1000,False,True,True
2508,EMP0073,HR,2026-01-27,Entertainment,826,1000,False,True,True
2509,EMP0073,HR,2026-01-25,Entertainment,937,1000,True,True,True
2510,EMP0073,HR,2026-01-25,Taxi,905,1500,True,True,True
2511,EMP0073,HR,2026-01-28,Hotel,4966,8000,False,True,False
2512,EMP0073,HR,2026-01-26,Meals,641,1000,False,True,True
2513,EMP0036,Engineering,2026-02-05,Entertainment,782,1000,False,True,True
2514,EMP0036,Engineering,2026-02-04,Entertainment,914,1000,False,True,True
2515,EMP0036,Engineering,2026-02-04,Taxi,1553,1500,False,True,True
2516,EMP0044,Finance,2025-12-14,Taxi,1423,1500,True,True,True
2517,EMP0044,Finance,2025-12-15,Hotel,6449,8000,False,True,False
2518,EMP0044,Finance,2025-12-13,Taxi,1614,1500,True,True,True
2519,EMP0044,Finance,2025-12-15,Meals,955,1000,False,True,True
2520,EMP0044,Finance,2025-12-14,Meals,695,1000,True,True,True
2521,EMP0033,Sales,2025-11-30,Entertainment,603,1000,True,True,True
2522,EMP0033,Sales,2025-11-29,Meals,888,1000,True,True,True
2523,EMP0033,Sales,2025-11-30,Taxi,1238,1500,True,True,True
2524,EMP0033,Sales,2025-11-29,Hotel,8113,8000,True,True,True
2525,EMP0033,Sales,2025-12-01,Entertainment,951,1000,False,True,True
2526,EMP0039,Finance,2025-12-03,Entertainment,646,1000,False,True,True
2527,EMP0039,Finance,2025-12-03,Meals,789,1000,False,True,True
2528,EMP0039,Finance,2025-12-01,Hotel,8671,8000,False,True,True
2529,EMP0097,HR,2025-11-22,Meals,960,1000,True,True,True
2530,EMP0097,HR,2025-11-21,Entertainment,1376,1000,False,False,True
2531,EMP0082,Engineering,2025-11-26,Meals,1288,1000,False,True,True
2532,EMP0082,Engineering,2025-11-25,Taxi,1634,1500,False,True,True
2533,EMP0082,Engineering,2025-11-24,Hotel,7455,8000,False,False,True
2534,EMP0082,Engineering,2025-11-26,Meals,795,1000,False,True,True
2535,EMP0082,Engineering,2025-11-27,Taxi,1010,1500,False,True,True
2536,EMP0027,Engineering,2025-12-29,Hotel,7840,8000,False,True,True
2537,EMP0027,Engineering,2025-12-29,Meals,880,1000,False,False,True
2538,EMP0027,Engineering,2025-12-30,Meals,1194,1000,False,True,True
2539,EMP0107,HR,2026-01-15,Meals,624,1000,False,False,True
2540,EMP0107,HR,2026-01-13,Hotel,6909,8000,False,True,True
2541,EMP0088,Finance,2026-02-08,Hotel,8204,8000,True,True,True
2542,EMP0088,Finance,2026-02-06,Hotel,7590,8000,False,False,True
2543,EMP0088,Finance,2026-02-08,Taxi,1385,1500,True,True,True
2544,EMP0088,Finance,2026-02-05,Hotel,8656,8000,False,True,False
2545,EMP0088,Finance,2026-02-08,Taxi,1421,1500,True,True,True
2546,EMP0051,Sales,2026-01-21,Entertainment,777,1000,False,True,False
2547,EMP0051,Sales,2026-01-24,Taxi,1080,1500,True,True,False
2548,EMP0051,Sales,2026-01-23,Hotel,7722,8000,False,True,True
2549,EMP0044,Marketing,2025-12-19,Hotel,5223,8000,False,True,True
2550,EMP0044,Marketing,2025-12-20,Hotel,5556,8000,True,True,True
2551,EMP0117,Engineering,2026-02-18,Hotel,6838,8000,False,True,True
2552,EMP0117,Engineering,2026-02-18,Entertainment,1031,1000,False,True,True
2553,EMP0117,Engineering,2026-02-18,Taxi,1062,1500,False,True,True
2554,EMP0117,Engineering,2026-02-16,Hotel,6691,8000,False,True,True
2555,EMP0117,Engineering,2026-02-18,Hotel,6503,8000,False,True,True
2556,EMP0098,Finance,2025-11-03,Meals,1081,1000,False,True,True
2557,EMP0098,Finance,2025-11-01,Meals,913,1000,True,True,True
2558,EMP0105,Finance,2025-12-08,Taxi,1297,1500,False,True,True
2559,EMP0105,Finance,2025-12-06,Taxi,1076,1500,True,True,True
2560,EMP0003,Marketing,2026-02-17,Entertainment,987,1000,False,True,True
2561,EMP0003,Marketing,2026-02-16,Meals,879,1000,False,False,True
2562,EMP0029,Engineering,2025-12-06,Taxi,1239,1500,True,True,True
2563,EMP0029,Engineering,2025-12-06,Entertainment,820,1000,True,False,True
2564,EMP0029,Engineering,2025-12-08,Entertainment,942,1000,False,True,True
2565,EMP0029,Engineering,2025-12-08,Meals,762,1000,False,True,True
2566,EMP0015,Marketing,2025-12-26,Hotel,5615,8000,False,True,True
2567,EMP0015,Marketing,2025-12-25,Taxi,1162,1500,False,True,True
2568,EMP0009,Engineering,2026-02-19,Hotel,4926,8000,False,False,True
2569,EMP0009,Engineering,2026-02-19,Meals,857,1000,False,True,True
2570,EMP0009,Engineering,2026-02-20,Taxi,1382,1500,False,True,True
2571,EMP0009,Engineering,2026-02-18,Entertainment,888,1000,False,True,True
2572,EMP0069,HR,2026-01-18,Meals,762,1000,True,True,True
2573,EMP0069,HR,2026-01-18,Taxi,2232,1500,True,True,True
2574,EMP0069,HR,2026-01-19,Hotel,7660,8000,False,True,True
2575,EMP0069,HR,2026-01-16,Meals,1025,1000,False,True,True
2576,EMP0069,HR,2026-01-16,Hotel,8705,8000,False,True,True
2577,EMP0109,Finance,2025-11-06,Taxi,1296,1500,False,False,True
2578,EMP0109,Finance,2025-11-07,Meals,1222,1000,False,True,True
2579,EMP0109,Finance,2025-11-08,Meals,743,1000,True,True,True
2580,EMP0109,Finance,2025-11-07,Taxi,1581,1500,False,False,True
2581,EMP0109,Finance,2025-11-05,Entertainment,1015,1000,False,True,True
2582,EMP0054,HR,2025-12-01,Entertainment,1357,1000,False,True,True
2583,EMP0054,HR,2025-12-01,Taxi,1107,1500,False,True,False
2584,EMP0054,HR,2025-12-02,Taxi,1837,1500,False,True,True
2585,EMP0055,Sales,2025-11-15,Meals,820,1000,True,True,True
2586,EMP0055,Sales,2025-11-16,Taxi,955,1500,True,True,True
2587,EMP0055,Sales,2025-11-16,Meals,682,1000,True,True,True
2588,EMP0104,Sales,2026-02-02,Meals,818,1000,False,True,True
2589,EMP0104,Sales,2026-02-02,Taxi,991,1500,False,True,True
2590,EMP0104,Sales,2026-02-01,Meals,858,1000,True,True,False
2591,EMP0104,Sales,2026-02-03,Taxi,1422,1500,False,True,True
2592,EMP0104,Sales,2026-02-02,Meals,963,1000,False,True,True
2593,EMP0106,Marketing,2026-01-31,Taxi,1027,1500,True,False,True
2594,EMP0106,Marketing,2026-02-01,Meals,680,1000,True,True,True
2595,EMP0106,Marketing,2026-01-30,Taxi,1113,1500,False,True,True
2596,EMP0005,Finance,2026-02-12,Hotel,7121,8000,False,True,True
2597,EMP0005,Finance,2026-02-11,Meals,1014,1000,False,True,True
2598,EMP0005,Finance,2026-02-12,Meals,625,1000,False,True,True
2599,EMP0005,Finance,2026-02-14,Hotel,6412,8000,True,True,True
2600,EMP0072,Sales,2026-02-07,Hotel,8557,8000,True,True,True
2601,EMP0072,Sales,2026-02-06,Taxi,1584,1500,False,True,True
2602,EMP0072,Sales,2026-02-08,Meals,866,1000,True,True,True
2603,EMP0080,Sales,2025-12-09,Entertainment,858,1000,False,True,True
2604,EMP0080,Sales,2025-12-10,Entertainment,744,1000,False,False,False
2605,EMP0025,Sales,2025-10-24,Entertainment,797,1000,False,True,True
2606,EMP0025,Sales,2025-10-23,Entertainment,785,1000,False,True,True
2607,EMP0025,Sales,2025-10-23,Taxi,1081,1500,False,True,True
2608,EMP0093,HR,2025-11-13,Hotel,9473,8000,False,True,False
2609,EMP0093,HR,2025-11-16,Hotel,7633,8000,True,True,False
2610,EMP0093,HR,2025-11-16,Hotel,11385,8000,True,True,True
2611,EMP0093,HR,2025-11-13,Meals,720,1000,False,True,True
2612,EMP0093,HR,2025-11-13,Meals,943,1000,False,True,True
2613,EMP0114,HR,2025-11-10,Entertainment,999,1000,False,True,True
2614,EMP0114,HR,2025-11-10,Hotel,8923,8000,False,True,True
2615,EMP0114,HR,2025-11-09,Entertainment,842,1000,True,False,True
2616,EMP0114,HR,2025-11-10,Entertainment,949,1000,False,True,True
2617,EMP0114,HR,2025-11-09,Entertainment,1053,1000,True,True,True
2618,EMP0019,Sales,2025-12-24,Hotel,6712,8000,False,False,True
2619,EMP0019,Sales,2025-12-26,Entertainment,1051,1000,False,True,True
2620,EMP0019,Sales,2025-12-25,Taxi,1306,1500,False,True,True
2621,EMP0019,Sales,2025-12-25,Meals,759,1000,False,True,True
2622,EMP0019,Sales,2025-12-27,Meals,1091,1000,True,True,True
2623,EMP0086,Finance,2026-01-19,Taxi,1393,1500,False,True,True
2624,EMP0086,Finance,2026-01-20,Taxi,1183,1500,False,False,True
2625,EMP0021,Sales,2026-02-10,Entertainment,1005,1000,False,True,True
2626,EMP0021,Sales,2026-02-12,Taxi,1454,1500,False,True,False
2627,EMP0031,Finance,2026-01-27,Taxi,1047,1500,False,True,True
2628,EMP0031,Finance,2026-01-27,Taxi,1588,1500,False,True,True
2629,EMP0031,Finance,2026-01-27,Meals,898,1000,False,True,True
2630,EMP0031,Finance,2026-01-28,Hotel,6407,8000,False,True,False
2631,EMP0010,Marketing,2026-01-02,Meals,632,1000,False,False,False
2632,EMP0010,Marketing,2026-01-01,Entertainment,730,1000,False,True,True
2633,EMP0010,Marketing,2025-12-31,Hotel,13880,8000,False,True,True
2634,EMP0010,Marketing,2026-01-01,Meals,857,1000,False,False,True
2635,EMP0026,Marketing,2025-11-20,Taxi,1406,1500,False,False,True
2636,EMP0026,Marketing,2025-11-18,Entertainment,952,1000,False,False,True
2637,EMP0026,Marketing,2025-11-19,Hotel,5081,8000,False,True,True
2638,EMP0117,Sales,2026-02-07,Meals,680,1000,True,True,True
2639,EMP0117,Sales,2026-02-06,Taxi,1817,1500,False,False,True
2640,EMP0048,Engineering,2026-02-03,Entertainment,748,1000,False,True,True
2641,EMP0048,Engineering,2026-02-01,Meals,779,1000,True,True,True
2642,EMP0048,Marketing,2025-12-15,Meals,858,1000,False,True,True
2643,EMP0048,Marketing,2025-12-17,Hotel,7366,8000,False,True,True
2644,EMP0048,Marketing,2025-12-14,Hotel,6812,8000,True,True,True
2645,EMP0048,Marketing,2025-12-16,Hotel,5652,8000,False,True,True
2646,EMP0048,Marketing,2025-12-16,Hotel,6120,8000,False,True,True
2647,EMP0020,Marketing,2025-10-27,Taxi,1049,1500,False,True,False
2648,EMP0020,Marketing,2025-10-29,Hotel,5332,8000,False,True,False
2649,EMP0102,HR,2025-11-13,Entertainment,811,1000,False,True,True
2650,EMP0102,HR,2025-11-14,Meals,788,1000,False,True,True
2651,EMP0102,HR,2025-11-14,Hotel,6764,8000,False,True,True
2652,EMP0068,Finance,2025-12-26,Entertainment,1261,1000,False,True,True
2653,EMP0068,Finance,2025-12-26,Entertainment,921,1000,False,True,True
2654,EMP0115,Engineering,2026-02-10,Meals,780,1000,False,True,True
2655,EMP0115,Engineering,2026-02-08,Hotel,7380,8000,True,True,True
2656,EMP0115,Engineering,2026-02-08,Meals,849,1000,True,True,True
2657,EMP0011,Engineering,2025-11-27,Entertainment,773,1000,False,True,True
2658,EMP0011,Engineering,2025-11-27,Entertainment,983,1000,False,True,True
2659,EMP0060,Finance,2025-12-09,Meals,1050,1000,False,True,True
2660,EMP0060,Finance,2025-12-10,Entertainment,640,1000,False,True,False
2661,EMP0060,Finance,2025-12-09,Entertainment,1023,1000,False,True,False
2662,EMP0010,Marketing,2025-11-29,Meals,698,1000,True,True,True
2663,EMP0010,Marketing,2025-11-29,Taxi,1411,1500,True,True,True
2664,EMP0010,Marketing,2025-11-29,Taxi,1111,1500,True,True,True
2665,EMP0010,Marketing,2025-11-30,Hotel,6671,8000,True,False,True
2666,EMP0010,Marketing,2025-11-28,Entertainment,1087,1000,False,True,True
2667,EMP0033,Marketing,2026-02-03,Hotel,9853,8000,False,True,True
2668,EMP0033,Marketing,2026-02-02,Hotel,8748,8000,False,True,True
2669,EMP0002,Marketing,2026-02-06,Taxi,2055,1500,False,True,True
2670,EMP0002,Marketing,2026-02-06,Taxi,1649,1500,False,False,True
2671,EMP0002,Marketing,2026-02-04,Hotel,7878,8000,False,False,True
2672,EMP0002,Marketing,2026-02-06,Taxi,1510,1500,False,True,True
2673,EMP0002,Marketing,2026-02-04,Meals,721,1000,False,True,True
2674,EMP0098,Engineering,2025-11-19,Entertainment,1277,1000,False,True,True
2675,EMP0098,Engineering,2025-11-21,Hotel,7202,8000,False,True,True
2676,EMP0098,Engineering,2025-11-21,Meals,999,1000,False,False,True
2677,EMP0098,Engineering,2025-11-20,Hotel,5844,8000,False,True,True
2678,EMP0102,Sales,2026-02-06,Meals,1064,1000,False,True,True
2679,EMP0102,Sales,2026-02-07,Taxi,1308,1500,True,True,True
2680,EMP0102,Sales,2026-02-06,Taxi,1776,1500,False,True,True
2681,EMP0102,Sales,2026-02-06,Hotel,4886,8000,False,False,True
2682,EMP0040,Sales,2026-02-03,Entertainment,1044,1000,False,True,True
2683,EMP0040,Sales,2026-02-02,Taxi,1184,1500,False,False,True
2684,EMP0040,Sales,2026-02-01,Entertainment,1521,1000,True,False,True
2685,EMP0076,Sales,2026-02-01,Meals,905,1000,True,True,True
2686,EMP0076,Sales,2026-01-31,Meals,1647,1000,True,True,True
2687,EMP0076,Sales,2026-02-01,Hotel,7415,8000,True,True,True
2688,EMP0078,HR,2026-02-09,Taxi,1136,1500,False,True,True
2689,EMP0078,HR,2026-02-10,Taxi,1672,1500,False,True,True
2690,EMP0078,HR,2026-02-10,Taxi,1057,1500,False,False,True
2691,EMP0058,Marketing,2025-11-12,Hotel,7679,8000,False,True,True
2692,EMP0058,Marketing,2025-11-11,Taxi,1325,1500,False,True,True
2693,EMP0058,Marketing,2025-11-11,Taxi,1420,1500,False,True,True
2694,EMP0050,Marketing,2025-11-21,Meals,614,1000,False,True,True
2695,EMP0050,Marketing,2025-11-22,Meals,1004,1000,True,True,True
2696,EMP0050,Marketing,2025-11-21,Entertainment,690,1000,False,True,True
2697,EMP0053,Finance,2025-11-06,Taxi,1324,1500,False,True,True
2698,EMP0053,Finance,2025-11-06,Hotel,9660,8000,False,True,True
2699,EMP0053,Finance,2025-11-07,Entertainment,748,1000,False,False,True
2700,EMP0053,Finance,2025-11-06,Taxi,1501,1500,False,True,True
2701,EMP0056,Finance,2026-01-09,Taxi,1143,1500,False,False,True
2702,EMP0056,Finance,2026-01-07,Hotel,8238,8000,False,False,True
2703,EMP0056,Finance,2026-01-06,Hotel,5170,8000,False,True,False
2704,EMP0056,Finance,2026-01-07,Entertainment,1021,1000,False,True,True
2705,EMP0019,Finance,2026-02-04,Hotel,6242,8000,False,True,True
2706,EMP0019,Finance,2026-02-04,Taxi,993,1500,False,True,True
2707,EMP0019,Finance,2026-02-04,Meals,974,1000,False,True,True
2708,EMP0074,Sales,2025-11-02,Taxi,1244,1500,True,True,False
2709,EMP0074,Sales,2025-11-01,Hotel,7945,8000,True,False,True
2710,EMP0074,Sales,2025-11-03,Taxi,1594,1500,False,True,True
2711,EMP0074,Sales,2025-11-04,Taxi,1449,1500,False,True,True
2712,EMP0106,Engineering,2025-11-23,Hotel,7524,8000,True,True,True
2713,EMP0106,Engineering,2025-11-22,Meals,981,1000,True,False,True
2714,EMP0006,Engineering,2025-11-26,Hotel,9139,8000,False,True,True
2715,EMP0006,Engineering,2025-11-25,Taxi,1108,1500,False,True,True
2716,EMP0006,Engineering,2025-11-26,Meals,876,1000,False,True,True
2717,EMP0016,Marketing,2026-01-25,Taxi,1603,1500,True,True,True
2718,EMP0016,Marketing,2026-01-25,Entertainment,838,1000,True,True,True
2719,EMP0010,Finance,2025-12-06,Hotel,6761,8000,True,True,True
2720,EMP0010,Finance,2025-12-05,Taxi,1062,1500,False,True,False
2721,EMP0010,Finance,2025-12-04,Hotel,10631,8000,False,False,True
2722,EMP0063,Finance,2025-11-02,Meals,891,1000,True,True,True
2723,EMP0063,Finance,2025-11-02,Meals,696,1000,True,True,False
2724,EMP0063,Finance,2025-11-03,Hotel,8685,8000,False,True,True
2725,EMP0023,Marketing,2025-12-30,Taxi,1522,1500,False,True,True
2726,EMP0023,Marketing,2025-12-28,Entertainment,2193,1000,True,True,True
2727,EMP0028,Sales,2025-12-31,Entertainment,824,1000,False,True,False
2728,EMP0028,Sales,2025-12-29,Hotel,8356,8000,False,True,True
2729,EMP0028,Sales,2025-12-28,Taxi,1570,1500,True,True,True
2730,EMP0115,Sales,2026-01-18,Meals,805,1000,True,True,True
2731,EMP0115,Sales,2026-01-18,Entertainment,613,1000,True,False,False
2732,EMP0115,Sales,2026-01-19,Meals,773,1000,False,False,True
2733,EMP0115,Sales,2026-01-17,Hotel,5325,8000,True,True,True
2734,EMP0048,Engineering,2025-11-01,Taxi,1245,1500,True,True,True
2735,EMP0048,Engineering,2025-11-01,Entertainment,1009,1000,True,True,True
2736,EMP0048,Engineering,2025-11-01,Taxi,1975,1500,True,True,True
2737,EMP0048,Engineering,2025-11-01,Entertainment,623,1000,True,True,True
2738,EMP0048,Engineering,2025-11-03,Hotel,6162,8000,False,False,True
2739,EMP0113,Sales,2025-11-13,Meals,767,1000,False,True,True
2740,EMP0113,Sales,2025-11-14,Entertainment,806,1000,False,True,True
2741,EMP0113,Sales,2025-11-13,Hotel,5217,8000,False,True,True
2742,EMP0113,Sales,2025-11-13,Meals,996,1000,False,True,True
2743,EMP0080,Engineering,2025-12-12,Meals,1469,1000,False,True,True
2744,EMP0080,Engineering,2025-12-11,Taxi,1543,1500,False,True,True
2745,EMP0080,Engineering,2025-12-13,Hotel,8286,8000,True,True,True
2746,EMP0080,Engineering,2025-12-12,Hotel,6931,8000,False,True,False
2747,EMP0002,Finance,2025-12-21,Meals,922,1000,True,True,True
2748,EMP0002,Finance,2025-12-20,Hotel,8598,8000,True,True,True
2749,EMP0053,Marketing,2025-12-24,Taxi,1969,1500,False,True,True
2750,EMP0053,Marketing,2025-12-26,Meals,970,1000,False,True,True
2751,EMP0053,Marketing,2025-12-25,Entertainment,1091,1000,False,True,True
2752,EMP0053,Marketing,2025-12-23,Hotel,5970,8000,False,True,True
2753,EMP0053,Marketing,2025-12-26,Meals,786,1000,False,True,True
2754,EMP0050,Engineering,2025-11-13,Meals,934,1000,False,True,False
2755,EMP0050,Engineering,2025-11-15,Taxi,988,1500,True,False,False
2756,EMP0050,Engineering,2025-11-13,Meals,1458,1000,False,True,True
2757,EMP0066,Engineering,2026-01-06,Meals,717,1000,False,True,True
2758,EMP0066,Engineering,2026-01-04,Hotel,4827,8000,True,True,True
2759,EMP0066,Engineering,2026-01-07,Taxi,1508,1500,False,True,True
2760,EMP0066,Engineering,2026-01-04,Entertainment,1096,1000,True,True,True
2761,EMP0095,Finance,2026-01-09,Entertainment,894,1000,False,True,True
2762,EMP0095,Finance,2026-01-11,Hotel,11286,8000,True,True,True
2763,EMP0095,Finance,2026-01-10,Hotel,11216,8000,True,True,True
2764,EMP0095,Finance,2026-01-08,Meals,991,1000,False,True,True
2765,EMP0031,HR,2026-01-25,Taxi,1047,1500,True,True,True
2766,EMP0031,HR,2026-01-24,Hotel,6814,8000,True,True,True
2767,EMP0031,HR,2026-01-26,Taxi,1430,1500,False,True,True
2768,EMP0031,HR,2026-01-25,Taxi,1525,1500,True,True,True
2769,EMP0031,HR,2026-01-25,Hotel,7107,8000,True,False,True
2770,EMP0037,Sales,2026-02-09,Meals,686,1000,False,True,True
2771,EMP0037,Sales,2026-02-07,Meals,668,1000,True,True,True
2772,EMP0037,Sales,2026-02-06,Entertainment,757,1000,False,True,True
2773,EMP0037,Sales,2026-02-07,Meals,1523,1000,True,True,True
2774,EMP0090,Engineering,2026-02-12,Taxi,1240,1500,False,True,True
2775,EMP0090,Engineering,2026-02-09,Taxi,1450,1500,False,True,True
2776,EMP0090,Engineering,2026-02-11,Taxi,1213,1500,False,True,True
2777,EMP0090,Engineering,2026-02-12,Meals,942,1000,False,True,True
2778,EMP0009,Engineering,2026-01-13,Hotel,8528,8000,False,True,True
2779,EMP0009,Engineering,2026-01-13,Taxi,2185,1500,False,True,True
2780,EMP0009,Engineering,2026-01-11,Taxi,1339,1500,True,False,False
2781,EMP0009,Engineering,2026-01-13,Meals,781,1000,False,True,True
2782,EMP0009,Engineering,2026-01-13,Entertainment,1098,1000,False,True,True
2783,EMP0011,Finance,2025-12-22,Meals,638,1000,False,True,True
2784,EMP0011,Finance,2025-12-22,Entertainment,991,1000,False,True,True
2785,EMP0011,Finance,2025-12-19,Taxi,946,1500,False,True,True
2786,EMP0058,Engineering,2026-02-08,Entertainment,938,1000,True,True,True
2787,EMP0058,Engineering,2026-02-09,Entertainment,887,1000,False,False,True
2788,EMP0058,Engineering,2026-02-08,Taxi,1200,1500,True,True,True
2789,EMP0058,Engineering,2026-02-10,Hotel,6286,8000,False,True,True
2790,EMP0058,Engineering,2026-02-10,Meals,920,1000,False,False,True
2791,EMP0079,Finance,2026-02-02,Taxi,1603,1500,False,False,True
2792,EMP0079,Finance,2026-02-02,Hotel,7426,8000,False,False,False
2793,EMP0079,Finance,2026-02-03,Hotel,7428,8000,False,True,True
2794,EMP0033,Finance,2025-12-01,Hotel,5073,8000,False,False,True
2795,EMP0033,Finance,2025-11-29,Hotel,7570,8000,True,True,False
2796,EMP0033,Finance,2025-11-30,Hotel,5854,8000,True,True,True
2797,EMP0033,Finance,2025-11-30,Hotel,7167,8000,True,False,False
2798,EMP0020,Engineering,2025-10-25,Entertainment,1368,1000,True,True,True
2799,EMP0020,Engineering,2025-10-22,Meals,1471,1000,False,False,True
2800,EMP0020,Engineering,2025-10-22,Meals,939,1000,False,True,True
2801,EMP0020,Engineering,2025-10-22,Entertainment,693,1000,False,True,True
2802,EMP0076,Sales,2026-02-13,Meals,918,1000,False,True,True
2803,EMP0076,Sales,2026-02-12,Hotel,8105,8000,False,True,True
2804,EMP0076,Sales,2026-02-12,Entertainment,617,1000,False,True,True
2805,EMP0045,HR,2025-12-24,Entertainment,788,1000,False,True,True
2806,EMP0045,HR,2025-12-22,Entertainment,1315,1000,False,True,True
2807,EMP0045,HR,2025-12-22,Taxi,1404,1500,False,True,True
2808,EMP0005,Marketing,2026-01-21,Entertainment,624,1000,False,True,False
2809,EMP0005,Marketing,2026-01-20,Entertainment,1070,1000,False,False,True
2810,EMP0005,Marketing,2026-01-19,Hotel,5358,8000,False,True,True
2811,EMP0005,Marketing,2026-01-19,Meals,1468,1000,False,True,True
2812,EMP0085,Engineering,2025-11-05,Entertainment,978,1000,False,True,True
2813,EMP0085,Engineering,2025-11-06,Hotel,6172,8000,False,True,True
2814,EMP0085,Engineering,2025-11-07,Taxi,1610,1500,False,True,False
2815,EMP0085,Engineering,2025-11-07,Taxi,2173,1500,False,True,True
2816,EMP0089,Marketing,2025-12-29,Entertainment,1340,1000,False,True,False
2817,EMP0089,Marketing,2025-12-28,Taxi,2486,1500,True,True,True
2818,EMP0089,Marketing,2025-12-28,Entertainment,818,1000,True,True,True
2819,EMP0103,Marketing,2025-11-26,Entertainment,1006,1000,False,True,True
2820,EMP0103,Marketing,2025-11-25,Meals,901,1000,False,True,True
2821,EMP0103,Marketing,2025-11-24,Meals,674,1000,False,True,True
2822,EMP0103,Marketing,2025-11-26,Taxi,1246,1500,False,False,True
2823,EMP0068,Finance,2025-11-29,Meals,1360,1000,True,True,True
2824,EMP0068,Finance,2025-11-26,Taxi,934,1500,False,True,True
2825,EMP0015,Finance,2026-02-05,Entertainment,733,1000,False,True,True
2826,EMP0015,Finance,2026-02-02,Hotel,8740,8000,False,False,True
2827,EMP0015,Finance,2026-02-05,Meals,1422,1000,False,True,True
2828,EMP0015,Finance,2026-02-04,Entertainment,678,1000,False,True,True
2829,EMP0116,Finance,2026-01-12,Taxi,979,1500,False,True,True
2830,EMP0116,Finance,2026-01-10,Taxi,1131,1500,True,True,True
2831,EMP0116,Finance,2026-01-11,Entertainment,857,1000,True,True,True
2832,EMP0116,Finance,2026-01-11,Taxi,1201,1500,True,True,True
2833,EMP0116,Finance,2026-01-12,Taxi,1390,1500,False,True,True
2834,EMP0063,Sales,2025-10-29,Entertainment,955,1000,False,True,True
2835,EMP0063,Sales,2025-10-30,Hotel,8553,8000,False,True,True
2836,EMP0063,Sales,2025-10-30,Entertainment,660,1000,False,True,False
2837,EMP0098,Marketing,2025-12-20,Taxi,1490,1500,True,True,True
2838,EMP0098,Marketing,2025-12-22,Hotel,7614,8000,False,False,True
2839,EMP0086,Finance,2026-01-07,Meals,992,1000,False,True,False
2840,EMP0086,Finance,2026-01-10,Entertainment,2288,1000,True,True,True
2841,EMP0086,Finance,2026-01-07,Entertainment,959,1000,False,True,True
2842,EMP0086,Finance,2026-01-09,Taxi,1164,1500,False,True,True
2843,EMP0086,Finance,2026-01-10,Entertainment,2368,1000,True,True,True
2844,EMP0114,Engineering,2026-01-07,Meals,909,1000,False,True,True
2845,EMP0114,Engineering,2026-01-07,Hotel,5515,8000,False,True,True
2846,EMP0114,Engineering,2026-01-08,Entertainment,1431,1000,False,True,True
2847,EMP0085,Finance,2025-12-12,Taxi,965,1500,False,True,False
2848,EMP0085,Finance,2025-12-13,Hotel,10697,8000,True,True,True
2849,EMP0085,Finance,2025-12-13,Taxi,1352,1500,True,True,False
2850,EMP0006,Marketing,2025-12-19,Hotel,6631,8000,False,True,False
2851,EMP0006,Marketing,2025-12-18,Entertainment,751,1000,False,True,True
2852,EMP0006,Marketing,2025-12-19,Entertainment,1064,1000,False,True,True
2853,EMP0006,Marketing,2025-12-17,Taxi,1288,1500,False,False,True
2854,EMP0120,Finance,2026-02-09,Taxi,1334,1500,False,True,True
2855,EMP0120,Finance,2026-02-08,Hotel,6308,8000,True,False,True
2856,EMP0101,HR,2025-11-09,Taxi,1883,1500,True,False,True
2857,EMP0101,HR,2025-11-07,Hotel,9859,8000,False,True,True
2858,EMP0101,HR,2025-11-08,Entertainment,919,1000,True,True,True
2859,EMP0015,Finance,2025-12-31,Meals,899,1000,False,True,True
2860,EMP0015,Finance,2026-01-01,Hotel,5475,8000,False,True,True
2861,EMP0015,Finance,2025-12-30,Hotel,5887,8000,False,False,True
2862,EMP0015,Finance,2025-12-30,Meals,940,1000,False,True,False
2863,EMP0004,Engineering,2026-02-16,Meals,910,1000,False,True,True
2864,EMP0004,Engineering,2026-02-15,Taxi,935,1500,True,True,True
2865,EMP0004,Engineering,2026-02-13,Entertainment,872,1000,False,True,True
2866,EMP0004,Engineering,2026-02-15,Entertainment,834,1000,True,True,True
2867,EMP0119,HR,2026-01-24,Hotel,7209,8000,True,True,True
2868,EMP0119,HR,2026-01-21,Meals,987,1000,False,True,True
2869,EMP0119,HR,2026-01-24,Meals,707,1000,True,True,True
2870,EMP0083,Marketing,2026-02-14,Entertainment,2261,1000,True,True,True
2871,EMP0083,Marketing,2026-02-14,Entertainment,2421,1000,True,True,True
2872,EMP0083,Marketing,2026-02-17,Hotel,5549,8000,False,True,True
2873,EMP0076,Engineering,2026-02-18,Entertainment,931,1000,False,True,True
2874,EMP0076,Engineering,2026-02-18,Meals,949,1000,False,True,True
2875,EMP0001,Marketing,2026-01-07,Hotel,8275,8000,False,False,True
2876,EMP0001,Marketing,2026-01-06,Entertainment,1024,1000,False,True,True
2877,EMP0029,Sales,2025-10-24,Meals,1056,1000,False,True,True
2878,EMP0029,Sales,2025-10-22,Meals,832,1000,False,False,True
2879,EMP0029,Sales,2025-10-22,Hotel,8463,8000,False,False,True
2880,EMP0029,Sales,2025-10-22,Meals,911,1000,False,True,True
2881,EMP0029,Sales,2025-10-24,Entertainment,913,1000,False,True,True
2882,EMP0059,Engineering,2025-11-29,Meals,1259,1000,True,True,True
2883,EMP0059,Engineering,2025-11-28,Entertainment,948,1000,False,True,True
2884,EMP0059,Engineering,2025-11-27,Taxi,1433,1500,False,True,True
2885,EMP0074,Finance,2026-02-04,Entertainment,984,1000,False,True,True
2886,EMP0074,Finance,2026-02-05,Entertainment,1045,1000,False,True,True
2887,EMP0109,Engineering,2026-01-26,Hotel,9368,8000,False,False,True
2888,EMP0109,Engineering,2026-01-24,Hotel,11436,8000,True,True,True
2889,EMP0044,Finance,2025-12-23,Entertainment,821,1000,False,True,True
2890,EMP0044,Finance,2025-12-20,Taxi,1262,1500,True,False,True
2891,EMP0044,Finance,2025-12-22,Meals,1627,1000,False,True,True
2892,EMP0044,Finance,2025-12-20,Meals,1239,1000,True,True,True
2893,EMP0051,Sales,2025-12-03,Entertainment,806,1000,False,True,True
2894,EMP0051,Sales,2025-12-04,Taxi,1239,1500,False,True,True
2895,EMP0051,Sales,2025-12-01,Entertainment,925,1000,False,True,True
2896,EMP0051,Sales,2025-12-02,Taxi,1141,1500,False,True,True
2897,EMP0096,Engineering,2026-01-13,Hotel,6618,8000,False,True,False
2898,EMP0096,Engineering,2026-01-13,Entertainment,1302,1000,False,False,True
2899,EMP0096,Engineering,2026-01-12,Taxi,1480,1500,False,True,True
2900,EMP0087,Engineering,2025-11-02,Hotel,5091,8000,True,True,True
2901,EMP0087,Engineering,2025-11-02,Taxi,1765,1500,True,True,True
2902,EMP0087,Engineering,2025-11-02,Hotel,7676,8000,True,True,True
2903,EMP0020,Finance,2025-10-28,Hotel,8449,8000,False,False,True
2904,EMP0020,Finance,2025-10-26,Meals,1047,1000,True,True,True
2905,EMP0020,Finance,2025-10-27,Meals,917,1000,False,True,True
2906,EMP0020,Finance,2025-10-25,Meals,1586,1000,True,True,True
2907,EMP0086,Sales,2026-02-11,Hotel,7982,8000,False,True,False
2908,EMP0086,Sales,2026-02-09,Taxi,1100,1500,False,True,True
2909,EMP0086,Sales,2026-02-08,Entertainment,1330,1000,True,False,True
2910,EMP0086,Sales,2026-02-09,Meals,1042,1000,False,True,True
2911,EMP0117,HR,2025-10-25,Entertainment,826,1000,True,True,True
2912,EMP0117,HR,2025-10-24,Entertainment,629,1000,False,True,True
2913,EMP0117,HR,2025-10-25,Entertainment,862,1000,True,True,True
2914,EMP0117,HR,2025-10-26,Entertainment,1078,1000,True,True,True
2915,EMP0090,Finance,2026-01-02,Hotel,5453,8000,False,True,True
2916,EMP0090,Finance,2026-01-05,Entertainment,1345,1000,False,True,True
2917,EMP0090,Finance,2026-01-04,Taxi,1099,1500,True,True,True
2918,EMP0090,Finance,2026-01-05,Taxi,1497,1500,False,True,True
2919,EMP0003,Finance,2026-02-05,Hotel,5464,8000,False,True,True
2920,EMP0003,Finance,2026-02-03,Entertainment,1028,1000,False,False,True
2921,EMP0003,Finance,2026-02-02,Meals,1053,1000,False,True,True
2922,EMP0003,Finance,2026-02-02,Entertainment,787,1000,False,True,True
2923,EMP0003,Finance,2026-02-03,Taxi,1629,1500,False,True,True
2924,EMP0016,Engineering,2026-02-13,Entertainment,697,1000,False,True,True
2925,EMP0016,Engineering,2026-02-12,Taxi,1455,1500,False,False,True
2926,EMP0016,Engineering,2026-02-13,Taxi,1286,1500,False,False,True
2927,EMP0016,Engineering,2026-02-15,Taxi,2106,1500,True,True,True
2928,EMP0016,Engineering,2026-02-13,Taxi,1542,1500,False,True,True
2929,EMP0021,Sales,2025-11-23,Meals,1426,1000,True,True,True
2930,EMP0021,Sales,2025-11-24,Entertainment,930,1000,False,True,True
2931,EMP0021,Sales,2025-11-23,Hotel,5812,8000,True,True,True
2932,EMP0021,Sales,2025-11-24,Hotel,7858,8000,False,True,True
2933,EMP0085,Sales,2025-12-01,Meals,1021,1000,False,False,True
2934,EMP0085,Sales,2025-11-30,Entertainment,840,1000,True,False,True
2935,EMP0046,HR,2025-12-27,Entertainment,1230,1000,True,True,True
2936,EMP0046,HR,2025-12-26,Taxi,1457,1500,False,True,False
2937,EMP0046,HR,2025-12-27,Entertainment,2505,1000,True,True,True
2938,EMP0046,HR,2025-12-25,Hotel,7701,8000,False,False,True
2939,EMP0046,HR,2025-12-28,Entertainment,1056,1000,True,True,True
2940,EMP0028,Engineering,2025-12-30,Hotel,7808,8000,False,True,True
2941,EMP0028,Engineering,2025-12-30,Taxi,976,1500,False,True,True
2942,EMP0049,Engineering,2025-12-21,Meals,622,1000,True,True,True
2943,EMP0049,Engineering,2025-12-19,Hotel,7031,8000,False,True,True
2944,EMP0049,Engineering,2025-12-19,Entertainment,933,1000,False,False,True
2945,EMP0082,Engineering,2025-12-09,Entertainment,618,1000,False,True,True
2946,EMP0082,Engineering,2025-12-09,Hotel,5455,8000,False,True,True
2947,EMP0082,Engineering,2025-12-09,Taxi,1002,1500,False,True,True
2948,EMP0082,Engineering,2025-12-08,Hotel,5786,8000,False,False,True
2949,EMP0004,HR,2025-10-31,Taxi,1289,1500,False,True,True
2950,EMP0004,HR,2025-11-02,Taxi,1631,1500,True,True,True
2951,EMP0004,HR,2025-10-31,Hotel,9508,8000,False,True,True
2952,EMP0004,HR,2025-11-02,Entertainment,1617,1000,True,True,True
2953,EMP0100,Marketing,2026-02-11,Meals,602,1000,False,True,True
2954,EMP0100,Marketing,2026-02-11,Entertainment,1086,1000,False,True,True
2955,EMP0100,Marketing,2026-02-12,Taxi,1364,1500,False,True,True
2956,EMP0100,Marketing,2026-02-10,Hotel,6228,8000,False,False,True
2957,EMP0014,Sales,2025-12-27,Taxi,1850,1500,True,True,True
2958,EMP0014,Sales,2025-12-30,Entertainment,755,1000,False,False,True
2959,EMP0014,Sales,2025-12-29,Entertainment,772,1000,False,True,False
2960,EMP0014,Sales,2025-12-29,Entertainment,802,1000,False,True,True
2961,EMP0014,Sales,2025-12-30,Entertainment,986,1000,False,False,True
2962,EMP0078,Sales,2025-11-13,Hotel,7893,8000,False,False,True
2963,EMP0078,Sales,2025-11-13,Taxi,1445,1500,False,True,True
2964,EMP0078,Sales,2025-11-13,Taxi,1214,1500,False,True,True
2965,EMP0078,Sales,2025-11-13,Hotel,7891,8000,False,False,True
2966,EMP0078,Sales,2025-11-13,Entertainment,881,1000,False,False,True
2967,EMP0113,Finance,2026-01-07,Entertainment,848,1000,False,True,False
2968,EMP0113,Finance,2026-01-05,Meals,630,1000,False,True,True
2969,EMP0113,Finance,2026-01-04,Hotel,5035,8000,True,True,True
2970,EMP0095,Marketing,2026-02-17,Entertainment,671,1000,False,True,True
2971,EMP0095,Marketing,2026-02-17,Entertainment,634,1000,False,True,True
2972,EMP0036,Finance,2026-02-19,Hotel,6134,8000,False,True,True
2973,EMP0036,Finance,2026-02-19,Hotel,6556,8000,False,True,True
2974,EMP0036,Finance,2026-02-20,Entertainment,1470,1000,False,True,True
2975,EMP0036,Finance,2026-02-19,Hotel,6885,8000,False,False,False
2976,EMP0036,Finance,2026-02-19,Entertainment,1173,1000,False,False,True
2977,EMP0082,Sales,2026-01-22,Hotel,8769,8000,False,True,True
2978,EMP0082,Sales,2026-01-22,Entertainment,852,1000,False,True,True
2979,EMP0002,Finance,2025-12-28,Entertainment,1178,1000,True,True,True
2980,EMP0002,Finance,2025-12-25,Entertainment,711,1000,False,True,True
2981,EMP0002,Finance,2025-12-25,Meals,890,1000,False,True,False
2982,EMP0002,Finance,2025-12-28,Hotel,8558,8000,True,True,True
2983,EMP0079,Engineering,2025-10-24,Hotel,6044,8000,False,True,True
2984,EMP0079,Engineering,2025-10-23,Entertainment,1049,1000,False,True,True
2985,EMP0079,Engineering,2025-10-22,Taxi,1168,1500,False,True,False
2986,EMP0079,Engineering,2025-10-24,Entertainment,912,1000,False,True,True
2987,EMP0022,HR,2025-11-13,Entertainment,1492,1000,False,True,True
2988,EMP0022,HR,2025-11-14,Meals,1086,1000,False,True,True
2989,EMP0044,Engineering,2026-02-07,Meals,989,1000,True,True,True
2990,EMP0044,Engineering,2026-02-08,Hotel,7669,8000,True,False,True
2991,EMP0044,Engineering,2026-02-08,Taxi,1511,1500,True,True,False
2992,EMP0044,Engineering,2026-02-08,Hotel,7049,8000,True,False,True
2993,EMP0044,Engineering,2026-02-09,Hotel,7609,8000,False,True,True
2994,EMP0073,Finance,2026-02-18,Entertainment,883,1000,False,True,False
2995,EMP0073,Finance,2026-02-19,Entertainment,1121,1000,False,True,True
2996,EMP0073,Finance,2026-02-18,Meals,1015,1000,False,True,True
2997,EMP0073,Finance,2026-02-16,Taxi,1461,1500,False,True,True
2998,EMP0073,Finance,2026-02-18,Hotel,8793,8000,False,True,True
2999,EMP0059,Marketing,2025-12-07,Meals,636,1000,True,True,True
3000,EMP0059,Marketing,2025-12-08,Hotel,6953,8000,False,True,True
3001,EMP0026,Sales,2025-12-28,Hotel,7196,8000,True,True,True
3002,EMP0026,Sales,2025-12-28,Taxi,1948,1500,True,True,True
3003,EMP0051,Marketing,2025-12-08,Entertainment,1051,1000,False,False,True
3004,EMP0051,Marketing,2025-12-08,Meals,933,1000,False,False,True
3005,EMP0051,Marketing,2025-12-07,Hotel,5879,8000,True,True,True
3006,EMP0051,Marketing,2025-12-06,Hotel,5686,8000,True,True,True
3007,EMP0051,Marketing,2025-12-06,Entertainment,1761,1000,True,True,True
3008,EMP0056,Sales,2026-02-12,Entertainment,980,1000,False,True,True
3009,EMP0056,Sales,2026-02-11,Taxi,1619,1500,False,True,True
3010,EMP0056,Sales,2026-02-13,Meals,779,1000,False,True,True
3011,EMP0021,Engineering,2026-01-14,Hotel,8238,8000,False,False,True
3012,EMP0021,Engineering,2026-01-15,Meals,810,1000,False,True,True
3013,EMP0021,Engineering,2026-01-16,Meals,884,1000,False,True,True
3014,EMP0021,Engineering,2026-01-15,Meals,703,1000,False,False,True
3015,EMP0021,Engineering,2026-01-16,Taxi,1598,1500,False,True,True
3016,EMP0113,Finance,2026-01-21,Entertainment,1074,1000,False,True,True
3017,EMP0113,Finance,2026-01-24,Taxi,1334,1500,True,True,True
3018,EMP0002,Engineering,2026-01-15,Entertainment,885,1000,False,True,True
3019,EMP0002,Engineering,2026-01-17,Meals,954,1000,True,False,False
3020,EMP0002,Engineering,2026-01-17,Entertainment,1006,1000,True,True,True
3021,EMP0002,Engineering,2026-01-16,Meals,841,1000,False,False,True
3022,EMP0002,Engineering,2026-01-18,Meals,795,1000,True,True,True
3023,EMP0080,Engineering,2025-12-28,Entertainment,1098,1000,True,True,True
3024,EMP0080,Engineering,2025-12-25,Hotel,8275,8000,False,True,True
3025,EMP0080,Engineering,2025-12-26,Hotel,7364,8000,False,True,True
3026,EMP0080,Engineering,2025-12-26,Taxi,1474,1500,False,True,True
3027,EMP0080,Engineering,2025-12-25,Taxi,1528,1500,False,True,True
3028,EMP0055,Engineering,2026-01-19,Entertainment,1068,1000,False,True,True
3029,EMP0055,Engineering,2026-01-20,Hotel,7792,8000,False,True,True
3030,EMP0055,Engineering,2026-01-22,Taxi,960,1500,False,True,True
3031,EMP0055,Engineering,2026-01-19,Entertainment,943,1000,False,True,True
3032,EMP0055,Engineering,2026-01-22,Taxi,1624,1500,False,True,True
3033,EMP0025,Engineering,2025-10-23,Meals,1396,1000,False,True,True
3034,EMP0025,Engineering,2025-10-24,Meals,918,1000,False,True,True
3035,EMP0055,Finance,2025-12-26,Hotel,6828,8000,False,True,False
3036,EMP0055,Finance,2025-12-27,Taxi,1833,1500,True,True,True
3037,EMP0055,Finance,2025-12-27,Entertainment,2009,1000,True,True,True
3038,EMP0055,Finance,2025-12-26,Meals,677,1000,False,True,True
3039,EMP0032,Marketing,2025-11-16,Taxi,1799,1500,True,True,True
3040,EMP0032,Marketing,2025-11-13,Entertainment,784,1000,False,True,True
3041,EMP0032,Marketing,2025-11-14,Meals,950,1000,False,True,True
3042,EMP0032,Marketing,2025-11-13,Taxi,1899,1500,False,False,True
3043,EMP0032,Marketing,2025-11-13,Entertainment,1315,1000,False,True,True
3044,EMP0013,Finance,2025-11-22,Taxi,1084,1500,True,True,True
3045,EMP0013,Finance,2025-11-24,Hotel,5350,8000,False,True,True
3046,EMP0013,Finance,2025-11-22,Hotel,8158,8000,True,True,True
3047,EMP0013,Finance,2025-11-23,Meals,881,1000,True,True,True
3048,EMP0013,Finance,2025-11-24,Entertainment,970,1000,False,True,True
3049,EMP0017,Marketing,2026-01-23,Hotel,7687,8000,False,True,True
3050,EMP0017,Marketing,2026-01-25,Taxi,912,1500,True,False,True
3051,EMP0017,Marketing,2026-01-25,Meals,897,1000,True,True,True
3052,EMP0017,Marketing,2026-01-24,Entertainment,882,1000,True,True,False
3053,EMP0017,Marketing,2026-01-26,Entertainment,1003,1000,False,True,True
3054,EMP0114,Sales,2026-01-09,Hotel,9755,8000,False,True,True
3055,EMP0114,Sales,2026-01-09,Hotel,8780,8000,False,True,True
3056,EMP0114,Sales,2026-01-10,Entertainment,875,1000,True,True,True
3057,EMP0010,HR,2025-12-06,Hotel,6514,8000,True,True,True
3058,EMP0010,HR,2025-12-04,Hotel,5980,8000,False,True,True
3059,EMP0010,HR,2025-12-06,Taxi,1262,1500,True,True,True
3060,EMP0010,HR,2025-12-05,Meals,802,1000,False,True,True
3061,EMP0010,HR,2025-12-06,Entertainment,1597,1000,True,True,True
3062,EMP0033,HR,2026-02-12,Taxi,1342,1500,False,True,False
3063,EMP0033,HR,2026-02-13,Hotel,10295,8000,False,False,True
3064,EMP0033,HR,2026-02-12,Meals,1024,1000,False,False,True
3065,EMP0033,HR,2026-02-15,Entertainment,1019,1000,True,False,True
3066,EMP0033,HR,2026-02-12,Meals,881,1000,False,True,True
3067,EMP0065,Sales,2026-01-05,Hotel,8127,8000,False,True,True
3068,EMP0065,Sales,2026-01-05,Meals,635,1000,False,True,True
3069,EMP0065,Sales,2026-01-08,Meals,704,1000,False,True,True
3070,EMP0065,Sales,2026-01-07,Entertainment,964,1000,False,True,True
3071,EMP0051,Finance,2025-12-30,Meals,921,1000,False,False,True
3072,EMP0051,Finance,2025-12-29,Meals,671,1000,False,True,True
3073,EMP0051,Finance,2025-12-29,Taxi,1443,1500,False,False,True
3074,EMP0052,HR,2025-11-18,Taxi,2035,1500,False,True,True
3075,EMP0052,HR,2025-11-18,Entertainment,882,1000,False,True,True
3076,EMP0052,HR,2025-11-17,Entertainment,723,1000,False,True,True
3077,EMP0102,HR,2025-12-27,Hotel,4945,8000,True,True,True
3078,EMP0102,HR,2025-12-24,Taxi,1570,1500,False,True,True
3079,EMP0102,HR,2025-12-27,Entertainment,875,1000,True,True,True
3080,EMP0102,HR,2025-12-24,Meals,855,1000,False,True,True
3081,EMP0102,HR,2025-12-27,Entertainment,2504,1000,True,True,True
3082,EMP0006,Engineering,2026-02-18,Taxi,1319,1500,False,True,True
3083,EMP0006,Engineering,2026-02-16,Meals,1006,1000,False,True,True
3084,EMP0001,Marketing,2026-01-09,Hotel,6773,8000,False,False,True
3085,EMP0001,Marketing,2026-01-06,Entertainment,1309,1000,False,False,False
3086,EMP0001,Marketing,2026-01-09,Taxi,1102,1500,False,True,False
3087,EMP0001,Marketing,2026-01-06,Entertainment,968,1000,False,True,True
3088,EMP0001,Marketing,2026-01-08,Entertainment,979,1000,False,False,True
3089,EMP0053,HR,2025-12-01,Hotel,5557,8000,False,True,True
3090,EMP0053,HR,2025-12-03,Taxi,971,1500,False,True,True
3091,EMP0053,HR,2025-12-03,Entertainment,821,1000,False,True,True
3092,EMP0053,HR,2025-12-03,Entertainment,669,1000,False,True,True
3093,EMP0112,HR,2026-01-23,Meals,1074,1000,False,True,True
3094,EMP0112,HR,2026-01-24,Hotel,8372,8000,True,True,True
3095,EMP0075,Finance,2025-12-20,Hotel,5947,8000,True,False,True
3096,EMP0075,Finance,2025-12-20,Meals,975,1000,True,True,False
3097,EMP0075,Finance,2025-12-18,Entertainment,1096,1000,False,True,True
3098,EMP0075,Finance,2025-12-18,Meals,979,1000,False,False,True
3099,EMP0111,Engineering,2026-01-04,Taxi,1052,1500,True,True,True
3100,EMP0111,Engineering,2026-01-02,Entertainment,750,1000,False,True,True
3101,EMP0111,Engineering,2026-01-04,Taxi,1453,1500,True,False,True
3102,EMP0111,Engineering,2026-01-04,Entertainment,696,1000,True,True,True
3103,EMP0025,Sales,2025-11-02,Entertainment,1474,1000,True,True,True
3104,EMP0025,Sales,2025-11-02,Hotel,8634,8000,True,True,True
3105,EMP0025,Sales,2025-11-02,Entertainment,612,1000,True,False,True
3106,EMP0025,Sales,2025-10-31,Hotel,10300,8000,False,True,True
3107,EMP0002,HR,2025-12-10,Entertainment,645,1000,False,False,False
3108,EMP0002,HR,2025-12-09,Entertainment,855,1000,False,False,True
3109,EMP0002,HR,2025-12-09,Hotel,6194,8000,False,True,True
3110,EMP0035,Engineering,2026-01-07,Taxi,1664,1500,False,True,True
3111,EMP0035,Engineering,2026-01-05,Entertainment,1137,1000,False,True,True
3112,EMP0035,Engineering,2026-01-06,Entertainment,852,1000,False,True,True
3113,EMP0035,Engineering,2026-01-07,Meals,1091,1000,False,True,False
3114,EMP0062,HR,2026-02-02,Hotel,6506,8000,False,True,True
3115,EMP0062,HR,2026-02-02,Entertainment,697,1000,False,True,True
3116,EMP0062,HR,2026-02-03,Hotel,8201,8000,False,True,True
3117,EMP0062,HR,2026-02-04,Entertainment,1205,1000,False,True,False
3118,EMP0016,Sales,2025-11-03,Entertainment,888,1000,False,True,True
3119,EMP0016,Sales,2025-11-06,Taxi,1250,1500,False,True,True
3120,EMP0016,Sales,2025-11-04,Hotel,5776,8000,False,True,True
3121,EMP0029,Finance,2026-02-14,Entertainment,2876,1000,True,True,True
3122,EMP0029,Finance,2026-02-11,Taxi,1286,1500,False,True,True
3123,EMP0029,Finance,2026-02-11,Taxi,1373,1500,False,False,True
3124,EMP0029,Finance,2026-02-11,Entertainment,1061,1000,False,True,True
3125,EMP0029,Finance,2026-02-14,Entertainment,815,1000,True,True,True
3126,EMP0016,Marketing,2026-02-12,Taxi,1625,1500,False,True,False
3127,EMP0016,Marketing,2026-02-13,Hotel,5451,8000,False,True,True
3128,EMP0016,Marketing,2026-02-14,Meals,1168,1000,True,False,True
3129,EMP0016,Marketing,2026-02-12,Meals,691,1000,False,True,True
3130,EMP0039,HR,2025-12-07,Meals,730,1000,True,True,True
3131,EMP0039,HR,2025-12-07,Meals,1385,1000,True,True,True
3132,EMP0020,Engineering,2025-11-10,Hotel,6077,8000,False,False,True
3133,EMP0020,Engineering,2025-11-08,Entertainment,1440,1000,True,True,True
3134,EMP0020,Engineering,2025-11-10,Entertainment,733,1000,False,True,True
3135,EMP0020,Engineering,2025-11-08,Meals,943,1000,True,True,True
3136,EMP0020,Engineering,2025-11-09,Entertainment,1878,1000,True,True,True
3137,EMP0094,Marketing,2025-11-03,Meals,870,1000,False,True,True
3138,EMP0094,Marketing,2025-11-04,Meals,981,1000,False,True,True
3139,EMP0094,Marketing,2025-11-01,Taxi,1028,1500,True,False,True
3140,EMP0094,Marketing,2025-11-02,Taxi,1017,1500,True,True,False
3141,EMP0094,Marketing,2025-11-03,Meals,1393,1000,False,False,True
3142,EMP0089,Finance,2026-02-02,Meals,1036,1000,False,True,True
3143,EMP0089,Finance,2026-02-02,Hotel,5464,8000,False,False,True
3144,EMP0089,Finance,2026-01-31,Hotel,13120,8000,True,True,True
3145,EMP0071,Finance,2025-12-28,Entertainment,723,1000,True,True,True
3146,EMP0071,Finance,2025-12-31,Entertainment,725,1000,False,True,False
3147,EMP0071,Finance,2025-12-30,Entertainment,747,1000,False,False,False
3148,EMP0071,Finance,2025-12-31,Entertainment,921,1000,False,True,True
3149,EMP0100,Engineering,2025-11-03,Entertainment,1249,1000,False,True,True
3150,EMP0100,Engineering,2025-11-01,Taxi,1115,1500,True,True,True
3151,EMP0100,Engineering,2025-11-03,Meals,1006,1000,False,True,True
3152,EMP0100,Engineering,2025-11-01,Hotel,8139,8000,True,True,False
3153,EMP0018,Sales,2026-02-15,Hotel,5219,8000,True,True,True
3154,EMP0018,Sales,2026-02-15,Hotel,7072,8000,True,True,True
3155,EMP0018,Sales,2026-02-14,Taxi,922,1500,True,True,True
3156,EMP0018,Sales,2026-02-17,Taxi,1147,1500,False,True,True
3157,EMP0018,Sales,2026-02-17,Taxi,1203,1500,False,True,True
3158,EMP0106,Engineering,2026-01-26,Meals,1025,1000,False,True,True
3159,EMP0106,Engineering,2026-01-24,Meals,696,1000,True,True,True
3160,EMP0106,Engineering,2026-01-25,Taxi,1492,1500,True,True,True
3161,EMP0106,Engineering,2026-01-25,Taxi,1335,1500,True,True,True
3162,EMP0106,Engineering,2026-01-26,Hotel,6732,8000,False,True,False
3163,EMP0062,HR,2025-10-24,Taxi,1062,1500,False,True,True
3164,EMP0062,HR,2025-10-27,Meals,757,1000,False,True,True
3165,EMP0062,HR,2025-10-25,Taxi,1265,1500,True,True,True
3166,EMP0062,HR,2025-10-25,Entertainment,605,1000,True,True,True
3167,EMP0062,HR,2025-10-27,Entertainment,620,1000,False,False,True
3168,EMP0096,Engineering,2025-12-29,Entertainment,1174,1000,False,True,True
3169,EMP0096,Engineering,2025-12-30,Taxi,1633,1500,False,True,True
3170,EMP0096,Engineering,2025-12-30,Hotel,4947,8000,False,False,True
3171,EMP0096,Engineering,2025-12-30,Hotel,6936,8000,False,True,True
3172,EMP0096,Engineering,2025-12-30,Taxi,1609,1500,False,True,True
3173,EMP0005,HR,2025-12-26,Entertainment,610,1000,False,False,True
3174,EMP0005,HR,2025-12-24,Meals,859,1000,False,True,True
3175,EMP0118,HR,2025-12-02,Taxi,1368,1500,False,True,True
3176,EMP0118,HR,2025-11-29,Entertainment,1048,1000,True,True,True
3177,EMP0118,HR,2025-12-02,Meals,1076,1000,False,True,True
3178,EMP0118,HR,2025-11-30,Hotel,5726,8000,True,True,True
3179,EMP0118,HR,2025-12-01,Taxi,1229,1500,False,True,True
3180,EMP0017,Engineering,2026-01-11,Entertainment,1170,1000,True,True,True
3181,EMP0017,Engineering,2026-01-09,Meals,1024,1000,False,True,True
3182,EMP0041,Finance,2025-11-13,Entertainment,888,1000,False,True,True
3183,EMP0041,Finance,2025-11-13,Meals,649,1000,False,True,True
3184,EMP0041,Finance,2025-11-13,Taxi,1044,1500,False,True,True
3185,EMP0041,Finance,2025-11-14,Entertainment,1049,1000,False,True,True
3186,EMP0070,Sales,2025-11-17,Hotel,10162,8000,False,True,True
3187,EMP0070,Sales,2025-11-19,Meals,1192,1000,False,True,True
3188,EMP0070,Sales,2025-11-19,Hotel,9724,8000,False,False,True
3189,EMP0070,Sales,2025-11-19,Hotel,13078,8000,False,True,True
3190,EMP0070,Sales,2025-11-18,Hotel,5505,8000,False,True,True
3191,EMP0073,Finance,2025-10-30,Entertainment,1061,1000,False,True,True
3192,EMP0073,Finance,2025-10-28,Hotel,8384,8000,False,True,True
3193,EMP0073,Finance,2025-10-28,Hotel,8049,8000,False,True,True
3194,EMP0073,Finance,2025-10-30,Taxi,1449,1500,False,False,True
3195,EMP0041,Finance,2025-12-05,Hotel,8441,8000,False,True,False
3196,EMP0041,Finance,2025-12-07,Entertainment,923,1000,True,True,True
3197,EMP0041,Finance,2025-12-07,Meals,697,1000,True,True,True
3198,EMP0100,Engineering,2026-01-04,Entertainment,984,1000,True,True,True
3199,EMP0100,Engineering,2026-01-05,Meals,1050,1000,False,True,True
3200,EMP0100,Engineering,2026-01-05,Taxi,1260,1500,False,True,False
3201,EMP0100,Engineering,2026-01-07,Hotel,5210,8000,False,True,True
3202,EMP0092,Engineering,2026-02-02,Taxi,1649,1500,False,True,True
3203,EMP0092,Engineering,2026-02-03,Meals,705,1000,False,True,False
3204,EMP0092,Engineering,2026-02-04,Hotel,6390,8000,False,True,True
3205,EMP0092,Engineering,2026-02-02,Meals,969,1000,False,False,True
3206,EMP0092,Engineering,2026-02-01,Entertainment,1618,1000,True,True,True
3207,EMP0101,Engineering,2025-11-30,Hotel,8755,8000,True,False,True
3208,EMP0101,Engineering,2025-11-30,Entertainment,910,1000,True,True,True
3209,EMP0101,Engineering,2025-11-27,Taxi,2185,1500,False,True,True
3210,EMP0101,Engineering,2025-11-28,Hotel,7850,8000,False,True,True
3211,EMP0078,Sales,2026-01-04,Hotel,6541,8000,True,True,True
3212,EMP0078,Sales,2026-01-02,Entertainment,738,1000,False,True,True
3213,EMP0078,Sales,2026-01-03,Hotel,5685,8000,True,True,False
3214,EMP0078,Sales,2026-01-01,Hotel,6665,8000,False,True,True
3215,EMP0078,Sales,2026-01-01,Entertainment,1076,1000,False,True,True
3216,EMP0103,Sales,2025-11-04,Hotel,6227,8000,False,True,True
3217,EMP0103,Sales,2025-11-02,Meals,820,1000,True,True,True
3218,EMP0103,Sales,2025-11-02,Hotel,6256,8000,True,True,True
3219,EMP0103,Sales,2025-11-05,Hotel,8357,8000,False,True,True
3220,EMP0103,Sales,2025-11-05,Taxi,1391,1500,False,True,True
3221,EMP0046,Sales,2025-11-13,Hotel,8192,8000,False,True,True
3222,EMP0046,Sales,2025-11-14,Meals,643,1000,False,False,True
3223,EMP0046,Sales,2025-11-14,Hotel,5102,8000,False,True,True
3224,EMP0073,Finance,2025-12-06,Entertainment,2751,1000,True,False,True
3225,EMP0073,Finance,2025-12-06,Taxi,1401,1500,True,True,True
3226,EMP0073,Finance,2025-12-07,Meals,1068,1000,True,True,True
3227,EMP0073,Finance,2025-12-06,Hotel,6079,8000,True,True,True
3228,EMP0065,Finance,2026-02-11,Entertainment,1479,1000,False,True,True
3229,EMP0065,Finance,2026-02-10,Hotel,7765,8000,False,False,True
3230,EMP0065,Finance,2026-02-10,Taxi,1025,1500,False,True,True
3231,EMP0065,Finance,2026-02-10,Taxi,1480,1500,False,False,True
3232,EMP0038,Finance,2026-01-03,Hotel,7015,8000,True,False,True
3233,EMP0038,Finance,2026-01-02,Meals,1047,1000,False,True,False
3234,EMP0038,Finance,2026-01-01,Entertainment,963,1000,False,True,True
3235,EMP0060,HR,2025-11-03,Taxi,1309,1500,False,True,True
3236,EMP0060,HR,2025-11-05,Meals,1096,1000,False,True,True
3237,EMP0041,Marketing,2025-12-25,Taxi,1635,1500,False,True,True
3238,EMP0041,Marketing,2025-12-22,Hotel,7339,8000,False,True,False
3239,EMP0073,Sales,2026-01-31,Hotel,7073,8000,True,False,False
3240,EMP0073,Sales,2026-01-29,Meals,1056,1000,False,False,False
3241,EMP0098,Finance,2025-11-23,Taxi,1885,1500,True,True,True
3242,EMP0098,Finance,2025-11-25,Entertainment,1509,1000,False,True,True
3243,EMP0098,Finance,2025-11-24,Taxi,1349,1500,False,True,True
3244,EMP0098,Finance,2025-11-22,Entertainment,1997,1000,True,True,False
3245,EMP0098,Finance,2025-11-25,Taxi,1436,1500,False,True,True
3246,EMP0058,Finance,2025-11-18,Meals,611,1000,False,True,True
3247,EMP0058,Finance,2025-11-18,Taxi,1595,1500,False,True,True
3248,EMP0058,Finance,2025-11-20,Meals,995,1000,False,False,True
3249,EMP0058,Finance,2025-11-18,Taxi,1870,1500,False,True,True
3250,EMP0058,Finance,2025-11-19,Entertainment,1046,1000,False,True,True
3251,EMP0039,Engineering,2025-12-05,Meals,806,1000,False,True,True
3252,EMP0039,Engineering,2025-12-07,Taxi,1088,1500,True,True,True
3253,EMP0039,Engineering,2025-12-05,Taxi,1332,1500,False,False,True
3254,EMP0039,Engineering,2025-12-06,Taxi,1375,1500,True,True,True
3255,EMP0050,Sales,2026-01-29,Taxi,1939,1500,False,True,True
3256,EMP0050,Sales,2026-01-31,Entertainment,932,1000,True,False,True
3257,EMP0050,Sales,2026-01-30,Entertainment,719,1000,False,True,True
3258,EMP0050,Sales,2026-01-30,Taxi,2025,1500,False,True,True
3259,EMP0050,Sales,2026-01-31,Taxi,1376,1500,True,True,True
3260,EMP0106,Marketing,2025-11-10,Entertainment,1616,1000,False,True,True
3261,EMP0106,Marketing,2025-11-12,Meals,664,1000,False,False,True
3262,EMP0058,Engineering,2025-12-19,Taxi,1241,1500,False,True,True
3263,EMP0058,Engineering,2025-12-18,Taxi,1757,1500,False,False,True
3264,EMP0058,Engineering,2025-12-20,Meals,1018,1000,True,False,True
3265,EMP0058,Engineering,2025-12-20,Meals,811,1000,True,True,True
3266,EMP0058,Engineering,2025-12-17,Entertainment,1400,1000,False,True,True
3267,EMP0070,Engineering,2025-12-09,Taxi,1456,1500,False,True,True
3268,EMP0070,Engineering,2025-12-11,Meals,834,1000,False,True,True
3269,EMP0070,Engineering,2025-12-09,Entertainment,1033,1000,False,True,True
3270,EMP0048,Marketing,2025-11-29,Entertainment,1885,1000,True,True,True
3271,EMP0048,Marketing,2025-11-30,Hotel,6248,8000,True,True,False
3272,EMP0048,Marketing,2025-11-29,Taxi,969,1500,True,True,True
3273,EMP0107,HR,2025-12-29,Entertainment,694,1000,False,True,True
3274,EMP0107,HR,2025-12-28,Hotel,5505,8000,True,True,True
3275,EMP0049,Marketing,2026-01-19,Hotel,8400,8000,False,False,True
3276,EMP0049,Marketing,2026-01-19,Entertainment,931,1000,False,True,True
3277,EMP0049,Marketing,2026-01-20,Meals,888,1000,False,True,True
3278,EMP0049,Marketing,2026-01-19,Entertainment,720,1000,False,True,False
3279,EMP0014,Sales,2025-10-26,Taxi,960,1500,True,True,True
3280,EMP0014,Sales,2025-10-26,Taxi,1459,1500,True,True,True
3281,EMP0014,Sales,2025-10-26,Meals,707,1000,True,False,True
3282,EMP0014,Sales,2025-10-25,Taxi,1485,1500,True,True,True
3283,EMP0075,Sales,2025-11-29,Meals,1540,1000,True,True,True
3284,EMP0075,Sales,2025-11-29,Meals,830,1000,True,True,True
3285,EMP0016,Marketing,2025-12-14,Hotel,5968,8000,True,False,True
3286,EMP0016,Marketing,2025-12-12,Hotel,7632,8000,False,True,True
3287,EMP0016,Marketing,2025-12-12,Entertainment,621,1000,False,True,True
3288,EMP0034,Marketing,2026-01-16,Taxi,1278,1500,False,True,True
3289,EMP0034,Marketing,2026-01-17,Entertainment,642,1000,True,True,True
3290,EMP0043,Engineering,2025-12-18,Hotel,5192,8000,False,True,True
3291,EMP0043,Engineering,2025-12-15,Meals,956,1000,False,True,True
3292,EMP0017,Finance,2025-11-13,Taxi,1394,1500,False,True,True
3293,EMP0017,Finance,2025-11-15,Hotel,6198,8000,True,True,True
3294,EMP0017,Finance,2025-11-12,Entertainment,1074,1000,False,True,True
3295,EMP0101,Finance,2026-02-15,Taxi,1035,1500,True,False,True
3296,EMP0101,Finance,2026-02-17,Entertainment,716,1000,False,True,True
3297,EMP0101,Finance,2026-02-18,Hotel,6577,8000,False,True,True
3298,EMP0099,HR,2025-10-27,Taxi,1142,1500,False,True,True
3299,EMP0099,HR,2025-10-24,Hotel,5827,8000,False,True,True
3300,EMP0099,HR,2025-10-24,Entertainment,1077,1000,False,False,False
3301,EMP0099,HR,2025-10-27,Meals,1021,1000,False,True,True
3302,EMP0099,HR,2025-10-27,Hotel,8130,8000,False,True,True
3303,EMP0029,Marketing,2025-12-28,Hotel,11760,8000,True,True,True
3304,EMP0029,Marketing,2025-12-28,Entertainment,1273,1000,True,True,True
3305,EMP0082,HR,2025-11-06,Taxi,1299,1500,False,False,True
3306,EMP0082,HR,2025-11-04,Taxi,1255,1500,False,True,True
3307,EMP0082,HR,2025-11-05,Hotel,6890,8000,False,True,True
3308,EMP0047,Engineering,2025-11-05,Taxi,1461,1500,False,True,True
3309,EMP0047,Engineering,2025-11-04,Meals,904,1000,False,True,True
3310,EMP0047,Engineering,2025-11-02,Entertainment,985,1000,True,False,True
3311,EMP0047,Engineering,2025-11-04,Taxi,1067,1500,False,True,True
3312,EMP0047,Engineering,2025-11-05,Taxi,1566,1500,False,False,True
3313,EMP0114,Marketing,2026-02-17,Entertainment,672,1000,False,True,True
3314,EMP0114,Marketing,2026-02-17,Meals,729,1000,False,True,True
3315,EMP0114,Marketing,2026-02-16,Meals,1019,1000,False,True,True
3316,EMP0114,Marketing,2026-02-15,Taxi,1555,1500,True,True,True
3317,EMP0114,Marketing,2026-02-17,Entertainment,1227,1000,False,False,True
3318,EMP0110,Sales,2025-12-06,Hotel,6643,8000,True,True,True
3319,EMP0110,Sales,2025-12-06,Meals,925,1000,True,True,True
3320,EMP0110,Sales,2025-12-05,Meals,746,1000,False,False,False
3321,EMP0110,Sales,2025-12-03,Meals,928,1000,False,True,True
3322,EMP0003,HR,2026-01-27,Entertainment,795,1000,False,True,True
3323,EMP0003,HR,2026-01-27,Meals,632,1000,False,True,True
3324,EMP0089,Engineering,2025-11-28,Taxi,1261,1500,False,True,False
3325,EMP0089,Engineering,2025-11-26,Taxi,1425,1500,False,True,True
3326,EMP0104,Finance,2025-12-28,Meals,817,1000,True,True,True
3327,EMP0104,Finance,2025-12-26,Entertainment,710,1000,False,False,True
3328,EMP0104,Finance,2025-12-28,Taxi,1401,1500,True,False,True
3329,EMP0104,Finance,2025-12-26,Entertainment,873,1000,False,True,False
3330,EMP0104,Finance,2025-12-27,Entertainment,1075,1000,True,True,True
3331,EMP0014,HR,2025-12-02,Taxi,1125,1500,False,True,True
3332,EMP0014,HR,2025-12-01,Hotel,6449,8000,False,True,True
3333,EMP0014,HR,2025-11-30,Entertainment,1919,1000,True,False,True
3334,EMP0041,HR,2026-01-09,Meals,758,1000,False,True,False
3335,EMP0041,HR,2026-01-08,Meals,871,1000,False,True,True
3336,EMP0114,Sales,2025-11-25,Hotel,7178,8000,False,True,True
3337,EMP0114,Sales,2025-11-23,Meals,823,1000,True,True,False
3338,EMP0004,Sales,2026-02-04,Entertainment,992,1000,False,True,True
3339,EMP0004,Sales,2026-02-02,Entertainment,750,1000,False,True,True
3340,EMP0004,Sales,2026-02-02,Entertainment,1076,1000,False,False,True
3341,EMP0004,Sales,2026-02-02,Hotel,6807,8000,False,True,True
3342,EMP0004,Sales,2026-02-04,Entertainment,745,1000,False,True,True
3343,EMP0002,Marketing,2025-10-24,Meals,1423,1000,False,True,True
3344,EMP0002,Marketing,2025-10-25,Taxi,997,1500,True,True,True
3345,EMP0002,Marketing,2025-10-23,Hotel,7180,8000,False,False,True
3346,EMP0002,Marketing,2025-10-25,Entertainment,788,1000,True,False,True
3347,EMP0050,Marketing,2025-11-19,Hotel,6738,8000,False,True,True
3348,EMP0050,Marketing,2025-11-19,Hotel,6895,8000,False,True,True
3349,EMP0083,Finance,2026-01-28,Taxi,1434,1500,False,True,False
3350,EMP0083,Finance,2026-01-28,Taxi,948,1500,False,True,True
3351,EMP0083,Finance,2026-01-28,Taxi,1088,1500,False,True,True
3352,EMP0083,Finance,2026-01-25,Entertainment,670,1000,True,True,True
3353,EMP0054,Sales,2025-12-20,Meals,766,1000,True,False,True
3354,EMP0054,Sales,2025-12-18,Entertainment,965,1000,False,True,True
3355,EMP0117,Finance,2025-11-06,Taxi,1139,1500,False,True,True
3356,EMP0117,Finance,2025-11-08,Taxi,1113,1500,True,True,True
3357,EMP0054,Marketing,2025-12-01,Taxi,1635,1500,False,False,True
3358,EMP0054,Marketing,2025-12-01,Entertainment,905,1000,False,False,True
3359,EMP0054,Marketing,2025-12-02,Hotel,5746,8000,False,True,True
3360,EMP0054,Marketing,2025-12-03,Taxi,1135,1500,False,True,True
3361,EMP0090,Finance,2026-02-07,Entertainment,2836,1000,True,True,True
3362,EMP0090,Finance,2026-02-07,Hotel,7913,8000,True,False,True
3363,EMP0090,Finance,2026-02-07,Hotel,4989,8000,True,True,True
3364,EMP0090,Finance,2026-02-09,Entertainment,1022,1000,False,True,True
3365,EMP0090,Finance,2026-02-08,Hotel,8519,8000,True,True,True
3366,EMP0089,Finance,2025-11-13,Taxi,1396,1500,False,True,True
3367,EMP0089,Finance,2025-11-11,Meals,608,1000,False,True,True
3368,EMP0089,Finance,2025-11-14,Entertainment,777,1000,False,True,True
3369,EMP0089,Finance,2025-11-11,Entertainment,766,1000,False,True,True
3370,EMP0034,Sales,2025-10-27,Meals,829,1000,False,True,True
3371,EMP0034,Sales,2025-10-28,Hotel,5911,8000,False,True,True
3372,EMP0034,Sales,2025-10-27,Hotel,8728,8000,False,True,True
3373,EMP0034,Sales,2025-10-28,Taxi,1418,1500,False,True,True
3374,EMP0034,Sales,2025-10-30,Taxi,1006,1500,False,False,False
3375,EMP0119,Engineering,2025-12-18,Hotel,6196,8000,False,False,True
3376,EMP0119,Engineering,2025-12-21,Hotel,5526,8000,True,True,True
3377,EMP0086,Sales,2025-12-27,Hotel,12540,8000,True,True,True
3378,EMP0086,Sales,2025-12-28,Hotel,5246,8000,True,True,True
3379,EMP0086,Sales,2025-12-28,Meals,836,1000,True,True,True
3380,EMP0012,Marketing,2026-01-22,Meals,1232,1000,False,True,True
3381,EMP0012,Marketing,2026-01-20,Hotel,9183,8000,False,True,True
3382,EMP0012,Marketing,2026-01-23,Meals,837,1000,False,False,True
3383,EMP0028,Sales,2025-11-19,Entertainment,745,1000,False,True,True
3384,EMP0028,Sales,2025-11-20,Hotel,13364,8000,False,True,True
3385,EMP0028,Sales,2025-11-17,Meals,914,1000,False,True,True
3386,EMP0028,Sales,2025-11-18,Entertainment,771,1000,False,True,True
3387,EMP0028,Sales,2025-11-17,Entertainment,1360,1000,False,True,True
3388,EMP0066,Marketing,2026-01-22,Meals,967,1000,False,True,True
3389,EMP0066,Marketing,2026-01-22,Hotel,4855,8000,False,True,True
3390,EMP0066,Marketing,2026-01-19,Meals,771,1000,False,True,True
3391,EMP0066,Marketing,2026-01-21,Entertainment,608,1000,False,True,True
3392,EMP0066,Engineering,2025-11-16,Meals,767,1000,True,False,True
3393,EMP0066,Engineering,2025-11-15,Entertainment,2566,1000,True,True,False
3394,EMP0096,Sales,2025-10-25,Taxi,1367,1500,True,True,True
3395,EMP0096,Sales,2025-10-24,Meals,994,1000,False,True,True
3396,EMP0096,Sales,2025-10-24,Hotel,8283,8000,False,True,True
3397,EMP0096,Sales,2025-10-26,Meals,619,1000,True,True,True
3398,EMP0096,Sales,2025-10-24,Taxi,1095,1500,False,False,True
3399,EMP0016,HR,2025-12-06,Hotel,9103,8000,True,True,True
3400,EMP0016,HR,2025-12-07,Meals,950,1000,True,True,True
3401,EMP0016,HR,2025-12-08,Hotel,7327,8000,False,True,True
3402,EMP0016,HR,2025-12-05,Hotel,11103,8000,False,False,True
3403,EMP0016,HR,2025-12-05,Hotel,8609,8000,False,True,True
3404,EMP0013,Sales,2025-12-09,Meals,1046,1000,False,True,True
3405,EMP0013,Sales,2025-12-09,Meals,874,1000,False,True,True
3406,EMP0013,Sales,2025-12-11,Taxi,1635,1500,False,True,True
3407,EMP0013,Sales,2025-12-11,Entertainment,654,1000,False,True,True
3408,EMP0013,Sales,2025-12-09,Entertainment,993,1000,False,True,False
3409,EMP0078,Finance,2025-12-17,Hotel,6255,8000,False,True,True
3410,EMP0078,Finance,2025-12-15,Hotel,6664,8000,False,True,True
3411,EMP0078,Finance,2025-12-15,Hotel,11185,8000,False,True,False
3412,EMP0078,Finance,2025-12-17,Meals,1017,1000,False,True,True
3413,EMP0069,Sales,2025-11-20,Meals,931,1000,False,True,False
3414,EMP0069,Sales,2025-11-21,Entertainment,969,1000,False,False,True
3415,EMP0069,Sales,2025-11-19,Meals,1066,1000,False,True,True
3416,EMP0069,Sales,2025-11-21,Hotel,5340,8000,False,True,True
3417,EMP0082,Marketing,2026-01-08,Entertainment,1065,1000,False,True,True
3418,EMP0082,Marketing,2026-01-08,Hotel,4809,8000,False,True,True
3419,EMP0082,Marketing,2026-01-08,Taxi,1096,1500,False,True,True
3420,EMP0082,Marketing,2026-01-05,Hotel,7018,8000,False,True,True
3421,EMP0082,Marketing,2026-01-06,Entertainment,1008,1000,False,True,True
3422,EMP0110,Engineering,2025-12-02,Meals,772,1000,False,True,True
3423,EMP0110,Engineering,2025-12-02,Entertainment,986,1000,False,True,True
3424,EMP0110,Engineering,2025-12-02,Meals,923,1000,False,True,True
3425,EMP0110,Engineering,2025-12-03,Entertainment,635,1000,False,True,True
3426,EMP0003,Engineering,2026-02-13,Entertainment,1308,1000,False,True,True
3427,EMP0003,Engineering,2026-02-11,Hotel,5775,8000,False,True,True
3428,EMP0003,Engineering,2026-02-13,Hotel,5965,8000,False,True,True
3429,EMP0032,Finance,2025-10-29,Taxi,1303,1500,False,True,True
3430,EMP0032,Finance,2025-10-28,Entertainment,734,1000,False,True,True
3431,EMP0013,Marketing,2025-12-05,Taxi,1017,1500,False,True,True
3432,EMP0013,Marketing,2025-12-04,Hotel,7637,8000,False,False,False
3433,EMP0013,Marketing,2025-12-03,Taxi,1203,1500,False,True,True
3434,EMP0013,Marketing,2025-12-02,Entertainment,695,1000,False,False,True
3435,EMP0013,Marketing,2025-12-02,Entertainment,841,1000,False,True,True
3436,EMP0106,Marketing,2026-01-20,Entertainment,699,1000,False,True,True
3437,EMP0106,Marketing,2026-01-19,Meals,652,1000,False,True,True
3438,EMP0106,Marketing,2026-01-22,Entertainment,832,1000,False,True,True
3439,EMP0067,Sales,2025-12-12,Entertainment,655,1000,False,False,True
3440,EMP0067,Sales,2025-12-12,Hotel,6237,8000,False,True,True
3441,EMP0067,Sales,2025-12-12,Meals,936,1000,False,True,True
3442,EMP0067,Sales,2025-12-13,Entertainment,957,1000,True,True,True
3443,EMP0096,Sales,2026-02-17,Entertainment,1031,1000,False,True,True
3444,EMP0096,Sales,2026-02-15,Taxi,1378,1500,True,True,True
3445,EMP0096,Sales,2026-02-15,Hotel,8571,8000,True,True,False
3446,EMP0113,HR,2025-11-23,Meals,1149,1000,True,True,True
3447,EMP0113,HR,2025-11-23,Hotel,6378,8000,True,False,True
3448,EMP0113,HR,2025-11-25,Hotel,5535,8000,False,True,True
3449,EMP0044,HR,2025-12-16,Meals,1097,1000,False,False,True
3450,EMP0044,HR,2025-12-15,Entertainment,745,1000,False,True,False
3451,EMP0044,HR,2025-12-18,Meals,641,1000,False,True,True
3452,EMP0044,HR,2025-12-16,Meals,943,1000,False,True,True
3453,EMP0019,Finance,2025-11-12,Meals,881,1000,False,True,True
3454,EMP0019,Finance,2025-11-12,Taxi,1367,1500,False,True,True
3455,EMP0019,Finance,2025-11-10,Meals,684,1000,False,True,True
3456,EMP0019,Finance,2025-11-10,Entertainment,898,1000,False,True,True
3457,EMP0019,Finance,2025-11-11,Entertainment,1046,1000,False,False,True
3458,EMP0002,Finance,2025-11-19,Hotel,5966,8000,False,True,True
3459,EMP0002,Finance,2025-11-19,Taxi,1350,1500,False,True,True
3460,EMP0002,Finance,2025-11-19,Entertainment,976,1000,False,True,True
3461,EMP0002,Finance,2025-11-20,Entertainment,1021,1000,False,True,True
3462,EMP0113,Marketing,2026-01-16,Taxi,1308,1500,False,True,True
3463,EMP0113,Marketing,2026-01-17,Hotel,8677,8000,True,True,True
3464,EMP0011,Marketing,2025-10-25,Entertainment,1684,1000,True,True,True
3465,EMP0011,Marketing,2025-10-26,Taxi,1588,1500,True,True,True
3466,EMP0011,Marketing,2025-10-25,Taxi,1344,1500,True,True,True
3467,EMP0011,Marketing,2025-10-26,Entertainment,2814,1000,True,False,True
3468,EMP0011,Marketing,2025-10-25,Entertainment,1483,1000,True,True,True
3469,EMP0116,Sales,2026-02-15,Hotel,5971,8000,True,False,True
3470,EMP0116,Sales,2026-02-15,Meals,837,1000,True,True,True
3471,EMP0018,Engineering,2025-11-10,Taxi,1590,1500,False,True,True
3472,EMP0018,Engineering,2025-11-07,Taxi,1315,1500,False,True,True
3473,EMP0018,Engineering,2025-11-10,Taxi,1478,1500,False,True,True
3474,EMP0018,Engineering,2025-11-08,Hotel,6259,8000,True,True,True
3475,EMP0049,Finance,2025-11-09,Entertainment,970,1000,True,True,False
3476,EMP0049,Finance,2025-11-10,Hotel,11986,8000,False,True,True
3477,EMP0049,Finance,2025-11-08,Taxi,1625,1500,True,True,True
3478,EMP0049,Finance,2025-11-09,Meals,889,1000,True,True,True
3479,EMP0053,Finance,2026-02-17,Entertainment,1031,1000,False,True,True
3480,EMP0053,Finance,2026-02-15,Taxi,1686,1500,True,False,True
3481,EMP0053,Finance,2026-02-17,Meals,1007,1000,False,True,True
3482,EMP0048,Engineering,2025-12-29,Taxi,970,1500,False,True,True
3483,EMP0048,Engineering,2025-12-31,Taxi,1645,1500,False,False,True
3484,EMP0060,HR,2026-02-08,Entertainment,637,1000,True,False,True
3485,EMP0060,HR,2026-02-08,Meals,801,1000,True,False,True
3486,EMP0089,Marketing,2025-11-08,Taxi,1894,1500,True,False,True
3487,EMP0089,Marketing,2025-11-08,Meals,801,1000,True,True,True
3488,EMP0020,Marketing,2025-11-29,Meals,837,1000,True,True,True
3489,EMP0020,Marketing,2025-12-02,Meals,681,1000,False,False,True
3490,EMP0020,Marketing,2025-12-01,Hotel,8620,8000,False,True,True
3491,EMP0016,HR,2025-11-23,Taxi,1541,1500,True,True,True
3492,EMP0016,HR,2025-11-22,Hotel,11231,8000,True,True,True
3493,EMP0024,Engineering,2025-11-23,Taxi,1527,1500,True,False,True
3494,EMP0024,Engineering,2025-11-26,Taxi,2513,1500,False,True,True
3495,EMP0024,Engineering,2025-11-26,Meals,1047,1000,False,True,True
3496,EMP0085,Engineering,2025-12-27,Hotel,6401,8000,True,True,False
3497,EMP0085,Engineering,2025-12-25,Taxi,1370,1500,False,True,True
3498,EMP0051,Finance,2026-02-02,Hotel,5387,8000,False,True,True
3499,EMP0051,Finance,2026-02-01,Taxi,1470,1500,True,False,True
3500,EMP0051,Finance,2026-02-02,Taxi,1206,1500,False,True,True
3501,EMP0051,Finance,2026-02-03,Entertainment,1090,1000,False,True,True
3502,EMP0051,Finance,2026-02-03,Taxi,1457,1500,False,True,True
3503,EMP0083,HR,2025-10-26,Hotel,7355,8000,True,True,True
3504,EMP0083,HR,2025-10-29,Taxi,2078,1500,False,True,True
3505,EMP0045,HR,2025-12-25,Taxi,1421,1500,False,False,True
3506,EMP0045,HR,2025-12-28,Taxi,1129,1500,True,True,True
3507,EMP0036,Marketing,2025-10-30,Hotel,6528,8000,False,True,True
3508,EMP0036,Marketing,2025-10-30,Taxi,1527,1500,False,True,True
3509,EMP0036,Marketing,2025-10-31,Hotel,4995,8000,False,True,True
3510,EMP0036,Marketing,2025-10-29,Meals,1405,1000,False,True,True
3511,EMP0017,Marketing,2026-01-03,Taxi,1453,1500,True,True,True
3512,EMP0017,Marketing,2026-01-03,Taxi,1349,1500,True,True,True
3513,EMP0017,Marketing,2026-01-06,Taxi,1447,1500,False,True,True
3514,EMP0017,Marketing,2026-01-04,Entertainment,744,1000,True,True,True
3515,EMP0017,Marketing,2026-01-03,Taxi,1509,1500,True,False,True
3516,EMP0064,Finance,2026-01-29,Entertainment,856,1000,False,True,True
3517,EMP0064,Finance,2026-01-29,Meals,851,1000,False,True,True
3518,EMP0064,Finance,2026-01-29,Meals,1068,1000,False,True,True
3519,EMP0064,Finance,2026-01-27,Entertainment,959,1000,False,True,True
3520,EMP0064,Finance,2026-01-27,Meals,859,1000,False,True,True
3521,EMP0054,Sales,2026-01-10,Entertainment,949,1000,True,True,True
3522,EMP0054,Sales,2026-01-10,Hotel,5554,8000,True,True,True
3523,EMP0054,Sales,2026-01-09,Hotel,5519,8000,False,True,True
3524,EMP0054,Sales,2026-01-07,Entertainment,1244,1000,False,True,True
3525,EMP0054,Sales,2026-01-09,Meals,924,1000,False,True,True
3526,EMP0004,Engineering,2025-11-03,Taxi,1633,1500,False,False,True
3527,EMP0004,Engineering,2025-11-04,Taxi,1614,1500,False,True,True
3528,EMP0004,Engineering,2025-11-05,Taxi,1416,1500,False,True,True
3529,EMP0087,Marketing,2025-11-17,Hotel,9614,8000,False,True,True
3530,EMP0087,Marketing,2025-11-15,Entertainment,811,1000,True,True,True
3531,EMP0087,Marketing,2025-11-17,Entertainment,651,1000,False,True,True
3532,EMP0013,Engineering,2026-02-01,Meals,614,1000,True,True,True
3533,EMP0013,Engineering,2026-02-02,Meals,1034,1000,False,True,False
3534,EMP0013,Engineering,2026-02-01,Taxi,1533,1500,True,True,True
3535,EMP0117,HR,2025-11-15,Hotel,6894,8000,True,True,True
3536,EMP0117,HR,2025-11-16,Meals,703,1000,True,True,True
3537,EMP0081,Finance,2026-01-02,Hotel,8667,8000,False,False,True
3538,EMP0081,Finance,2026-01-02,Entertainment,947,1000,False,False,True
3539,EMP0081,Finance,2026-01-01,Hotel,6289,8000,False,True,True
3540,EMP0081,Finance,2026-01-03,Taxi,1435,1500,True,True,True
3541,EMP0038,Marketing,2026-01-22,Entertainment,918,1000,False,True,True
3542,EMP0038,Marketing,2026-01-19,Entertainment,647,1000,False,True,True
3543,EMP0065,Marketing,2026-01-09,Hotel,6024,8000,False,True,True
3544,EMP0065,Marketing,2026-01-08,Hotel,4862,8000,False,False,True
3545,EMP0065,Marketing,2026-01-09,Entertainment,1058,1000,False,True,True
3546,EMP0065,Marketing,2026-01-09,Meals,882,1000,False,True,True
3547,EMP0026,Marketing,2025-11-10,Taxi,1260,1500,False,True,False
3548,EMP0026,Marketing,2025-11-09,Hotel,7654,8000,True,True,True
3549,EMP0026,Marketing,2025-11-08,Entertainment,1325,1000,True,True,True
3550,EMP0116,HR,2026-02-05,Entertainment,645,1000,False,False,True
3551,EMP0116,HR,2026-02-04,Meals,1094,1000,False,True,True
3552,EMP0116,HR,2026-02-07,Entertainment,1254,1000,True,True,True
3553,EMP0116,HR,2026-02-07,Meals,604,1000,True,True,True
3554,EMP0116,HR,2026-02-04,Entertainment,807,1000,False,True,True
3555,EMP0062,Engineering,2026-01-23,Taxi,1619,1500,False,True,True
3556,EMP0062,Engineering,2026-01-24,Taxi,1630,1500,True,True,True
3557,EMP0109,Engineering,2026-02-18,Entertainment,780,1000,False,True,True
3558,EMP0109,Engineering,2026-02-18,Taxi,1331,1500,False,True,True
3559,EMP0109,Engineering,2026-02-20,Hotel,8827,8000,False,True,True
3560,EMP0109,Engineering,2026-02-19,Meals,838,1000,False,False,True
3561,EMP0109,Engineering,2026-02-19,Entertainment,947,1000,False,True,False
3562,EMP0007,Finance,2026-01-20,Hotel,5910,8000,False,False,True
3563,EMP0007,Finance,2026-01-21,Meals,731,1000,False,True,True
3564,EMP0118,Sales,2025-11-19,Taxi,1630,1500,False,False,True
3565,EMP0118,Sales,2025-11-22,Hotel,7990,8000,True,True,True
3566,EMP0103,Sales,2025-11-24,Hotel,7995,8000,False,True,True
3567,EMP0103,Sales,2025-11-21,Meals,712,1000,False,True,True
3568,EMP0078,Engineering,2025-11-06,Taxi,1190,1500,False,True,True
3569,EMP0078,Engineering,2025-11-09,Taxi,1169,1500,True,True,True
3570,EMP0105,Marketing,2025-12-16,Taxi,916,1500,False,True,True
3571,EMP0105,Marketing,2025-12-19,Hotel,6913,8000,False,True,True
3572,EMP0070,HR,2025-10-28,Taxi,1870,1500,False,True,True
3573,EMP0070,HR,2025-10-30,Taxi,1218,1500,False,True,True
3574,EMP0070,HR,2025-10-27,Entertainment,948,1000,False,True,True
3575,EMP0070,HR,2025-10-28,Meals,1424,1000,False,True,True
3576,EMP0070,HR,2025-10-27,Taxi,1879,1500,False,True,True
3577,EMP0027,Sales,2026-01-21,Taxi,1229,1500,False,False,True
3578,EMP0027,Sales,2026-01-21,Taxi,1373,1500,False,True,True
3579,EMP0003,Finance,2025-11-24,Entertainment,912,1000,False,False,True
3580,EMP0003,Finance,2025-11-25,Entertainment,660,1000,False,True,True
3581,EMP0003,Finance,2025-11-27,Taxi,974,1500,False,False,True
3582,EMP0003,Finance,2025-11-26,Hotel,6261,8000,False,True,False
3583,EMP0003,Finance,2025-11-26,Entertainment,1380,1000,False,True,True
3584,EMP0050,Finance,2025-11-19,Meals,1031,1000,False,True,True
3585,EMP0050,Finance,2025-11-21,Taxi,1600,1500,False,True,True
3586,EMP0045,Sales,2026-01-25,Taxi,1438,1500,True,True,False
3587,EMP0045,Sales,2026-01-25,Taxi,1566,1500,True,True,True
3588,EMP0045,Sales,2026-01-28,Taxi,1075,1500,False,True,True
3589,EMP0045,Sales,2026-01-28,Taxi,1320,1500,False,True,True
3590,EMP0045,Sales,2026-01-28,Hotel,6472,8000,False,True,False
3591,EMP0119,Sales,2026-01-01,Meals,724,1000,False,True,True
3592,EMP0119,Sales,2025-12-30,Hotel,6493,8000,False,True,True
3593,EMP0119,Sales,2026-01-02,Hotel,6530,8000,False,True,True
3594,EMP0119,Sales,2025-12-30,Meals,900,1000,False,True,True
3595,EMP0119,Sales,2026-01-01,Entertainment,888,1000,False,True,True
3596,EMP0049,Finance,2026-02-18,Meals,810,1000,False,True,True
3597,EMP0049,Finance,2026-02-19,Taxi,1450,1500,False,False,True
3598,EMP0049,Finance,2026-02-19,Hotel,4985,8000,False,True,True
3599,EMP0049,Finance,2026-02-16,Hotel,5886,8000,False,True,True
3600,EMP0049,Finance,2026-02-17,Meals,1084,1000,False,True,True
3601,EMP0070,Marketing,2026-01-04,Taxi,1092,1500,True,True,True
3602,EMP0070,Marketing,2026-01-05,Taxi,2046,1500,False,True,True
3603,EMP0070,Marketing,2026-01-04,Taxi,1167,1500,True,True,True
3604,EMP0070,Marketing,2026-01-05,Hotel,5642,8000,False,True,False
3605,EMP0078,Sales,2025-11-29,Taxi,1649,1500,True,False,True
3606,EMP0078,Sales,2025-11-30,Hotel,6681,8000,True,True,True
3607,EMP0109,HR,2025-12-15,Hotel,7087,8000,False,False,True
3608,EMP0109,HR,2025-12-13,Taxi,1451,1500,True,True,True
3609,EMP0109,HR,2025-12-15,Entertainment,1062,1000,False,True,True
3610,EMP0034,Marketing,2026-02-12,Hotel,7525,8000,False,True,True
3611,EMP0034,Marketing,2026-02-10,Taxi,2247,1500,False,True,True
3612,EMP0034,Marketing,2026-02-12,Meals,777,1000,False,False,True
3613,EMP0084,Sales,2026-01-18,Entertainment,845,1000,True,False,True
3614,EMP0084,Sales,2026-01-17,Hotel,8579,8000,True,True,True
3615,EMP0084,Sales,2026-01-17,Hotel,7495,8000,True,True,True
3616,EMP0084,Sales,2026-01-19,Hotel,6920,8000,False,True,True
3617,EMP0034,Marketing,2026-01-15,Meals,1294,1000,False,True,True
3618,EMP0034,Marketing,2026-01-16,Meals,704,1000,False,True,True
3619,EMP0034,Marketing,2026-01-16,Hotel,7831,8000,False,True,True
3620,EMP0034,Marketing,2026-01-18,Meals,936,1000,True,False,True
3621,EMP0034,Marketing,2026-01-16,Meals,886,1000,False,False,True
3622,EMP0042,HR,2026-02-05,Meals,876,1000,False,False,True
3623,EMP0042,HR,2026-02-06,Taxi,1222,1500,False,True,True
3624,EMP0043,Finance,2025-12-10,Taxi,1637,1500,False,True,True
3625,EMP0043,Finance,2025-12-09,Entertainment,1013,1000,False,True,True
3626,EMP0004,Sales,2025-11-19,Entertainment,792,1000,False,True,True
3627,EMP0004,Sales,2025-11-17,Taxi,2311,1500,False,True,True
3628,EMP0004,Sales,2025-11-17,Entertainment,1097,1000,False,True,True
3629,EMP0004,Sales,2025-11-17,Taxi,1611,1500,False,True,True
3630,EMP0049,HR,2026-01-15,Taxi,1406,1500,False,True,True
3631,EMP0049,HR,2026-01-16,Hotel,7849,8000,False,False,True
3632,EMP0049,HR,2026-01-13,Taxi,1501,1500,False,False,True
3633,EMP0081,HR,2025-12-15,Hotel,6791,8000,False,False,True
3634,EMP0081,HR,2025-12-13,Taxi,1232,1500,True,False,True
3635,EMP0081,HR,2025-12-16,Hotel,6053,8000,False,True,True
3636,EMP0081,HR,2025-12-14,Hotel,5097,8000,True,True,True
3637,EMP0081,HR,2025-12-13,Taxi,2174,1500,True,True,True
3638,EMP0025,HR,2026-02-15,Entertainment,1114,1000,True,True,True
3639,EMP0025,HR,2026-02-15,Hotel,8001,8000,True,True,True
3640,EMP0025,HR,2026-02-14,Entertainment,1555,1000,True,True,True
3641,EMP0025,HR,2026-02-14,Entertainment,1006,1000,True,True,True
3642,EMP0096,Sales,2025-11-21,Taxi,969,1500,False,True,False
3643,EMP0096,Sales,2025-11-21,Hotel,4827,8000,False,True,True
3644,EMP0096,Sales,2025-11-21,Hotel,6612,8000,False,True,True
3645,EMP0096,Sales,2025-11-20,Meals,1020,1000,False,True,True
3646,EMP0096,Sales,2025-11-21,Taxi,1839,1500,False,True,True
3647,EMP0084,Finance,2025-11-19,Taxi,1637,1500,False,True,True
3648,EMP0084,Finance,2025-11-22,Taxi,2497,1500,True,True,True
3649,EMP0084,Finance,2025-11-20,Taxi,1156,1500,False,True,True
3650,EMP0032,Finance,2026-01-03,Meals,1449,1000,True,True,True
3651,EMP0032,Finance,2026-01-03,Entertainment,953,1000,True,False,True
3652,EMP0065,Engineering,2025-12-24,Meals,840,1000,False,True,True
3653,EMP0065,Engineering,2025-12-26,Taxi,1647,1500,False,True,True
3654,EMP0065,Engineering,2025-12-25,Taxi,1182,1500,False,True,True
3655,EMP0065,Engineering,2025-12-24,Entertainment,754,1000,False,True,True
3656,EMP0065,Engineering,2025-12-26,Taxi,1467,1500,False,True,True
3657,EMP0092,Finance,2025-11-03,Meals,849,1000,False,True,True
3658,EMP0092,Finance,2025-11-05,Meals,627,1000,False,True,True
3659,EMP0092,Finance,2025-11-04,Hotel,6216,8000,False,True,True
3660,EMP0092,Finance,2025-11-04,Hotel,8350,8000,False,True,True
3661,EMP0118,Finance,2025-12-06,Taxi,1368,1500,True,True,True
3662,EMP0118,Finance,2025-12-05,Hotel,9263,8000,False,True,True
3663,EMP0118,Finance,2025-12-06,Meals,819,1000,True,True,True
3664,EMP0118,Finance,2025-12-08,Entertainment,854,1000,False,False,True
3665,EMP0093,Sales,2026-01-25,Entertainment,631,1000,True,True,True
3666,EMP0093,Sales,2026-01-26,Meals,1087,1000,False,True,True
3667,EMP0093,Sales,2026-01-26,Meals,867,1000,False,True,True
3668,EMP0093,Sales,2026-01-24,Hotel,7486,8000,True,True,True
3669,EMP0093,HR,2025-10-31,Hotel,7532,8000,False,True,True
3670,EMP0093,HR,2025-11-02,Meals,618,1000,True,True,True
3671,EMP0093,HR,2025-11-02,Hotel,11723,8000,True,False,True
3672,EMP0093,HR,2025-11-03,Hotel,9213,8000,False,True,True
3673,EMP0093,HR,2025-11-03,Meals,1060,1000,False,True,True
3674,EMP0066,HR,2026-02-19,Meals,1502,1000,False,True,True
3675,EMP0066,HR,2026-02-19,Taxi,908,1500,False,True,True
3676,EMP0066,HR,2026-02-21,Entertainment,1076,1000,True,True,True
3677,EMP0109,Finance,2025-12-01,Taxi,1571,1500,False,True,True
3678,EMP0109,Finance,2025-12-03,Meals,896,1000,False,True,True
3679,EMP0109,Finance,2025-12-01,Hotel,5162,8000,False,True,True
3680,EMP0109,Finance,2025-12-01,Entertainment,866,1000,False,True,True
3681,EMP0109,Finance,2025-12-02,Meals,778,1000,False,True,True
3682,EMP0036,HR,2025-11-30,Entertainment,967,1000,True,True,False
3683,EMP0036,HR,2025-12-02,Taxi,1563,1500,False,True,True
3684,EMP0036,HR,2025-11-30,Hotel,6542,8000,True,False,True
3685,EMP0036,HR,2025-12-03,Taxi,1592,1500,False,True,False
3686,EMP0036,HR,2025-12-02,Entertainment,721,1000,False,True,True
3687,EMP0114,Engineering,2026-02-19,Meals,688,1000,False,True,True
3688,EMP0114,Engineering,2026-02-21,Meals,1248,1000,True,True,True
3689,EMP0114,Engineering,2026-02-21,Entertainment,1055,1000,True,True,True
3690,EMP0066,Engineering,2026-01-05,Meals,919,1000,False,True,True
3691,EMP0066,Engineering,2026-01-06,Taxi,1538,1500,False,True,True
3692,EMP0074,Finance,2025-12-18,Meals,815,1000,False,True,True
3693,EMP0074,Finance,2025-12-16,Hotel,7635,8000,False,False,True
3694,EMP0034,Sales,2025-11-27,Hotel,7060,8000,False,True,True
3695,EMP0034,Sales,2025-11-27,Meals,741,1000,False,False,True
3696,EMP0081,HR,2026-01-28,Entertainment,1020,1000,False,True,True
3697,EMP0081,HR,2026-01-31,Hotel,7462,8000,True,True,True
3698,EMP0081,HR,2026-01-28,Taxi,2279,1500,False,False,True
3699,EMP0081,HR,2026-01-30,Hotel,5995,8000,False,True,True
3700,EMP0108,HR,2026-02-08,Entertainment,753,1000,True,True,True
3701,EMP0108,HR,2026-02-06,Hotel,6177,8000,False,True,True
3702,EMP0108,HR,2026-02-05,Taxi,1139,1500,False,True,True
3703,EMP0108,HR,2026-02-07,Entertainment,1798,1000,True,True,False
3704,EMP0087,Engineering,2025-12-22,Meals,661,1000,False,True,True
3705,EMP0087,Engineering,2025-12-20,Taxi,1284,1500,True,True,True
3706,EMP0087,Engineering,2025-12-20,Entertainment,1412,1000,True,False,False
3707,EMP0087,Engineering,2025-12-20,Taxi,1148,1500,True,False,True
3708,EMP0012,HR,2026-01-27,Hotel,11474,8000,False,True,True
3709,EMP0012,HR,2026-01-27,Taxi,1069,1500,False,True,True
3710,EMP0012,HR,2026-01-26,Entertainment,689,1000,False,True,False
3711,EMP0079,Finance,2026-01-04,Hotel,7943,8000,True,True,True
3712,EMP0079,Finance,2026-01-04,Meals,838,1000,True,True,True
3713,EMP0079,Finance,2026-01-03,Taxi,1325,1500,True,True,True
3714,EMP0079,Finance,2026-01-06,Entertainment,748,1000,False,True,True
3715,EMP0086,Finance,2026-02-01,Taxi,1419,1500,True,True,True
3716,EMP0086,Finance,2026-01-30,Hotel,6272,8000,False,True,False
3717,EMP0097,Marketing,2025-12-18,Hotel,7959,8000,False,True,True
3718,EMP0097,Marketing,2025-12-20,Hotel,7924,8000,True,True,True
3719,EMP0097,Marketing,2025-12-17,Entertainment,740,1000,False,True,True
3720,EMP0097,Marketing,2025-12-17,Entertainment,930,1000,False,True,True
3721,EMP0017,Finance,2026-01-05,Hotel,7725,8000,False,True,True
3722,EMP0017,Finance,2026-01-08,Hotel,6514,8000,False,True,True
3723,EMP0017,Finance,2026-01-08,Entertainment,823,1000,False,True,True
3724,EMP0034,Marketing,2025-12-13,Entertainment,851,1000,True,True,True
3725,EMP0034,Marketing,2025-12-11,Entertainment,694,1000,False,True,True
3726,EMP0034,Marketing,2025-12-12,Entertainment,1227,1000,False,True,True
3727,EMP0034,Marketing,2025-12-11,Hotel,5217,8000,False,True,True
3728,EMP0034,Marketing,2025-12-11,Hotel,6415,8000,False,False,True
3729,EMP0040,Finance,2025-11-21,Hotel,4845,8000,False,False,True
3730,EMP0040,Finance,2025-11-19,Meals,1256,1000,False,True,True
3731,EMP0093,Sales,2025-11-03,Hotel,9665,8000,False,True,True
3732,EMP0093,Sales,2025-11-02,Entertainment,2212,1000,True,False,True
3733,EMP0093,Sales,2025-11-01,Entertainment,1128,1000,True,True,True
3734,EMP0093,Sales,2025-11-03,Taxi,1093,1500,False,True,True
3735,EMP0111,Engineering,2026-02-01,Entertainment,727,1000,True,True,True
3736,EMP0111,Engineering,2026-02-03,Entertainment,773,1000,False,False,True
3737,EMP0111,Engineering,2026-02-03,Hotel,7790,8000,False,True,False
3738,EMP0111,Engineering,2026-02-02,Hotel,7963,8000,False,True,True
3739,EMP0005,Sales,2025-11-04,Hotel,8489,8000,False,True,False
3740,EMP0005,Sales,2025-11-06,Entertainment,653,1000,False,False,True
3741,EMP0005,Sales,2025-11-03,Hotel,5949,8000,False,True,False
3742,EMP0032,Sales,2026-01-25,Meals,915,1000,True,True,True
3743,EMP0032,Sales,2026-01-24,Entertainment,1020,1000,True,True,True
3744,EMP0032,Sales,2026-01-26,Taxi,1084,1500,False,True,True
3745,EMP0032,Sales,2026-01-25,Hotel,11224,8000,True,True,True
3746,EMP0032,Sales,2026-01-24,Entertainment,863,1000,True,True,True
3747,EMP0091,Finance,2025-10-22,Taxi,1472,1500,False,True,True
3748,EMP0091,Finance,2025-10-23,Hotel,5267,8000,False,True,True
3749,EMP0091,Finance,2025-10-24,Hotel,7324,8000,False,True,True
3750,EMP0091,Finance,2025-10-24,Entertainment,767,1000,False,True,True
3751,EMP0091,Finance,2025-10-22,Entertainment,1747,1000,False,True,True
3752,EMP0096,Sales,2025-11-25,Hotel,5195,8000,False,True,True
3753,EMP0096,Sales,2025-11-28,Entertainment,958,1000,False,True,True
3754,EMP0055,Sales,2025-12-13,Entertainment,1001,1000,True,True,True
3755,EMP0055,Sales,2025-12-14,Entertainment,2284,1000,True,True,True
3756,EMP0055,Sales,2025-12-12,Hotel,5041,8000,False,True,True
3757,EMP0064,Finance,2026-01-27,Taxi,1267,1500,False,True,True
3758,EMP0064,Finance,2026-01-29,Entertainment,672,1000,False,True,True
3759,EMP0073,Sales,2025-11-29,Meals,674,1000,True,False,True
3760,EMP0073,Sales,2025-12-02,Meals,637,1000,False,True,False
3761,EMP0108,Finance,2026-01-21,Meals,898,1000,False,True,True
3762,EMP0108,Finance,2026-01-23,Taxi,1154,1500,False,True,True
3763,EMP0107,Engineering,2025-12-03,Hotel,12276,8000,False,True,True
3764,EMP0107,Engineering,2025-12-01,Entertainment,1055,1000,False,True,True
3765,EMP0041,Engineering,2025-12-19,Entertainment,849,1000,False,True,True
3766,EMP0041,Engineering,2025-12-21,Hotel,8083,8000,True,True,True
3767,EMP0041,Engineering,2025-12-19,Hotel,7308,8000,False,True,False
3768,EMP0041,Engineering,2025-12-22,Meals,646,1000,False,True,True
3769,EMP0041,Engineering,2025-12-19,Taxi,1612,1500,False,True,False
3770,EMP0010,Finance,2026-01-26,Taxi,1132,1500,False,True,True
3771,EMP0010,Finance,2026-01-26,Taxi,1588,1500,False,False,True
3772,EMP0010,Finance,2026-01-26,Taxi,1113,1500,False,True,True
3773,EMP0010,Finance,2026-01-28,Meals,607,1000,False,True,True
3774,EMP0010,Finance,2026-01-28,Entertainment,771,1000,False,False,True
3775,EMP0022,HR,2025-11-07,Entertainment,976,1000,False,True,False
3776,EMP0022,HR,2025-11-08,Entertainment,624,1000,True,False,True
3777,EMP0022,HR,2025-11-08,Meals,913,1000,True,True,True
3778,EMP0022,HR,2025-11-09,Taxi,1382,1500,True,True,True
3779,EMP0113,Marketing,2025-12-03,Taxi,1409,1500,False,False,False
3780,EMP0113,Marketing,2025-12-01,Taxi,1121,1500,False,True,True
3781,EMP0113,Marketing,2025-12-04,Taxi,1439,1500,False,True,True
3782,EMP0048,HR,2025-11-22,Taxi,1824,1500,True,False,True
3783,EMP0048,HR,2025-11-22,Meals,616,1000,True,True,True
3784,EMP0048,HR,2025-11-23,Entertainment,1840,1000,True,True,True
3785,EMP0061,Sales,2025-12-15,Taxi,1620,1500,False,True,False
3786,EMP0061,Sales,2025-12-15,Entertainment,1146,1000,False,True,True
3787,EMP0061,Sales,2025-12-15,Meals,983,1000,False,True,True
3788,EMP0061,Sales,2025-12-16,Taxi,1463,1500,False,True,True
3789,EMP0061,Sales,2025-12-15,Taxi,941,1500,False,True,True
3790,EMP0059,Marketing,2025-10-29,Hotel,5084,8000,False,True,True
3791,EMP0059,Marketing,2025-10-29,Taxi,1142,1500,False,True,True
3792,EMP0002,Engineering,2025-11-26,Taxi,1456,1500,False,True,True
3793,EMP0002,Engineering,2025-11-27,Entertainment,782,1000,False,True,True
3794,EMP0002,Engineering,2025-11-26,Meals,759,1000,False,True,True
3795,EMP0002,Engineering,2025-11-29,Entertainment,917,1000,True,True,True
3796,EMP0083,Engineering,2026-01-04,Taxi,1378,1500,True,True,True
3797,EMP0083,Engineering,2026-01-07,Hotel,5517,8000,False,True,True
3798,EMP0099,Finance,2026-01-05,Entertainment,1214,1000,False,True,True
3799,EMP0099,Finance,2026-01-05,Taxi,930,1500,False,False,True
3800,EMP0099,Finance,2026-01-05,Entertainment,902,1000,False,True,True
3801,EMP0012,HR,2025-11-09,Hotel,6355,8000,True,True,True
3802,EMP0012,HR,2025-11-10,Taxi,980,1500,False,True,True
3803,EMP0012,HR,2025-11-11,Taxi,1629,1500,False,True,True
3804,EMP0055,Finance,2025-11-28,Meals,809,1000,False,True,True
3805,EMP0055,Finance,2025-11-29,Taxi,1261,1500,True,False,True
3806,EMP0055,Finance,2025-11-28,Hotel,6244,8000,False,True,False
3807,EMP0068,Sales,2026-02-06,Hotel,5084,8000,False,True,True
3808,EMP0068,Sales,2026-02-08,Taxi,1559,1500,True,True,True
3809,EMP0101,Marketing,2025-11-07,Hotel,11136,8000,False,True,True
3810,EMP0101,Marketing,2025-11-08,Entertainment,2088,1000,True,False,True
3811,EMP0101,Marketing,2025-11-05,Hotel,7873,8000,False,True,False
3812,EMP0101,Marketing,2025-11-05,Entertainment,1037,1000,False,True,True
3813,EMP0101,Marketing,2025-11-07,Meals,1050,1000,False,True,True
3814,EMP0055,Engineering,2026-01-03,Entertainment,916,1000,True,True,False
3815,EMP0055,Engineering,2026-01-02,Hotel,7502,8000,False,True,True
3816,EMP0055,Engineering,2026-01-02,Hotel,8660,8000,False,True,True
3817,EMP0025,Sales,2025-11-30,Hotel,10955,8000,True,True,True
3818,EMP0025,Sales,2025-12-01,Taxi,1088,1500,False,True,True
3819,EMP0025,Sales,2025-12-01,Hotel,6062,8000,False,False,True
3820,EMP0005,Marketing,2025-12-23,Entertainment,934,1000,False,True,True
3821,EMP0005,Marketing,2025-12-24,Entertainment,823,1000,False,True,True
3822,EMP0005,Marketing,2025-12-24,Entertainment,1190,1000,False,True,True
3823,EMP0005,Marketing,2025-12-23,Entertainment,644,1000,False,True,False
3824,EMP0005,Marketing,2025-12-24,Meals,826,1000,False,True,True
3825,EMP0111,Finance,2026-01-11,Taxi,1210,1500,True,True,True
3826,EMP0111,Finance,2026-01-12,Hotel,7545,8000,False,False,True
3827,EMP0111,Finance,2026-01-11,Meals,717,1000,True,True,True
3828,EMP0111,Finance,2026-01-12,Entertainment,927,1000,False,True,True
3829,EMP0005,Marketing,2026-01-10,Hotel,6251,8000,True,True,True
3830,EMP0005,Marketing,2026-01-10,Hotel,10639,8000,True,True,True
3831,EMP0005,Marketing,2026-01-08,Meals,1090,1000,False,False,True
3832,EMP0005,Marketing,2026-01-07,Entertainment,755,1000,False,True,True
3833,EMP0110,HR,2026-02-09,Hotel,5681,8000,False,True,True
3834,EMP0110,HR,2026-02-09,Meals,701,1000,False,True,True
3835,EMP0093,Marketing,2025-10-22,Hotel,7339,8000,False,True,True
3836,EMP0093,Marketing,2025-10-22,Hotel,7724,8000,False,True,True
3837,EMP0019,Marketing,2025-11-12,Hotel,5681,8000,False,True,True
3838,EMP0019,Marketing,2025-11-14,Meals,659,1000,False,True,True
3839,EMP0108,Sales,2025-11-28,Hotel,10724,8000,False,True,True
3840,EMP0108,Sales,2025-11-25,Hotel,6998,8000,False,True,True
3841,EMP0108,Sales,2025-11-26,Entertainment,902,1000,False,True,True
3842,EMP0108,Sales,2025-11-27,Hotel,7648,8000,False,True,True
3843,EMP0108,Sales,2025-11-27,Entertainment,988,1000,False,True,False
3844,EMP0060,Sales,2026-02-16,Hotel,6587,8000,False,True,False
3845,EMP0060,Sales,2026-02-15,Entertainment,1036,1000,True,True,True
3846,EMP0060,Sales,2026-02-18,Taxi,1510,1500,False,True,True
3847,EMP0060,Sales,2026-02-16,Entertainment,792,1000,False,True,True
3848,EMP0060,Sales,2026-02-18,Taxi,1234,1500,False,False,True
3849,EMP0028,Marketing,2025-11-02,Entertainment,976,1000,True,True,True
3850,EMP0028,Marketing,2025-11-01,Meals,824,1000,True,True,True
3851,EMP0028,Marketing,2025-11-01,Entertainment,930,1000,True,True,True
3852,EMP0037,Engineering,2025-11-07,Entertainment,1040,1000,False,True,True
3853,EMP0037,Engineering,2025-11-08,Meals,790,1000,True,True,True
3854,EMP0090,Finance,2025-11-03,Meals,816,1000,False,True,True
3855,EMP0090,Finance,2025-11-01,Taxi,1146,1500,True,True,True
3856,EMP0090,Finance,2025-11-04,Entertainment,879,1000,False,False,True
3857,EMP0090,Finance,2025-11-02,Meals,817,1000,True,True,True
3858,EMP0090,Finance,2025-11-01,Hotel,7361,8000,True,True,True
3859,EMP0107,Engineering,2026-02-04,Taxi,1221,1500,False,False,True
3860,EMP0107,Engineering,2026-02-07,Meals,979,1000,True,True,True
3861,EMP0107,Engineering,2026-02-07,Meals,1044,1000,True,True,True
3862,EMP0107,Engineering,2026-02-05,Taxi,1110,1500,False,True,True
3863,EMP0102,Marketing,2025-12-06,Taxi,1032,1500,True,True,True
3864,EMP0102,Marketing,2025-12-05,Meals,632,1000,False,False,True
3865,EMP0102,Marketing,2025-12-06,Taxi,1368,1500,True,True,False
3866,EMP0102,Marketing,2025-12-05,Hotel,9655,8000,False,False,True
3867,EMP0102,Marketing,2025-12-04,Entertainment,1568,1000,False,True,True
3868,EMP0067,Engineering,2025-11-08,Entertainment,919,1000,True,False,True
3869,EMP0067,Engineering,2025-11-07,Hotel,6926,8000,False,False,True
3870,EMP0067,Engineering,2025-11-08,Entertainment,908,1000,True,True,True
3871,EMP0067,Engineering,2025-11-08,Taxi,968,1500,True,True,True
3872,EMP0067,Engineering,2025-11-10,Taxi,1204,1500,False,True,False
3873,EMP0042,Sales,2025-12-07,Entertainment,1091,1000,True,False,True
3874,EMP0042,Sales,2025-12-05,Taxi,1278,1500,False,True,True
3875,EMP0021,Finance,2025-11-15,Entertainment,674,1000,True,True,True
3876,EMP0021,Finance,2025-11-13,Entertainment,969,1000,False,True,True
3877,EMP0021,Finance,2025-11-15,Hotel,10309,8000,True,True,True
3878,EMP0021,Finance,2025-11-13,Meals,810,1000,False,True,True
3879,EMP0032,Marketing,2025-12-08,Taxi,1359,1500,False,True,True
3880,EMP0032,Marketing,2025-12-10,Entertainment,693,1000,False,True,True
3881,EMP0065,Sales,2025-12-14,Hotel,7864,8000,True,True,True
3882,EMP0065,Sales,2025-12-15,Hotel,6322,8000,False,True,True
3883,EMP0065,Sales,2025-12-17,Entertainment,671,1000,False,True,True
3884,EMP0068,Engineering,2026-01-27,Hotel,11049,8000,False,False,True
3885,EMP0068,Engineering,2026-01-25,Hotel,8752,8000,True,True,True
3886,EMP0068,Engineering,2026-01-28,Taxi,1257,1500,False,True,True
3887,EMP0068,Engineering,2026-01-26,Hotel,12351,8000,False,False,True
3888,EMP0068,Engineering,2026-01-25,Hotel,6900,8000,True,True,True
3889,EMP0103,Marketing,2025-12-10,Entertainment,999,1000,False,True,True
3890,EMP0103,Marketing,2025-12-12,Hotel,6611,8000,False,True,True
3891,EMP0103,Marketing,2025-12-13,Hotel,5879,8000,True,True,True
3892,EMP0027,Finance,2026-01-22,Entertainment,676,1000,False,False,True
3893,EMP0027,Finance,2026-01-24,Taxi,1523,1500,True,True,True
3894,EMP0027,Finance,2026-01-21,Hotel,6936,8000,False,True,False
3895,EMP0027,Finance,2026-01-24,Meals,885,1000,True,True,True
3896,EMP0027,Finance,2026-01-21,Taxi,927,1500,False,True,True
3897,EMP0090,Engineering,2026-01-14,Entertainment,790,1000,False,True,True
3898,EMP0090,Engineering,2026-01-16,Meals,947,1000,False,True,True
3899,EMP0090,Engineering,2026-01-14,Meals,722,1000,False,True,True
3900,EMP0018,Finance,2026-02-13,Hotel,8686,8000,False,True,True
3901,EMP0018,Finance,2026-02-14,Entertainment,684,1000,True,True,True
3902,EMP0018,Finance,2026-02-12,Hotel,10754,8000,False,True,True
3903,EMP0018,Finance,2026-02-13,Entertainment,1439,1000,False,True,True
3904,EMP0023,Engineering,2025-12-08,Taxi,1486,1500,False,True,True
3905,EMP0023,Engineering,2025-12-07,Meals,686,1000,True,True,True
3906,EMP0023,Engineering,2025-12-09,Hotel,5649,8000,False,False,True
3907,EMP0023,Engineering,2025-12-06,Meals,941,1000,True,True,True
3908,EMP0018,Finance,2025-10-26,Entertainment,985,1000,True,True,False
3909,EMP0018,Finance,2025-10-28,Hotel,5506,8000,False,True,False
3910,EMP0018,Finance,2025-10-29,Meals,914,1000,False,False,True
3911,EMP0018,Finance,2025-10-26,Meals,679,1000,True,True,True
3912,EMP0050,Finance,2025-11-24,Meals,628,1000,False,True,True
3913,EMP0050,Finance,2025-11-26,Meals,1262,1000,False,True,True
3914,EMP0050,Finance,2025-11-23,Taxi,1554,1500,True,True,True
3915,EMP0050,Finance,2025-11-24,Hotel,4897,8000,False,True,True
3916,EMP0050,Finance,2025-11-24,Hotel,12920,8000,False,True,True
3917,EMP0011,Marketing,2026-01-22,Meals,609,1000,False,True,True
3918,EMP0011,Marketing,2026-01-24,Entertainment,632,1000,True,True,True
3919,EMP0011,Marketing,2026-01-22,Meals,707,1000,False,True,True
3920,EMP0086,Finance,2026-01-27,Taxi,956,1500,False,True,True
3921,EMP0086,Finance,2026-01-28,Meals,1397,1000,False,True,True
3922,EMP0092,Marketing,2025-12-08,Taxi,936,1500,False,False,True
3923,EMP0092,Marketing,2025-12-08,Entertainment,714,1000,False,True,True
3924,EMP0120,HR,2025-11-18,Entertainment,666,1000,False,True,True
3925,EMP0120,HR,2025-11-18,Taxi,1603,1500,False,True,True
3926,EMP0120,HR,2025-11-17,Meals,650,1000,False,True,True
3927,EMP0120,HR,2025-11-16,Hotel,5020,8000,True,True,False
3928,EMP0120,HR,2025-11-17,Entertainment,1087,1000,False,True,True
3929,EMP0114,HR,2025-12-10,Hotel,6149,8000,False,True,True
3930,EMP0114,HR,2025-12-09,Entertainment,840,1000,False,True,True
3931,EMP0114,HR,2025-12-07,Meals,613,1000,True,True,True
3932,EMP0114,HR,2025-12-10,Hotel,8265,8000,False,True,True
3933,EMP0023,Marketing,2025-12-15,Hotel,4821,8000,False,True,True
3934,EMP0023,Marketing,2025-12-15,Taxi,1283,1500,False,True,True
3935,EMP0023,Marketing,2025-12-14,Taxi,943,1500,True,True,False
3936,EMP0023,Marketing,2025-12-14,Meals,954,1000,True,True,True
3937,EMP0032,Engineering,2025-12-28,Hotel,11397,8000,True,True,True
3938,EMP0032,Engineering,2025-12-28,Taxi,1589,1500,True,False,True
3939,EMP0032,HR,2025-12-20,Hotel,8009,8000,True,True,True
3940,EMP0032,HR,2025-12-19,Entertainment,936,1000,False,True,True
3941,EMP0032,HR,2025-12-21,Entertainment,772,1000,True,True,True
3942,EMP0032,HR,2025-12-19,Hotel,4840,8000,False,True,False
3943,EMP0032,HR,2025-12-18,Hotel,8359,8000,False,True,True
3944,EMP0093,Sales,2026-02-19,Taxi,1182,1500,False,True,True
3945,EMP0093,Sales,2026-02-16,Hotel,7544,8000,False,True,True
3946,EMP0093,Sales,2026-02-16,Entertainment,1031,1000,False,True,True
3947,EMP0011,Finance,2026-01-31,Meals,914,1000,True,False,True
3948,EMP0011,Finance,2026-02-01,Taxi,1252,1500,True,True,False
3949,EMP0007,Marketing,2025-12-21,Hotel,7174,8000,True,True,True
3950,EMP0007,Marketing,2025-12-21,Meals,1029,1000,True,True,True
3951,EMP0007,Marketing,2025-12-23,Taxi,930,1500,False,True,True
3952,EMP0006,HR,2026-02-14,Hotel,10075,8000,True,True,True
3953,EMP0006,HR,2026-02-14,Entertainment,694,1000,True,True,True
3954,EMP0060,HR,2025-12-02,Taxi,1594,1500,False,True,True
3955,EMP0060,HR,2025-12-01,Hotel,8709,8000,False,True,True
3956,EMP0094,HR,2026-01-04,Entertainment,822,1000,True,True,True
3957,EMP0094,HR,2026-01-04,Meals,980,1000,True,False,True
3958,EMP0094,HR,2026-01-06,Hotel,9966,8000,False,True,False
3959,EMP0094,HR,2026-01-07,Taxi,1108,1500,False,False,True
3960,EMP0045,Finance,2025-12-21,Hotel,6329,8000,True,True,True
3961,EMP0045,Finance,2025-12-19,Taxi,2255,1500,False,False,True
3962,EMP0045,Finance,2025-12-21,Entertainment,1977,1000,True,True,True
3963,EMP0045,Finance,2025-12-21,Entertainment,1184,1000,True,True,True
3964,EMP0074,Sales,2025-12-22,Entertainment,723,1000,False,True,True
3965,EMP0074,Sales,2025-12-24,Hotel,12238,8000,False,True,True
3966,EMP0074,Sales,2025-12-24,Meals,692,1000,False,True,True
3967,EMP0074,Sales,2025-12-24,Meals,697,1000,False,True,True
3968,EMP0097,Marketing,2026-01-16,Meals,881,1000,False,True,True
3969,EMP0097,Marketing,2026-01-18,Hotel,7966,8000,True,True,True
3970,EMP0097,Marketing,2026-01-15,Meals,764,1000,False,False,True
3971,EMP0054,Sales,2026-01-03,Taxi,1119,1500,True,True,False
3972,EMP0054,Sales,2025-12-31,Taxi,1537,1500,False,False,True
3973,EMP0015,HR,2025-11-15,Entertainment,999,1000,True,True,True
3974,EMP0015,HR,2025-11-14,Taxi,1209,1500,False,True,False
3975,EMP0015,HR,2025-11-15,Entertainment,959,1000,True,True,True
3976,EMP0015,HR,2025-11-15,Entertainment,2731,1000,True,True,False
3977,EMP0099,Marketing,2025-11-06,Hotel,7859,8000,False,False,False
3978,EMP0099,Marketing,2025-11-03,Taxi,1413,1500,False,True,True
3979,EMP0099,Marketing,2025-11-04,Entertainment,1074,1000,False,True,True
3980,EMP0099,Marketing,2025-11-06,Meals,616,1000,False,True,True
3981,EMP0106,Finance,2026-02-16,Hotel,5440,8000,False,False,True
3982,EMP0106,Finance,2026-02-19,Entertainment,725,1000,False,True,True
3983,EMP0088,Sales,2026-01-03,Entertainment,2571,1000,True,True,True
3984,EMP0088,Sales,2026-01-04,Hotel,9659,8000,True,True,True
3985,EMP0077,HR,2025-12-15,Meals,702,1000,False,True,True
3986,EMP0077,HR,2025-12-14,Entertainment,2227,1000,True,True,True
3987,EMP0077,HR,2025-12-15,Taxi,1577,1500,False,True,True
3988,EMP0003,HR,2025-12-10,Taxi,1203,1500,False,True,True
3989,EMP0003,HR,2025-12-10,Taxi,1730,1500,False,True,True
3990,EMP0003,HR,2025-12-12,Meals,786,1000,False,True,False
3991,EMP0003,HR,2025-12-09,Taxi,1281,1500,False,True,True
3992,EMP0003,HR,2025-12-11,Taxi,1611,1500,False,True,True
3993,EMP0031,Engineering,2026-02-17,Hotel,6669,8000,False,True,False
3994,EMP0031,Engineering,2026-02-18,Hotel,7856,8000,False,True,True
3995,EMP0031,Engineering,2026-02-17,Entertainment,1342,1000,False,True,True
3996,EMP0088,HR,2025-11-22,Meals,769,1000,True,True,True
3997,EMP0088,HR,2025-11-22,Entertainment,883,1000,True,True,True
3998,EMP0088,HR,2025-11-23,Entertainment,698,1000,True,True,True
3999,EMP0009,Sales,2025-10-26,Hotel,11650,8000,True,True,True
4000,EMP0009,Sales,2025-10-27,Meals,772,1000,False,True,True
4001,EMP0009,Sales,2025-10-25,Entertainment,2728,1000,True,True,True
4002,EMP0114,HR,2026-01-23,Hotel,8962,8000,False,True,True
4003,EMP0114,HR,2026-01-23,Entertainment,1056,1000,False,True,True
4004,EMP0066,Finance,2026-01-30,Meals,893,1000,False,True,True
4005,EMP0066,Finance,2026-02-01,Entertainment,2236,1000,True,True,True
4006,EMP0066,Finance,2026-01-30,Meals,1082,1000,False,True,True
4007,EMP0066,Finance,2026-01-31,Meals,812,1000,True,True,True
4008,EMP0047,Finance,2025-12-04,Entertainment,1073,1000,False,True,True
4009,EMP0047,Finance,2025-12-06,Taxi,974,1500,True,True,True
4010,EMP0047,Finance,2025-12-04,Entertainment,1096,1000,False,True,True
4011,EMP0047,Finance,2025-12-05,Meals,978,1000,False,True,True
4012,EMP0047,Finance,2025-12-03,Entertainment,727,1000,False,False,True
4013,EMP0097,Engineering,2025-12-04,Meals,1389,1000,False,True,True
4014,EMP0097,Engineering,2025-12-04,Entertainment,1008,1000,False,False,True
4015,EMP0097,Engineering,2025-12-06,Meals,1063,1000,True,True,True
4016,EMP0005,Engineering,2025-12-29,Meals,1685,1000,False,True,True
4017,EMP0005,Engineering,2025-12-29,Entertainment,878,1000,False,True,True
4018,EMP0005,Engineering,2025-12-28,Hotel,5097,8000,True,True,True
4019,EMP0005,Engineering,2025-12-29,Hotel,8525,8000,False,True,True
4020,EMP0005,Engineering,2025-12-29,Taxi,1485,1500,False,True,True
4021,EMP0092,Engineering,2026-01-13,Hotel,6726,8000,False,True,True
4022,EMP0092,Engineering,2026-01-12,Taxi,1278,1500,False,True,True
4023,EMP0092,Engineering,2026-01-13,Entertainment,745,1000,False,True,True
4024,EMP0092,Engineering,2026-01-10,Hotel,5928,8000,True,True,True
4025,EMP0050,Marketing,2025-11-19,Hotel,5421,8000,False,True,True
4026,EMP0050,Marketing,2025-11-19,Taxi,1584,1500,False,True,False
4027,EMP0050,Marketing,2025-11-22,Hotel,7417,8000,True,True,True
4028,EMP0050,Marketing,2025-11-21,Meals,706,1000,False,True,True
4029,EMP0050,Marketing,2025-11-22,Meals,759,1000,True,True,True
4030,EMP0112,HR,2025-12-21,Hotel,8266,8000,True,True,True
4031,EMP0112,HR,2025-12-21,Entertainment,1055,1000,True,True,True
4032,EMP0083,Engineering,2025-12-21,Taxi,949,1500,True,True,True
4033,EMP0083,Engineering,2025-12-24,Taxi,1125,1500,False,True,True
4034,EMP0083,Engineering,2025-12-24,Meals,934,1000,False,True,True
4035,EMP0020,Marketing,2026-01-31,Taxi,1057,1500,True,True,True
4036,EMP0020,Marketing,2026-01-28,Meals,1073,1000,False,True,True
4037,EMP0020,Marketing,2026-01-31,Meals,1039,1000,True,False,True
4038,EMP0020,Marketing,2026-01-28,Entertainment,820,1000,False,True,True
4039,EMP0108,HR,2026-01-26,Taxi,1350,1500,False,True,True
4040,EMP0108,HR,2026-01-24,Entertainment,979,1000,True,False,False
4041,EMP0108,HR,2026-01-26,Taxi,1149,1500,False,True,True
4042,EMP0108,HR,2026-01-24,Hotel,5873,8000,True,True,True
4043,EMP0069,HR,2026-02-02,Entertainment,904,1000,False,True,True
4044,EMP0069,HR,2026-01-31,Meals,856,1000,True,True,True
4045,EMP0069,HR,2026-02-02,Meals,1464,1000,False,False,True
4046,EMP0032,Engineering,2026-01-20,Taxi,1003,1500,False,True,True
4047,EMP0032,Engineering,2026-01-23,Entertainment,906,1000,False,True,True
4048,EMP0032,Engineering,2026-01-20,Entertainment,900,1000,False,True,False
4049,EMP0032,Engineering,2026-01-21,Meals,1026,1000,False,True,True
4050,EMP0107,Sales,2025-12-26,Meals,837,1000,False,True,True
4051,EMP0107,Sales,2025-12-27,Hotel,12457,8000,True,False,True
4052,EMP0107,Sales,2025-12-29,Entertainment,948,1000,False,True,False
4053,EMP0107,Sales,2025-12-28,Meals,649,1000,True,True,False
4054,EMP0107,Sales,2025-12-28,Hotel,8018,8000,True,True,True
4055,EMP0013,HR,2025-12-03,Taxi,1259,1500,False,True,True
4056,EMP0013,HR,2025-12-03,Taxi,1675,1500,False,True,True
4057,EMP0013,HR,2025-11-30,Taxi,1591,1500,True,True,True
4058,EMP0039,HR,2026-01-04,Entertainment,788,1000,True,True,True
4059,EMP0039,HR,2026-01-06,Hotel,6747,8000,False,True,True
4060,EMP0039,HR,2026-01-03,Hotel,6877,8000,True,True,True
4061,EMP0039,HR,2026-01-05,Meals,661,1000,False,True,True
4062,EMP0097,Finance,2025-11-24,Meals,994,1000,False,True,True
4063,EMP0097,Finance,2025-11-23,Hotel,6249,8000,True,True,True
4064,EMP0097,Finance,2025-11-22,Hotel,5043,8000,True,True,True
4065,EMP0097,Finance,2025-11-24,Hotel,8419,8000,False,False,True
4066,EMP0037,Marketing,2026-02-11,Meals,1091,1000,False,True,True
4067,EMP0037,Marketing,2026-02-10,Meals,757,1000,False,True,True
4068,EMP0037,Marketing,2026-02-11,Meals,867,1000,False,True,True
4069,EMP0024,Finance,2025-11-30,Meals,695,1000,True,True,True
4070,EMP0024,Finance,2025-12-02,Entertainment,796,1000,False,True,False
4071,EMP0024,Finance,2025-12-02,Hotel,7892,8000,False,True,True
4072,EMP0024,Finance,2025-12-03,Hotel,5068,8000,False,True,True
4073,EMP0044,HR,2025-11-17,Meals,1051,1000,False,True,True
4074,EMP0044,HR,2025-11-15,Meals,906,1000,True,True,True
4075,EMP0044,HR,2025-11-16,Hotel,4908,8000,True,True,True
4076,EMP0044,HR,2025-11-17,Taxi,1239,1500,False,True,True
4077,EMP0044,HR,2025-11-16,Entertainment,1082,1000,True,True,True
4078,EMP0079,Engineering,2026-01-15,Entertainment,1052,1000,False,True,True
4079,EMP0079,Engineering,2026-01-17,Entertainment,2355,1000,True,True,True
4080,EMP0079,Engineering,2026-01-18,Entertainment,1545,1000,True,True,True
4081,EMP0079,Engineering,2026-01-15,Meals,900,1000,False,True,True
4082,EMP0079,Engineering,2026-01-16,Taxi,1969,1500,False,False,False
4083,EMP0079,Engineering,2025-12-28,Taxi,1946,1500,True,True,True
4084,EMP0079,Engineering,2025-12-29,Entertainment,824,1000,False,False,True
4085,EMP0079,Engineering,2025-12-27,Entertainment,713,1000,True,True,True
4086,EMP0079,Engineering,2025-12-26,Entertainment,646,1000,False,True,True
4087,EMP0079,Engineering,2025-12-26,Hotel,6456,8000,False,True,True
4088,EMP0039,Marketing,2025-12-02,Meals,911,1000,False,True,True
4089,EMP0039,Marketing,2025-11-30,Hotel,7473,8000,True,True,True
4090,EMP0039,Marketing,2025-12-02,Taxi,1177,1500,False,True,True
4091,EMP0039,Marketing,2025-11-30,Meals,1009,1000,True,True,True
4092,EMP0098,Finance,2025-12-15,Hotel,7501,8000,False,True,True
4093,EMP0098,Finance,2025-12-12,Entertainment,1046,1000,False,True,False
4094,EMP0098,Finance,2025-12-14,Taxi,1519,1500,True,True,True
4095,EMP0098,Finance,2025-12-15,Entertainment,1003,1000,False,True,False
4096,EMP0107,Marketing,2025-12-03,Entertainment,1084,1000,False,True,True
4097,EMP0107,Marketing,2025-12-01,Taxi,1247,1500,False,True,True
4098,EMP0057,Marketing,2025-11-01,Meals,949,1000,True,False,True
4099,EMP0057,Marketing,2025-11-01,Meals,935,1000,True,True,True
4100,EMP0057,Marketing,2025-10-31,Meals,629,1000,False,True,True
4101,EMP0057,Marketing,2025-10-30,Meals,912,1000,False,True,True
4102,EMP0050,Finance,2025-11-26,Hotel,6112,8000,False,True,True
4103,EMP0050,Finance,2025-11-28,Taxi,1132,1500,False,True,True
4104,EMP0050,Finance,2025-11-25,Entertainment,943,1000,False,True,True
4105,EMP0119,Marketing,2025-12-20,Entertainment,1232,1000,True,True,True
4106,EMP0119,Marketing,2025-12-21,Taxi,1336,1500,True,True,True
4107,EMP0119,Marketing,2025-12-21,Entertainment,2699,1000,True,True,True
4108,EMP0074,Engineering,2025-11-02,Hotel,8352,8000,True,True,True
4109,EMP0074,Engineering,2025-11-04,Taxi,1309,1500,False,False,True
4110,EMP0074,Engineering,2025-11-03,Entertainment,1036,1000,False,True,True
4111,EMP0074,Engineering,2025-11-04,Taxi,1310,1500,False,True,True
4112,EMP0105,Marketing,2025-10-26,Taxi,1035,1500,True,True,True
4113,EMP0105,Marketing,2025-10-23,Entertainment,1356,1000,False,True,True
4114,EMP0114,Engineering,2025-12-01,Hotel,8130,8000,False,True,True
4115,EMP0114,Engineering,2025-12-04,Taxi,1771,1500,False,True,True
4116,EMP0114,Engineering,2025-12-03,Hotel,6881,8000,False,True,True
4117,EMP0114,Engineering,2025-12-02,Meals,617,1000,False,False,False
4118,EMP0003,Engineering,2026-01-14,Taxi,1494,1500,False,True,True
4119,EMP0003,Engineering,2026-01-12,Taxi,1335,1500,False,True,False
4120,EMP0048,Sales,2025-12-18,Hotel,7004,8000,False,True,True
4121,EMP0048,Sales,2025-12-15,Taxi,1411,1500,False,True,True
4122,EMP0048,Sales,2025-12-15,Meals,810,1000,False,True,False
4123,EMP0048,Sales,2025-12-18,Meals,909,1000,False,False,True
4124,EMP0009,Sales,2025-11-04,Hotel,7449,8000,False,True,True
4125,EMP0009,Sales,2025-11-03,Entertainment,691,1000,False,True,False
4126,EMP0084,Engineering,2026-01-27,Entertainment,1076,1000,False,True,True
4127,EMP0084,Engineering,2026-01-27,Meals,1497,1000,False,True,True
4128,EMP0044,Finance,2026-01-28,Meals,1019,1000,False,True,True
4129,EMP0044,Finance,2026-01-30,Hotel,7624,8000,False,True,True
4130,EMP0044,Finance,2026-01-28,Entertainment,1000,1000,False,False,True
4131,EMP0055,Engineering,2026-02-10,Taxi,986,1500,False,True,True
4132,EMP0055,Engineering,2026-02-08,Hotel,6765,8000,True,True,True
4133,EMP0055,Engineering,2026-02-09,Meals,809,1000,False,True,True
4134,EMP0055,Engineering,2026-02-10,Taxi,1365,1500,False,True,True
4135,EMP0046,HR,2025-11-17,Meals,630,1000,False,True,True
4136,EMP0046,HR,2025-11-16,Hotel,6957,8000,True,True,True
4137,EMP0070,Marketing,2025-12-02,Entertainment,799,1000,False,True,True
4138,EMP0070,Marketing,2025-12-04,Taxi,1598,1500,False,True,True
4139,EMP0099,Marketing,2025-11-09,Hotel,6959,8000,True,True,True
4140,EMP0099,Marketing,2025-11-07,Meals,744,1000,False,True,True
4141,EMP0099,Marketing,2025-11-09,Meals,905,1000,True,True,True
4142,EMP0052,Engineering,2026-01-27,Meals,676,1000,False,True,True
4143,EMP0052,Engineering,2026-01-29,Hotel,5609,8000,False,True,True
4144,EMP0016,Engineering,2025-11-06,Hotel,6916,8000,False,True,True
4145,EMP0016,Engineering,2025-11-06,Entertainment,626,1000,False,True,True
4146,EMP0012,HR,2025-12-24,Entertainment,1078,1000,False,False,True
4147,EMP0012,HR,2025-12-23,Meals,876,1000,False,True,False
4148,EMP0012,HR,2025-12-24,Meals,1317,1000,False,True,True
4149,EMP0012,HR,2025-12-22,Taxi,945,1500,False,True,True
4150,EMP0012,HR,2025-12-22,Hotel,6426,8000,False,True,True
4151,EMP0110,Sales,2025-12-09,Hotel,8401,8000,False,False,True
4152,EMP0110,Sales,2025-12-07,Taxi,1599,1500,True,True,True
4153,EMP0050,Finance,2025-11-28,Meals,982,1000,False,True,True
4154,EMP0050,Finance,2025-11-27,Hotel,6476,8000,False,True,True
4155,EMP0098,Sales,2026-01-07,Taxi,1220,1500,False,True,True
4156,EMP0098,Sales,2026-01-07,Entertainment,686,1000,False,False,True
4157,EMP0098,Sales,2026-01-08,Hotel,8044,8000,False,True,True
4158,EMP0020,Engineering,2026-02-10,Hotel,8360,8000,False,True,True
4159,EMP0020,Engineering,2026-02-10,Meals,732,1000,False,False,True
4160,EMP0020,Engineering,2026-02-13,Meals,998,1000,False,True,False
4161,EMP0020,Engineering,2026-02-13,Meals,964,1000,False,True,True
4162,EMP0020,Engineering,2026-02-13,Taxi,2354,1500,False,True,True
4163,EMP0004,Sales,2025-10-25,Taxi,1072,1500,True,True,True
4164,EMP0004,Sales,2025-10-24,Entertainment,817,1000,False,True,True
4165,EMP0004,Sales,2025-10-27,Hotel,5014,8000,False,False,True
4166,EMP0004,Sales,2025-10-26,Meals,1070,1000,True,True,False
4167,EMP0093,HR,2025-11-13,Entertainment,724,1000,False,True,False
4168,EMP0093,HR,2025-11-13,Hotel,7262,8000,False,False,True
4169,EMP0093,HR,2025-11-11,Hotel,5979,8000,False,True,True
4170,EMP0093,HR,2025-11-11,Hotel,5177,8000,False,True,True
4171,EMP0060,Finance,2025-12-19,Taxi,1126,1500,False,True,True
4172,EMP0060,Finance,2025-12-18,Entertainment,1281,1000,False,True,True
4173,EMP0060,Finance,2025-12-16,Taxi,1803,1500,False,True,True
4174,EMP0060,Finance,2025-12-17,Taxi,1183,1500,False,False,True
4175,EMP0060,Finance,2025-12-18,Entertainment,1297,1000,False,True,False
4176,EMP0047,HR,2026-01-21,Hotel,5863,8000,False,True,True
4177,EMP0047,HR,2026-01-22,Taxi,1590,1500,False,True,True
4178,EMP0047,HR,2026-01-22,Entertainment,800,1000,False,True,True
4179,EMP0047,HR,2026-01-23,Meals,1208,1000,False,True,True
4180,EMP0047,HR,2026-01-22,Entertainment,763,1000,False,True,True
4181,EMP0104,Engineering,2026-01-13,Meals,777,1000,False,True,True
4182,EMP0104,Engineering,2026-01-16,Meals,807,1000,False,True,True
4183,EMP0104,Engineering,2026-01-14,Entertainment,659,1000,False,True,True
4184,EMP0104,Engineering,2026-01-14,Entertainment,775,1000,False,True,False
4185,EMP0091,Finance,2026-01-06,Taxi,995,1500,False,True,True
4186,EMP0091,Finance,2026-01-07,Meals,1036,1000,False,False,True
4187,EMP0091,Finance,2026-01-04,Taxi,1265,1500,True,True,True
4188,EMP0019,HR,2026-02-17,Meals,922,1000,False,True,True
4189,EMP0019,HR,2026-02-20,Taxi,1548,1500,False,True,True
4190,EMP0019,HR,2026-02-18,Entertainment,1070,1000,False,True,True
4191,EMP0019,HR,2026-02-17,Meals,667,1000,False,True,True
4192,EMP0107,Engineering,2025-12-12,Meals,792,1000,False,True,True
4193,EMP0107,Engineering,2025-12-10,Meals,940,1000,False,True,False
4194,EMP0107,Engineering,2025-12-10,Taxi,2022,1500,False,True,False
4195,EMP0107,Engineering,2025-12-11,Entertainment,1201,1000,False,True,True
4196,EMP0107,Engineering,2025-12-12,Hotel,7023,8000,False,True,True
4197,EMP0074,Finance,2025-11-19,Hotel,6087,8000,False,True,True
4198,EMP0074,Finance,2025-11-17,Entertainment,1064,1000,False,False,True
4199,EMP0074,Finance,2025-11-20,Entertainment,748,1000,False,True,True
4200,EMP0074,Finance,2025-11-17,Meals,603,1000,False,True,False
4201,EMP0074,Finance,2025-11-18,Hotel,6984,8000,False,True,True
4202,EMP0044,Engineering,2025-12-03,Entertainment,1054,1000,False,True,True
4203,EMP0044,Engineering,2025-12-06,Meals,1121,1000,True,False,True
4204,EMP0044,Engineering,2025-12-06,Hotel,5469,8000,True,True,True
4205,EMP0101,Marketing,2026-01-14,Meals,601,1000,False,False,True
4206,EMP0101,Marketing,2026-01-12,Entertainment,1015,1000,False,True,True
4207,EMP0038,Engineering,2025-11-30,Hotel,6128,8000,True,True,True
4208,EMP0038,Engineering,2025-11-30,Hotel,7037,8000,True,True,True
4209,EMP0038,Engineering,2025-12-01,Taxi,1679,1500,False,True,True
4210,EMP0114,HR,2025-11-10,Taxi,1536,1500,False,True,False
4211,EMP0114,HR,2025-11-10,Entertainment,800,1000,False,True,True
4212,EMP0114,HR,2025-11-08,Hotel,9897,8000,True,False,True
4213,EMP0073,HR,2025-10-28,Meals,1329,1000,False,True,True
4214,EMP0073,HR,2025-10-27,Taxi,1221,1500,False,True,True
4215,EMP0073,HR,2025-10-28,Meals,832,1000,False,True,True
4216,EMP0082,HR,2026-02-07,Taxi,1538,1500,True,True,True
4217,EMP0082,HR,2026-02-08,Meals,913,1000,True,True,True
4218,EMP0038,Finance,2025-12-15,Taxi,1442,1500,False,True,True
4219,EMP0038,Finance,2025-12-15,Hotel,7740,8000,False,False,True
4220,EMP0038,Finance,2025-12-13,Entertainment,1014,1000,True,True,True
4221,EMP0038,Finance,2025-12-16,Meals,742,1000,False,True,True
4222,EMP0038,Finance,2025-12-16,Taxi,1783,1500,False,True,True
4223,EMP0086,Marketing,2026-02-16,Hotel,7608,8000,False,True,True
4224,EMP0086,Marketing,2026-02-16,Meals,651,1000,False,True,True
4225,EMP0086,Marketing,2026-02-19,Entertainment,1028,1000,False,True,True
4226,EMP0086,Marketing,2026-02-19,Taxi,2238,1500,False,True,True
4227,EMP0076,Engineering,2026-02-07,Hotel,8416,8000,True,True,True
4228,EMP0076,Engineering,2026-02-07,Taxi,1416,1500,True,True,True
4229,EMP0087,Engineering,2025-12-19,Taxi,1189,1500,False,False,False
4230,EMP0087,Engineering,2025-12-18,Entertainment,819,1000,False,True,False
4231,EMP0087,Engineering,2025-12-16,Meals,618,1000,False,True,True
4232,EMP0087,Engineering,2025-12-18,Hotel,7310,8000,False,True,True
4233,EMP0087,Engineering,2025-12-16,Entertainment,1132,1000,False,True,True
4234,EMP0077,Finance,2026-01-14,Hotel,5659,8000,False,True,True
4235,EMP0077,Finance,2026-01-16,Entertainment,789,1000,False,True,True
4236,EMP0077,Finance,2026-01-15,Entertainment,854,1000,False,False,True
4237,EMP0077,Finance,2026-01-13,Taxi,1443,1500,False,True,False
4238,EMP0117,Marketing,2025-10-29,Entertainment,754,1000,False,True,True
4239,EMP0117,Marketing,2025-10-26,Meals,687,1000,True,True,True
4240,EMP0117,Marketing,2025-10-27,Entertainment,742,1000,False,True,True
4241,EMP0117,Marketing,2025-10-28,Taxi,1241,1500,False,True,True
4242,EMP0117,Marketing,2025-10-26,Taxi,1146,1500,True,True,True
4243,EMP0089,Finance,2025-11-20,Hotel,7395,8000,False,True,True
4244,EMP0089,Finance,2025-11-19,Meals,867,1000,False,False,True
4245,EMP0054,Sales,2025-11-05,Taxi,1022,1500,False,False,True
4246,EMP0054,Sales,2025-11-04,Entertainment,744,1000,False,True,True
4247,EMP0054,Sales,2025-11-03,Hotel,6369,8000,False,True,True
4248,EMP0054,Sales,2025-11-05,Hotel,10452,8000,False,True,True
4249,EMP0011,Sales,2026-01-21,Taxi,1228,1500,False,True,True
4250,EMP0011,Sales,2026-01-23,Taxi,1089,1500,False,False,True
4251,EMP0091,Finance,2026-01-07,Hotel,7661,8000,False,True,True
4252,EMP0091,Finance,2026-01-09,Hotel,6332,8000,False,True,True
4253,EMP0091,Finance,2026-01-07,Taxi,960,1500,False,True,True
4254,EMP0091,Finance,2026-01-09,Meals,1018,1000,False,True,True
4255,EMP0091,Finance,2026-01-07,Taxi,1911,1500,False,True,True
4256,EMP0083,Sales,2025-11-02,Taxi,1004,1500,True,True,True
4257,EMP0083,Sales,2025-11-04,Taxi,1365,1500,False,False,True
4258,EMP0083,Sales,2025-11-04,Taxi,1323,1500,False,True,True
4259,EMP0083,Sales,2025-11-03,Meals,617,1000,False,True,True
4260,EMP0083,Sales,2025-11-04,Entertainment,890,1000,False,True,True
4261,EMP0051,Sales,2026-01-12,Taxi,1051,1500,False,True,True
4262,EMP0051,Sales,2026-01-13,Entertainment,773,1000,False,True,True
4263,EMP0051,Sales,2026-01-12,Hotel,8043,8000,False,True,True
4264,EMP0051,Sales,2026-01-12,Taxi,1285,1500,False,True,True
4265,EMP0004,Marketing,2025-11-27,Entertainment,832,1000,False,False,True
4266,EMP0004,Marketing,2025-11-27,Meals,1570,1000,False,True,True
4267,EMP0004,Marketing,2025-11-29,Taxi,1055,1500,True,True,True
4268,EMP0032,Marketing,2026-01-30,Entertainment,962,1000,False,True,True
4269,EMP0032,Marketing,2026-02-01,Entertainment,1068,1000,True,True,True
4270,EMP0032,Marketing,2026-01-31,Entertainment,2356,1000,True,True,True
4271,EMP0032,Marketing,2026-01-31,Taxi,1595,1500,True,True,True
4272,EMP0032,Marketing,2026-01-31,Entertainment,743,1000,True,True,True
4273,EMP0071,Marketing,2025-12-11,Entertainment,981,1000,False,False,False
4274,EMP0071,Marketing,2025-12-11,Meals,733,1000,False,False,True
4275,EMP0071,Marketing,2025-12-12,Taxi,1462,1500,False,True,True
4276,EMP0071,Marketing,2025-12-12,Entertainment,767,1000,False,True,True
4277,EMP0030,Marketing,2025-11-04,Entertainment,1041,1000,False,True,True
4278,EMP0030,Marketing,2025-11-02,Hotel,4975,8000,True,True,True
4279,EMP0091,Finance,2025-12-03,Entertainment,830,1000,False,False,True
4280,EMP0091,Finance,2025-12-03,Hotel,7112,8000,False,True,True
4281,EMP0091,Finance,2025-12-03,Taxi,976,1500,False,True,True
4282,EMP0065,HR,2026-01-27,Taxi,1286,1500,False,True,True
4283,EMP0065,HR,2026-01-27,Hotel,6939,8000,False,True,True
4284,EMP0065,HR,2026-01-26,Entertainment,700,1000,False,True,True
4285,EMP0065,HR,2026-01-28,Meals,893,1000,False,True,True
4286,EMP0065,HR,2026-01-25,Hotel,7755,8000,True,True,True
4287,EMP0085,Finance,2025-11-10,Meals,1330,1000,False,True,True
4288,EMP0085,Finance,2025-11-09,Meals,1007,1000,True,True,True
4289,EMP0095,Marketing,2026-01-01,Taxi,1889,1500,False,True,True
4290,EMP0095,Marketing,2026-01-02,Taxi,1028,1500,False,True,True
4291,EMP0089,Engineering,2026-02-10,Meals,914,1000,False,True,True
4292,EMP0089,Engineering,2026-02-12,Entertainment,931,1000,False,True,True
4293,EMP0057,Finance,2026-01-01,Entertainment,950,1000,False,True,True
4294,EMP0057,Finance,2026-01-02,Hotel,5535,8000,False,True,True
4295,EMP0050,Marketing,2026-02-02,Hotel,5943,8000,False,True,False
4296,EMP0050,Marketing,2026-02-02,Hotel,7120,8000,False,True,False
4297,EMP0050,Marketing,2026-01-31,Meals,600,1000,True,True,True
4298,EMP0050,Marketing,2026-02-02,Entertainment,627,1000,False,True,True
4299,EMP0050,Marketing,2026-02-02,Taxi,1252,1500,False,True,True
4300,EMP0089,Engineering,2026-02-09,Hotel,7150,8000,False,True,True
4301,EMP0089,Engineering,2026-02-11,Hotel,12311,8000,False,True,True
4302,EMP0089,Engineering,2026-02-08,Entertainment,1627,1000,True,True,True
4303,EMP0014,HR,2026-01-23,Entertainment,918,1000,False,False,True
4304,EMP0014,HR,2026-01-21,Hotel,7885,8000,False,True,False
4305,EMP0057,Finance,2025-12-17,Meals,1001,1000,False,True,True
4306,EMP0057,Finance,2025-12-17,Entertainment,1005,1000,False,True,True
4307,EMP0062,Engineering,2026-01-18,Entertainment,979,1000,True,True,True
4308,EMP0062,Engineering,2026-01-18,Hotel,5251,8000,True,False,True
4309,EMP0062,Engineering,2026-01-17,Entertainment,957,1000,True,True,True
4310,EMP0091,Engineering,2025-11-19,Meals,1049,1000,False,True,True
4311,EMP0091,Engineering,2025-11-19,Taxi,944,1500,False,True,True
4312,EMP0053,Engineering,2026-01-17,Entertainment,830,1000,True,True,True
4313,EMP0053,Engineering,2026-01-19,Meals,901,1000,False,True,True
4314,EMP0053,Engineering,2026-01-18,Hotel,6665,8000,True,True,True
4315,EMP0053,Engineering,2026-01-18,Meals,873,1000,True,False,True
4316,EMP0053,Engineering,2026-01-16,Taxi,1316,1500,False,True,True
4317,EMP0079,Sales,2025-12-12,Hotel,7785,8000,False,True,True
4318,EMP0079,Sales,2025-12-12,Taxi,1496,1500,False,True,True
4319,EMP0079,Sales,2025-12-14,Taxi,1921,1500,True,True,True
4320,EMP0094,Sales,2025-11-04,Hotel,8385,8000,False,True,False
4321,EMP0094,Sales,2025-11-01,Taxi,1454,1500,True,True,True
4322,EMP0094,Sales,2025-11-04,Entertainment,1329,1000,False,True,True
4323,EMP0094,Sales,2025-11-01,Entertainment,2110,1000,True,False,True
4324,EMP0094,Sales,2025-11-02,Taxi,1647,1500,True,False,True
4325,EMP0013,Marketing,2025-11-12,Hotel,6180,8000,False,True,True
4326,EMP0013,Marketing,2025-11-12,Meals,904,1000,False,True,True
4327,EMP0013,Marketing,2025-11-12,Entertainment,909,1000,False,True,True
4328,EMP0082,Sales,2025-12-18,Entertainment,1691,1000,False,True,True
4329,EMP0082,Sales,2025-12-20,Taxi,1804,1500,True,True,True
4330,EMP0013,Engineering,2025-12-30,Entertainment,913,1000,False,True,False
4331,EMP0013,Engineering,2025-12-30,Meals,862,1000,False,True,True
4332,EMP0013,Engineering,2025-12-28,Meals,747,1000,True,True,True
4333,EMP0013,Engineering,2025-12-30,Taxi,1354,1500,False,True,True
4334,EMP0009,Engineering,2026-01-10,Taxi,919,1500,True,True,True
4335,EMP0009,Engineering,2026-01-13,Meals,841,1000,False,True,True
4336,EMP0009,Engineering,2026-01-10,Entertainment,1174,1000,True,True,True
4337,EMP0009,Engineering,2026-01-11,Meals,636,1000,True,True,True
4338,EMP0009,Engineering,2026-01-10,Entertainment,1646,1000,True,True,True
4339,EMP0115,Finance,2026-02-06,Taxi,1633,1500,False,False,True
4340,EMP0115,Finance,2026-02-08,Meals,658,1000,True,True,True
4341,EMP0115,Finance,2026-02-06,Hotel,10514,8000,False,False,True
4342,EMP0115,Finance,2026-02-06,Entertainment,771,1000,False,True,True
4343,EMP0115,Finance,2026-02-06,Taxi,988,1500,False,True,True
4344,EMP0114,Sales,2026-02-19,Meals,703,1000,False,True,True
4345,EMP0114,Sales,2026-02-17,Hotel,7388,8000,False,True,True
4346,EMP0114,Sales,2026-02-18,Hotel,8588,8000,False,True,True
4347,EMP0114,Sales,2026-02-18,Hotel,8552,8000,False,True,True
4348,EMP0114,Sales,2026-02-19,Meals,760,1000,False,True,False
4349,EMP0064,Engineering,2025-11-12,Meals,1411,1000,False,True,True
4350,EMP0064,Engineering,2025-11-09,Meals,936,1000,True,True,True
4351,EMP0064,Engineering,2025-11-09,Entertainment,1534,1000,True,True,True
4352,EMP0064,Engineering,2025-11-09,Meals,682,1000,True,True,False
4353,EMP0064,Engineering,2025-11-10,Meals,930,1000,False,True,True
4354,EMP0086,HR,2025-12-03,Taxi,1151,1500,False,False,True
4355,EMP0086,HR,2025-12-05,Taxi,1376,1500,False,True,True
4356,EMP0086,HR,2025-12-06,Hotel,7578,8000,True,False,True
4357,EMP0086,HR,2025-12-06,Hotel,8376,8000,True,False,True
4358,EMP0086,HR,2025-12-04,Meals,882,1000,False,True,True
4359,EMP0118,Finance,2026-01-19,Entertainment,967,1000,False,True,True
4360,EMP0118,Finance,2026-01-22,Hotel,9270,8000,False,True,True
4361,EMP0118,Finance,2026-01-19,Taxi,1277,1500,False,True,True
4362,EMP0118,Finance,2026-01-20,Entertainment,1303,1000,False,True,True
4363,EMP0067,Finance,2026-01-14,Entertainment,792,1000,False,True,True
4364,EMP0067,Finance,2026-01-14,Meals,1013,1000,False,True,False
4365,EMP0067,Finance,2026-01-12,Meals,790,1000,False,True,True
4366,EMP0055,Finance,2025-12-08,Hotel,8710,8000,False,True,True
4367,EMP0055,Finance,2025-12-08,Entertainment,1419,1000,False,False,True
4368,EMP0055,Finance,2025-12-09,Hotel,11051,8000,False,True,True
4369,EMP0055,Finance,2025-12-10,Entertainment,622,1000,False,True,False
4370,EMP0055,Finance,2025-12-08,Hotel,7968,8000,False,True,True
4371,EMP0101,Marketing,2026-01-18,Taxi,1813,1500,True,True,True
4372,EMP0101,Marketing,2026-01-18,Taxi,1418,1500,True,True,True
4373,EMP0083,Marketing,2025-10-29,Hotel,8643,8000,False,True,True
4374,EMP0083,Marketing,2025-10-29,Entertainment,860,1000,False,True,True
4375,EMP0083,Marketing,2025-10-30,Meals,799,1000,False,True,True
4376,EMP0083,Marketing,2025-10-28,Taxi,1209,1500,False,True,True
4377,EMP0007,Finance,2025-12-28,Hotel,5916,8000,True,True,False
4378,EMP0007,Finance,2025-12-28,Hotel,6555,8000,True,False,False
4379,EMP0115,Engineering,2025-12-01,Taxi,1519,1500,False,False,True
4380,EMP0115,Engineering,2025-12-02,Meals,1009,1000,False,False,True
4381,EMP0116,Sales,2025-10-21,Taxi,1437,1500,False,True,True
4382,EMP0116,Sales,2025-10-21,Entertainment,706,1000,False,True,True
4383,EMP0116,Sales,2025-10-24,Taxi,1253,1500,False,True,True
4384,EMP0052,Sales,2025-11-09,Taxi,1094,1500,True,False,True
4385,EMP0052,Sales,2025-11-11,Entertainment,734,1000,False,True,True
4386,EMP0040,Engineering,2026-01-26,Entertainment,869,1000,False,True,True
4387,EMP0040,Engineering,2026-01-23,Entertainment,851,1000,False,True,True
4388,EMP0105,Finance,2026-01-05,Meals,888,1000,False,True,True
4389,EMP0105,Finance,2026-01-05,Taxi,1564,1500,False,True,True
4390,EMP0105,Finance,2026-01-07,Hotel,6049,8000,False,True,True
4391,EMP0105,Finance,2026-01-08,Taxi,1438,1500,False,True,True
4392,EMP0105,Finance,2026-01-08,Entertainment,944,1000,False,True,True
4393,EMP0021,Finance,2025-11-13,Taxi,1027,1500,False,True,True
4394,EMP0021,Finance,2025-11-16,Taxi,1166,1500,True,True,True
4395,EMP0021,Finance,2025-11-16,Taxi,1305,1500,True,False,True
4396,EMP0021,Finance,2025-11-14,Entertainment,934,1000,False,True,True
4397,EMP0110,HR,2025-11-04,Meals,716,1000,False,True,True
4398,EMP0110,HR,2025-11-05,Taxi,1091,1500,False,True,True
4399,EMP0005,Finance,2025-11-06,Entertainment,985,1000,False,True,True
4400,EMP0005,Finance,2025-11-06,Taxi,1154,1500,False,True,True
4401,EMP0005,Finance,2025-11-04,Hotel,5218,8000,False,True,True
4402,EMP0005,Finance,2025-11-03,Meals,679,1000,False,True,True
4403,EMP0005,Finance,2025-11-04,Taxi,1535,1500,False,True,True
4404,EMP0079,Marketing,2026-01-24,Meals,655,1000,True,True,True
4405,EMP0079,Marketing,2026-01-23,Hotel,5154,8000,False,False,True
4406,EMP0079,Marketing,2026-01-24,Hotel,10273,8000,True,True,True
4407,EMP0079,Marketing,2026-01-25,Entertainment,1061,1000,True,True,True
4408,EMP0006,HR,2025-11-12,Entertainment,696,1000,False,True,True
4409,EMP0006,HR,2025-11-09,Hotel,6892,8000,True,True,True
4410,EMP0038,HR,2025-11-21,Entertainment,996,1000,False,True,True
4411,EMP0038,HR,2025-11-18,Entertainment,772,1000,False,True,True
4412,EMP0078,HR,2026-01-02,Meals,952,1000,False,True,False
4413,EMP0078,HR,2026-01-02,Meals,631,1000,False,True,True
4414,EMP0093,Marketing,2025-10-27,Taxi,952,1500,False,True,False
4415,EMP0093,Marketing,2025-10-27,Taxi,1418,1500,False,True,True
4416,EMP0093,Marketing,2025-10-27,Meals,925,1000,False,True,True
4417,EMP0073,Sales,2026-01-29,Meals,1001,1000,False,True,True
4418,EMP0073,Sales,2026-01-28,Entertainment,1503,1000,False,True,True
4419,EMP0073,Sales,2026-01-29,Hotel,8268,8000,False,True,True
4420,EMP0073,Sales,2026-01-29,Taxi,1496,1500,False,True,True
4421,EMP0079,Finance,2026-02-17,Entertainment,1029,1000,False,False,True
4422,EMP0079,Finance,2026-02-16,Entertainment,1122,1000,False,True,True
4423,EMP0047,Engineering,2025-11-28,Entertainment,818,1000,False,True,True
4424,EMP0047,Engineering,2025-11-28,Entertainment,926,1000,False,True,True
4425,EMP0047,Engineering,2025-11-29,Entertainment,940,1000,True,True,True
4426,EMP0039,Engineering,2025-12-18,Hotel,5120,8000,False,True,True
4427,EMP0039,Engineering,2025-12-18,Taxi,2407,1500,False,True,True
4428,EMP0039,Engineering,2025-12-20,Entertainment,1063,1000,True,True,True
4429,EMP0039,Engineering,2025-12-21,Hotel,6714,8000,True,True,True
4430,EMP0054,Finance,2026-01-24,Meals,772,1000,True,True,True
4431,EMP0054,Finance,2026-01-23,Meals,865,1000,False,True,True
4432,EMP0054,Finance,2026-01-24,Hotel,5523,8000,True,True,True
4433,EMP0054,Finance,2026-01-23,Hotel,6617,8000,False,True,True
4434,EMP0054,Finance,2026-01-23,Meals,989,1000,False,False,True
4435,EMP0032,Engineering,2025-11-16,Hotel,7280,8000,True,True,True
4436,EMP0032,Engineering,2025-11-15,Entertainment,942,1000,True,True,True
4437,EMP0032,Engineering,2025-11-17,Taxi,1549,1500,False,False,True
4438,EMP0053,Marketing,2025-12-02,Meals,792,1000,False,True,True
4439,EMP0053,Marketing,2025-12-01,Meals,1028,1000,False,True,True
4440,EMP0107,HR,2025-10-29,Meals,984,1000,False,True,False
4441,EMP0107,HR,2025-10-28,Taxi,918,1500,False,True,True
4442,EMP0107,HR,2025-10-29,Entertainment,755,1000,False,True,True
4443,EMP0107,HR,2025-10-29,Entertainment,1010,1000,False,True,True
4444,EMP0107,HR,2025-10-27,Hotel,6957,8000,False,True,True
4445,EMP0057,Sales,2025-11-19,Entertainment,682,1000,False,True,True
4446,EMP0057,Sales,2025-11-19,Hotel,5574,8000,False,True,True
4447,EMP0057,Sales,2025-11-16,Hotel,8155,8000,True,True,True
4448,EMP0057,Sales,2025-11-19,Hotel,8178,8000,False,True,True
4449,EMP0074,Engineering,2025-12-12,Taxi,1424,1500,False,False,True
4450,EMP0074,Engineering,2025-12-15,Meals,812,1000,False,True,True
4451,EMP0098,HR,2026-01-26,Hotel,6718,8000,False,True,True
4452,EMP0098,HR,2026-01-24,Entertainment,756,1000,True,True,True
4453,EMP0098,HR,2026-01-26,Hotel,6559,8000,False,True,True
4454,EMP0098,HR,2026-01-23,Hotel,7351,8000,False,True,True
4455,EMP0046,Engineering,2025-11-12,Taxi,1302,1500,False,True,True
4456,EMP0046,Engineering,2025-11-09,Entertainment,2650,1000,True,True,True
4457,EMP0046,Engineering,2025-11-11,Entertainment,1012,1000,False,True,True
4458,EMP0058,Finance,2026-01-21,Meals,1037,1000,False,True,True
4459,EMP0058,Finance,2026-01-19,Meals,1013,1000,False,True,True
4460,EMP0117,HR,2025-11-10,Hotel,6539,8000,False,True,True
4461,EMP0117,HR,2025-11-10,Entertainment,704,1000,False,True,True
4462,EMP0097,Sales,2026-02-11,Entertainment,696,1000,False,True,True
4463,EMP0097,Sales,2026-02-11,Meals,1080,1000,False,True,True
4464,EMP0097,Sales,2026-02-10,Entertainment,973,1000,False,True,True
4465,EMP0097,Sales,2026-02-12,Meals,889,1000,False,True,True
4466,EMP0120,Finance,2026-01-02,Hotel,5729,8000,False,True,True
4467,EMP0120,Finance,2026-01-04,Entertainment,1401,1000,True,False,True
4468,EMP0120,Finance,2026-01-05,Taxi,1503,1500,False,True,True
4469,EMP0120,Finance,2026-01-05,Entertainment,850,1000,False,True,True
4470,EMP0120,Finance,2026-01-04,Taxi,1573,1500,True,True,True
4471,EMP0044,Sales,2025-11-01,Entertainment,1029,1000,True,True,True
4472,EMP0044,Sales,2025-10-31,Meals,670,1000,False,True,True
4473,EMP0044,Sales,2025-10-29,Entertainment,644,1000,False,True,True
4474,EMP0086,Engineering,2025-12-01,Taxi,1223,1500,False,True,True
4475,EMP0086,Engineering,2025-12-04,Entertainment,837,1000,False,True,True
4476,EMP0086,Engineering,2025-12-01,Entertainment,652,1000,False,True,False
4477,EMP0076,Finance,2025-12-08,Taxi,1267,1500,False,True,False
4478,EMP0076,Finance,2025-12-09,Meals,856,1000,False,True,True
4479,EMP0076,Finance,2025-12-06,Meals,1032,1000,True,False,True
4480,EMP0076,Finance,2025-12-06,Hotel,5116,8000,True,True,True
4481,EMP0007,Engineering,2025-11-30,Entertainment,808,1000,True,True,True
4482,EMP0007,Engineering,2025-11-29,Meals,1055,1000,True,True,True
4483,EMP0007,Engineering,2025-11-29,Entertainment,979,1000,True,True,True
4484,EMP0007,Engineering,2025-11-29,Meals,717,1000,True,True,True
4485,EMP0005,Engineering,2025-10-24,Meals,1089,1000,False,True,True
4486,EMP0005,Engineering,2025-10-22,Meals,1044,1000,False,True,True
4487,EMP0005,Engineering,2025-10-22,Meals,770,1000,False,True,False
4488,EMP0005,Marketing,2025-12-11,Meals,745,1000,False,True,True
4489,EMP0005,Marketing,2025-12-10,Entertainment,1047,1000,False,True,True
4490,EMP0005,Marketing,2025-12-08,Hotel,8583,8000,False,True,True
4491,EMP0005,Marketing,2025-12-10,Meals,710,1000,False,True,True
4492,EMP0005,Marketing,2025-12-10,Entertainment,938,1000,False,True,True
4493,EMP0034,HR,2025-12-25,Taxi,932,1500,False,True,True
4494,EMP0034,HR,2025-12-24,Taxi,2228,1500,False,True,True
4495,EMP0117,Marketing,2026-02-14,Meals,1046,1000,True,True,True
4496,EMP0117,Marketing,2026-02-12,Taxi,960,1500,False,True,True
4497,EMP0117,Marketing,2026-02-12,Meals,717,1000,False,True,True
4498,EMP0117,Marketing,2026-02-15,Hotel,10151,8000,True,False,True
4499,EMP0031,Sales,2025-10-22,Hotel,5844,8000,False,True,True
4500,EMP0031,Sales,2025-10-22,Meals,1098,1000,False,True,True
4501,EMP0031,Sales,2025-10-24,Entertainment,986,1000,False,True,True
4502,EMP0031,Sales,2025-10-22,Entertainment,960,1000,False,True,True
4503,EMP0086,Sales,2025-11-08,Taxi,1325,1500,True,True,True
4504,EMP0086,Sales,2025-11-08,Meals,726,1000,True,True,True
4505,EMP0001,Finance,2025-11-21,Meals,1238,1000,False,True,True
4506,EMP0001,Finance,2025-11-20,Meals,955,1000,False,True,True
4507,EMP0001,Finance,2025-11-19,Meals,1084,1000,False,True,True
4508,EMP0001,Finance,2025-11-20,Meals,941,1000,False,True,True
4509,EMP0091,Finance,2026-01-20,Taxi,1138,1500,False,True,True
4510,EMP0091,Finance,2026-01-21,Taxi,1223,1500,False,True,True
4511,EMP0091,Finance,2026-01-19,Hotel,5050,8000,False,True,True
4512,EMP0091,Finance,2026-01-21,Meals,672,1000,False,True,True
4513,EMP0065,Sales,2025-11-14,Meals,857,1000,False,True,True
4514,EMP0065,Sales,2025-11-14,Hotel,12519,8000,False,True,True
4515,EMP0010,Engineering,2026-02-08,Hotel,6865,8000,True,True,True
4516,EMP0010,Engineering,2026-02-06,Meals,682,1000,False,False,True
4517,EMP0010,Engineering,2026-02-09,Hotel,7118,8000,False,False,True
4518,EMP0010,Engineering,2026-02-09,Hotel,11954,8000,False,True,False
4519,EMP0010,Engineering,2026-02-09,Entertainment,1105,1000,False,True,True
4520,EMP0065,Marketing,2025-12-17,Meals,731,1000,False,True,False
4521,EMP0065,Marketing,2025-12-16,Meals,965,1000,False,True,False
4522,EMP0065,Marketing,2025-12-15,Taxi,1833,1500,False,True,True
4523,EMP0064,Marketing,2025-10-29,Hotel,5143,8000,False,True,True
4524,EMP0064,Marketing,2025-10-28,Meals,1016,1000,False,True,False
4525,EMP0064,Marketing,2025-10-31,Taxi,1578,1500,False,True,True
4526,EMP0064,Marketing,2025-10-30,Meals,1019,1000,False,True,False
4527,EMP0064,Marketing,2025-10-29,Taxi,1367,1500,False,True,True
4528,EMP0012,Marketing,2026-01-28,Hotel,5312,8000,False,True,True
4529,EMP0012,Marketing,2026-01-27,Entertainment,1175,1000,False,True,False
4530,EMP0062,Marketing,2025-11-30,Hotel,7899,8000,True,True,True
4531,EMP0062,Marketing,2025-11-30,Meals,912,1000,True,True,True
4532,EMP0062,Marketing,2025-11-28,Entertainment,745,1000,False,False,True
4533,EMP0053,Finance,2025-12-01,Entertainment,709,1000,False,True,True
4534,EMP0053,Finance,2025-12-01,Meals,657,1000,False,True,True
4535,EMP0053,Finance,2025-12-02,Taxi,962,1500,False,True,True
4536,EMP0053,Finance,2025-12-03,Meals,767,1000,False,True,True
4537,EMP0101,Marketing,2026-02-09,Hotel,10465,8000,False,True,True
4538,EMP0101,Marketing,2026-02-12,Hotel,7583,8000,False,True,True
4539,EMP0101,Marketing,2026-02-09,Taxi,947,1500,False,False,True
4540,EMP0101,Marketing,2026-02-12,Taxi,1238,1500,False,True,True
4541,EMP0101,Marketing,2026-02-09,Hotel,8582,8000,False,False,True
4542,EMP0028,Sales,2025-12-12,Hotel,4990,8000,False,True,True
4543,EMP0028,Sales,2025-12-10,Meals,633,1000,False,True,True
4544,EMP0028,Sales,2025-12-12,Meals,671,1000,False,True,True
4545,EMP0028,Sales,2025-12-11,Entertainment,924,1000,False,True,True
4546,EMP0110,HR,2025-11-20,Entertainment,655,1000,False,False,True
4547,EMP0110,HR,2025-11-22,Hotel,6029,8000,True,False,True
4548,EMP0110,HR,2025-11-22,Meals,657,1000,True,True,True
4549,EMP0110,HR,2025-11-19,Taxi,2087,1500,False,False,True
4550,EMP0046,Sales,2025-12-04,Entertainment,658,1000,False,False,True
4551,EMP0046,Sales,2025-12-02,Meals,1090,1000,False,True,True
4552,EMP0054,Finance,2025-12-02,Taxi,1455,1500,False,True,True
4553,EMP0054,Finance,2025-12-02,Hotel,9080,8000,False,True,True
4554,EMP0054,Finance,2025-11-29,Meals,1044,1000,True,True,True
4555,EMP0054,Finance,2025-12-01,Taxi,1306,1500,False,True,True
4556,EMP0093,Marketing,2026-02-10,Entertainment,753,1000,False,True,True
4557,EMP0093,Marketing,2026-02-11,Hotel,8627,8000,False,True,True
4558,EMP0093,Marketing,2026-02-08,Hotel,5278,8000,True,True,True
4559,EMP0093,Marketing,2026-02-11,Hotel,7378,8000,False,True,True
4560,EMP0089,Engineering,2026-01-12,Hotel,9817,8000,False,True,True
4561,EMP0089,Engineering,2026-01-10,Meals,758,1000,True,False,True
4562,EMP0089,Engineering,2026-01-12,Entertainment,738,1000,False,True,True
4563,EMP0089,Engineering,2026-01-13,Hotel,10169,8000,False,True,True
4564,EMP0089,Engineering,2026-01-10,Hotel,8129,8000,True,True,False
4565,EMP0101,HR,2026-01-19,Meals,1323,1000,False,True,True
4566,EMP0101,HR,2026-01-20,Taxi,1423,1500,False,True,True
4567,EMP0080,Marketing,2025-12-27,Taxi,1175,1500,True,True,True
4568,EMP0080,Marketing,2025-12-27,Taxi,1273,1500,True,True,True
4569,EMP0080,Marketing,2025-12-30,Entertainment,1169,1000,False,True,True
4570,EMP0025,Marketing,2025-11-09,Entertainment,1541,1000,True,True,True
4571,EMP0025,Marketing,2025-11-11,Entertainment,770,1000,False,False,True
4572,EMP0025,Marketing,2025-11-10,Meals,856,1000,False,True,True
4573,EMP0072,Engineering,2025-12-01,Hotel,8155,8000,False,True,True
4574,EMP0072,Engineering,2025-12-03,Taxi,1440,1500,False,True,True
4575,EMP0072,Engineering,2025-11-30,Taxi,1216,1500,True,True,True
4576,EMP0016,Marketing,2025-10-30,Taxi,1104,1500,False,True,True
4577,EMP0016,Marketing,2025-10-28,Taxi,977,1500,False,True,True
4578,EMP0002,Marketing,2025-11-19,Meals,845,1000,False,True,False
4579,EMP0002,Marketing,2025-11-17,Hotel,8869,8000,False,True,False
4580,EMP0002,Marketing,2025-11-18,Hotel,5298,8000,False,True,True
4581,EMP0117,Engineering,2026-01-11,Meals,861,1000,True,True,True
4582,EMP0117,Engineering,2026-01-11,Entertainment,3094,1000,True,True,True
4583,EMP0117,Engineering,2026-01-12,Hotel,7590,8000,False,True,False
4584,EMP0117,Engineering,2026-01-10,Taxi,1450,1500,True,True,True
4585,EMP0117,Engineering,2026-01-09,Hotel,5128,8000,False,False,True
4586,EMP0059,Marketing,2026-01-20,Hotel,8422,8000,False,True,True
4587,EMP0059,Marketing,2026-01-20,Meals,616,1000,False,True,True
4588,EMP0059,Marketing,2026-01-20,Entertainment,782,1000,False,True,True
4589,EMP0059,Marketing,2026-01-19,Taxi,1102,1500,False,True,True
4590,EMP0059,Marketing,2026-01-20,Entertainment,731,1000,False,True,True
4591,EMP0071,Finance,2025-11-10,Meals,1022,1000,False,True,True
4592,EMP0071,Finance,2025-11-10,Hotel,6099,8000,False,True,True
4593,EMP0071,Finance,2025-11-08,Hotel,5329,8000,True,True,True
4594,EMP0071,Finance,2025-11-08,Hotel,6047,8000,True,True,True
4595,EMP0071,Finance,2025-11-10,Hotel,8777,8000,False,True,True
4596,EMP0108,Sales,2025-11-26,Hotel,5467,8000,False,True,True
4597,EMP0108,Sales,2025-11-26,Taxi,1054,1500,False,True,True
4598,EMP0108,Sales,2025-11-27,Hotel,8721,8000,False,True,True
4599,EMP0108,Sales,2025-11-26,Hotel,5976,8000,False,False,True
4600,EMP0108,Sales,2025-11-26,Meals,1055,1000,False,True,True
4601,EMP0018,Engineering,2025-12-29,Hotel,7220,8000,False,True,True
4602,EMP0018,Engineering,2025-12-26,Taxi,1034,1500,False,True,True
4603,EMP0018,Engineering,2025-12-29,Meals,898,1000,False,True,True
4604,EMP0009,Finance,2025-12-30,Taxi,1803,1500,False,True,True
4605,EMP0009,Finance,2025-12-29,Hotel,6759,8000,False,True,True
4606,EMP0009,Finance,2025-12-31,Taxi,1530,1500,False,True,True
4607,EMP0015,Marketing,2025-11-23,Hotel,4856,8000,True,True,False
4608,EMP0015,Marketing,2025-11-20,Taxi,1285,1500,False,True,True
4609,EMP0015,Marketing,2025-11-23,Entertainment,2818,1000,True,False,True
4610,EMP0020,Engineering,2025-11-30,Hotel,10003,8000,True,True,True
4611,EMP0020,Engineering,2025-11-30,Meals,1108,1000,True,True,True
4612,EMP0020,Engineering,2025-11-30,Hotel,5923,8000,True,True,True
4613,EMP0020,Engineering,2025-12-01,Entertainment,1038,1000,False,True,True
4614,EMP0020,Engineering,2025-12-03,Taxi,1518,1500,False,True,True
4615,EMP0054,HR,2025-10-28,Hotel,8296,8000,False,True,True
4616,EMP0054,HR,2025-10-27,Entertainment,964,1000,False,False,True
4617,EMP0054,HR,2025-10-27,Entertainment,1355,1000,False,True,True
4618,EMP0066,Engineering,2025-11-20,Meals,1060,1000,False,True,True
4619,EMP0066,Engineering,2025-11-17,Meals,731,1000,False,True,True
4620,EMP0066,Engineering,2025-11-18,Hotel,8781,8000,False,True,True
4621,EMP0066,Engineering,2025-11-19,Hotel,10059,8000,False,True,True
4622,EMP0050,Engineering,2026-01-26,Entertainment,1389,1000,False,True,True
4623,EMP0050,Engineering,2026-01-25,Meals,796,1000,True,True,True
4624,EMP0050,Engineering,2026-01-27,Hotel,9156,8000,False,True,True
4625,EMP0050,Engineering,2026-01-28,Meals,602,1000,False,True,True
4626,EMP0050,Engineering,2026-01-25,Taxi,1068,1500,True,True,True
4627,EMP0058,Sales,2026-01-08,Hotel,8175,8000,False,True,True
4628,EMP0058,Sales,2026-01-06,Hotel,10744,8000,False,False,True
4629,EMP0058,Sales,2026-01-09,Meals,677,1000,False,True,True
4630,EMP0058,Sales,2026-01-09,Taxi,1147,1500,False,True,True
4631,EMP0112,Engineering,2026-01-28,Hotel,8787,8000,False,False,True
4632,EMP0112,Engineering,2026-01-28,Hotel,6220,8000,False,True,True
4633,EMP0112,Engineering,2026-01-29,Hotel,7141,8000,False,True,True
4634,EMP0114,Marketing,2025-12-27,Taxi,1329,1500,True,True,True
4635,EMP0114,Marketing,2025-12-26,Taxi,1618,1500,False,False,True
4636,EMP0114,Marketing,2025-12-27,Entertainment,1155,1000,True,True,True
4637,EMP0114,Marketing,2025-12-27,Taxi,1560,1500,True,True,True
4638,EMP0114,Marketing,2025-12-28,Meals,695,1000,True,True,True
4639,EMP0050,Marketing,2025-12-12,Entertainment,1093,1000,False,True,True
4640,EMP0050,Marketing,2025-12-11,Taxi,1446,1500,False,True,True
4641,EMP0004,HR,2026-02-07,Hotel,4897,8000,True,True,True
4642,EMP0004,HR,2026-02-09,Entertainment,925,1000,False,False,True
4643,EMP0004,HR,2026-02-07,Entertainment,948,1000,True,False,False
4644,EMP0083,Engineering,2026-01-24,Entertainment,2393,1000,True,False,True
4645,EMP0083,Engineering,2026-01-24,Entertainment,1068,1000,True,True,True
4646,EMP0083,Engineering,2026-01-26,Hotel,6978,8000,False,True,True
4647,EMP0083,Engineering,2026-01-24,Hotel,7078,8000,True,False,True
4648,EMP0083,Engineering,2026-01-24,Meals,1064,1000,True,True,True
4649,EMP0034,Finance,2025-11-05,Meals,1282,1000,False,True,True
4650,EMP0034,Finance,2025-11-07,Taxi,1086,1500,False,True,True
4651,EMP0034,Finance,2025-11-05,Hotel,7946,8000,False,True,True
4652,EMP0034,Finance,2025-11-08,Meals,650,1000,True,True,True
4653,EMP0034,Finance,2025-11-05,Hotel,6736,8000,False,True,True
4654,EMP0035,Marketing,2026-01-19,Meals,849,1000,False,True,True
4655,EMP0035,Marketing,2026-01-19,Taxi,2076,1500,False,True,True
4656,EMP0035,Marketing,2026-01-18,Taxi,1397,1500,True,True,True
4657,EMP0035,Marketing,2026-01-21,Hotel,8743,8000,False,True,True
4658,EMP0035,Marketing,2026-01-19,Entertainment,632,1000,False,True,True
4659,EMP0107,Finance,2025-11-14,Hotel,7773,8000,False,True,True
4660,EMP0107,Finance,2025-11-12,Taxi,1566,1500,False,True,True
4661,EMP0107,Finance,2025-11-14,Taxi,1725,1500,False,True,True
4662,EMP0107,Finance,2025-11-12,Hotel,6537,8000,False,True,True
4663,EMP0107,Finance,2025-11-12,Taxi,1070,1500,False,True,True
4664,EMP0026,Marketing,2026-01-16,Taxi,1230,1500,False,True,True
4665,EMP0026,Marketing,2026-01-16,Meals,664,1000,False,True,True
4666,EMP0026,Marketing,2026-01-15,Hotel,6434,8000,False,True,True
4667,EMP0026,Marketing,2026-01-15,Taxi,1280,1500,False,True,False
4668,EMP0107,Finance,2026-01-21,Hotel,6846,8000,False,False,True
4669,EMP0107,Finance,2026-01-20,Taxi,1966,1500,False,False,True
4670,EMP0107,Finance,2026-01-20,Entertainment,855,1000,False,True,True
4671,EMP0070,Engineering,2026-01-15,Taxi,1069,1500,False,True,True
4672,EMP0070,Engineering,2026-01-13,Hotel,5107,8000,False,False,True
4673,EMP0070,Engineering,2026-01-15,Entertainment,898,1000,False,False,True
4674,EMP0048,Finance,2026-01-30,Meals,932,1000,False,True,True
4675,EMP0048,Finance,2026-01-29,Entertainment,869,1000,False,True,True
4676,EMP0048,Finance,2026-01-28,Hotel,6882,8000,False,True,True
4677,EMP0048,Finance,2026-01-29,Entertainment,1646,1000,False,True,True
4678,EMP0012,HR,2026-02-13,Taxi,1132,1500,False,False,True
4679,EMP0012,HR,2026-02-14,Hotel,5388,8000,True,True,False
4680,EMP0022,Sales,2025-12-24,Taxi,1131,1500,False,True,True
4681,EMP0022,Sales,2025-12-27,Hotel,8767,8000,True,True,True
4682,EMP0022,Sales,2025-12-27,Hotel,6321,8000,True,True,True
4683,EMP0022,Sales,2025-12-27,Hotel,7081,8000,True,True,True
4684,EMP0022,Sales,2025-12-24,Meals,797,1000,False,True,False
4685,EMP0074,Engineering,2026-02-03,Taxi,1265,1500,False,False,True
4686,EMP0074,Engineering,2026-02-03,Hotel,7796,8000,False,True,True
4687,EMP0120,HR,2026-02-19,Entertainment,831,1000,False,True,True
4688,EMP0120,HR,2026-02-18,Meals,689,1000,False,True,True
4689,EMP0120,HR,2026-02-20,Meals,820,1000,False,True,True
4690,EMP0048,HR,2025-12-28,Taxi,1141,1500,True,True,True
4691,EMP0048,HR,2025-12-28,Meals,906,1000,True,True,True
4692,EMP0020,Engineering,2025-10-24,Taxi,1596,1500,False,True,True
4693,EMP0020,Engineering,2025-10-22,Entertainment,1011,1000,False,False,True
4694,EMP0020,Engineering,2025-10-24,Taxi,1156,1500,False,True,True
4695,EMP0020,Engineering,2025-10-21,Entertainment,879,1000,False,True,True
4696,EMP0027,HR,2025-11-04,Hotel,7445,8000,False,True,True
4697,EMP0027,HR,2025-11-03,Taxi,1555,1500,False,False,False
4698,EMP0016,Finance,2026-01-14,Entertainment,742,1000,False,True,True
4699,EMP0016,Finance,2026-01-16,Meals,655,1000,False,True,False
4700,EMP0016,Finance,2026-01-13,Entertainment,1000,1000,False,False,True
4701,EMP0016,Finance,2026-01-14,Entertainment,633,1000,False,True,True
4702,EMP0016,Finance,2026-01-13,Meals,930,1000,False,True,False
4703,EMP0076,Finance,2026-01-08,Entertainment,1059,1000,False,False,False
4704,EMP0076,Finance,2026-01-07,Hotel,12106,8000,False,True,True
4705,EMP0103,Finance,2026-01-29,Entertainment,811,1000,False,True,True
4706,EMP0103,Finance,2026-01-29,Entertainment,745,1000,False,True,True
4707,EMP0103,Finance,2026-01-30,Entertainment,681,1000,False,True,True
4708,EMP0103,Finance,2026-01-28,Taxi,1370,1500,False,True,True
4709,EMP0063,Sales,2025-11-22,Meals,927,1000,True,True,True
4710,EMP0063,Sales,2025-11-23,Hotel,7259,8000,True,False,True
4711,EMP0044,Engineering,2025-12-23,Meals,1025,1000,False,True,False
4712,EMP0044,Engineering,2025-12-23,Entertainment,791,1000,False,True,False
4713,EMP0053,Sales,2026-01-17,Meals,946,1000,True,True,True
4714,EMP0053,Sales,2026-01-17,Entertainment,1081,1000,True,True,True
4715,EMP0053,Sales,2026-01-16,Meals,1366,1000,False,False,True
4716,EMP0053,Sales,2026-01-18,Taxi,1127,1500,True,True,True
4717,EMP0073,Finance,2026-01-15,Meals,735,1000,False,True,True
4718,EMP0073,Finance,2026-01-12,Hotel,8694,8000,False,True,True
4719,EMP0073,Finance,2026-01-15,Hotel,6112,8000,False,True,True
4720,EMP0110,Engineering,2025-11-27,Meals,1080,1000,False,True,True
4721,EMP0110,Engineering,2025-11-28,Meals,1384,1000,False,True,True
4722,EMP0110,Engineering,2025-11-28,Hotel,7181,8000,False,True,False
4723,EMP0104,Engineering,2025-10-29,Entertainment,864,1000,False,True,True
4724,EMP0104,Engineering,2025-10-27,Entertainment,950,1000,False,True,True
4725,EMP0104,Sales,2025-11-14,Hotel,8142,8000,False,True,False
4726,EMP0104,Sales,2025-11-13,Hotel,8304,8000,False,True,True
4727,EMP0104,Sales,2025-11-12,Taxi,1379,1500,False,False,False
4728,EMP0104,Sales,2025-11-12,Hotel,5055,8000,False,True,True
4729,EMP0104,Sales,2025-11-13,Meals,1368,1000,False,True,True
4730,EMP0089,Marketing,2025-12-30,Hotel,7821,8000,False,False,False
4731,EMP0089,Marketing,2025-12-31,Entertainment,1080,1000,False,True,True
4732,EMP0089,Marketing,2025-12-31,Hotel,8780,8000,False,True,True
4733,EMP0089,Marketing,2026-01-01,Taxi,1576,1500,False,True,True
4734,EMP0089,Marketing,2026-01-01,Meals,831,1000,False,True,False
4735,EMP0086,Marketing,2025-12-11,Meals,787,1000,False,True,True
4736,EMP0086,Marketing,2025-12-14,Taxi,1978,1500,True,True,True
4737,EMP0086,Marketing,2025-12-13,Hotel,4985,8000,True,True,True
4738,EMP0086,Marketing,2025-12-14,Hotel,8157,8000,True,True,True
4739,EMP0070,Marketing,2025-11-23,Taxi,1806,1500,True,True,True
4740,EMP0070,Marketing,2025-11-23,Entertainment,2773,1000,True,True,True
4741,EMP0070,Marketing,2025-11-25,Entertainment,732,1000,False,False,True
4742,EMP0039,Engineering,2026-01-21,Hotel,5773,8000,False,True,True
4743,EMP0039,Engineering,2026-01-20,Hotel,7160,8000,False,True,True
4744,EMP0039,Engineering,2026-01-20,Entertainment,737,1000,False,True,True
4745,EMP0035,HR,2025-10-23,Entertainment,765,1000,False,True,True
4746,EMP0035,HR,2025-10-25,Meals,895,1000,True,True,True
4747,EMP0035,HR,2025-10-23,Taxi,1000,1500,False,True,True
4748,EMP0035,HR,2025-10-22,Entertainment,1257,1000,False,True,True
4749,EMP0062,Engineering,2025-11-12,Entertainment,661,1000,False,True,True
4750,EMP0062,Engineering,2025-11-12,Hotel,7058,8000,False,True,True
4751,EMP0062,Engineering,2025-11-12,Taxi,1111,1500,False,True,True
4752,EMP0062,Engineering,2025-11-15,Meals,1049,1000,True,True,True
4753,EMP0062,Engineering,2025-11-15,Taxi,1175,1500,True,True,True
4754,EMP0111,Sales,2025-12-27,Taxi,1354,1500,True,True,True
4755,EMP0111,Sales,2025-12-25,Taxi,2259,1500,False,False,True
4756,EMP0111,Sales,2025-12-28,Meals,1163,1000,True,True,True
4757,EMP0111,Sales,2025-12-25,Taxi,1354,1500,False,True,True
4758,EMP0106,Marketing,2025-10-31,Meals,1014,1000,False,True,False
4759,EMP0106,Marketing,2025-10-28,Hotel,8432,8000,False,True,True
4760,EMP0106,Marketing,2025-10-28,Taxi,1028,1500,False,True,True
4761,EMP0106,Marketing,2025-10-30,Hotel,8713,8000,False,True,True
4762,EMP0106,Marketing,2025-10-31,Entertainment,1133,1000,False,True,True
4763,EMP0078,Engineering,2026-02-14,Hotel,8082,8000,True,True,True
4764,EMP0078,Engineering,2026-02-17,Meals,1043,1000,False,True,True
4765,EMP0078,Engineering,2026-02-14,Meals,605,1000,True,True,True
4766,EMP0021,Engineering,2025-12-28,Meals,782,1000,True,True,True
4767,EMP0021,Engineering,2025-12-29,Taxi,1054,1500,False,True,True
4768,EMP0021,Engineering,2025-12-29,Taxi,1050,1500,False,True,True
4769,EMP0100,Engineering,2025-10-27,Meals,966,1000,False,False,True
4770,EMP0100,Engineering,2025-10-26,Meals,1332,1000,True,True,True
4771,EMP0100,Engineering,2025-10-26,Meals,960,1000,True,True,True
4772,EMP0100,Engineering,2025-10-27,Entertainment,701,1000,False,True,True
4773,EMP0042,Marketing,2025-12-28,Meals,1039,1000,True,True,True
4774,EMP0042,Marketing,2025-12-26,Hotel,5782,8000,False,True,True
4775,EMP0042,Marketing,2025-12-25,Meals,695,1000,False,True,True
4776,EMP0042,Marketing,2025-12-26,Entertainment,1039,1000,False,True,True
4777,EMP0042,Marketing,2025-12-27,Entertainment,656,1000,True,True,True
4778,EMP0018,Finance,2025-11-04,Taxi,983,1500,False,True,False
4779,EMP0018,Finance,2025-11-01,Taxi,911,1500,True,True,True
4780,EMP0018,Finance,2025-11-02,Entertainment,1755,1000,True,True,False
4781,EMP0018,Finance,2025-11-01,Entertainment,719,1000,True,True,True
4782,EMP0112,Marketing,2025-12-28,Taxi,1330,1500,True,True,True
4783,EMP0112,Marketing,2025-12-26,Entertainment,722,1000,False,True,True
4784,EMP0025,Marketing,2026-01-15,Entertainment,640,1000,False,False,True
4785,EMP0025,Marketing,2026-01-18,Hotel,7012,8000,True,True,True
4786,EMP0025,Marketing,2026-01-18,Hotel,6119,8000,True,True,False
4787,EMP0114,Engineering,2025-11-27,Taxi,1242,1500,False,True,True
4788,EMP0114,Engineering,2025-11-28,Taxi,1191,1500,False,True,True
4789,EMP0114,Engineering,2025-11-29,Entertainment,813,1000,True,False,True
4790,EMP0113,Marketing,2025-11-22,Meals,1545,1000,True,True,False
4791,EMP0113,Marketing,2025-11-23,Taxi,1103,1500,True,True,True
4792,EMP0113,Marketing,2025-11-22,Hotel,6207,8000,True,True,True
4793,EMP0113,Marketing,2025-11-23,Meals,844,1000,True,True,True
4794,EMP0092,Marketing,2025-12-20,Hotel,6447,8000,True,True,False
4795,EMP0092,Marketing,2025-12-20,Hotel,5203,8000,True,True,True
4796,EMP0051,Sales,2025-11-16,Hotel,6867,8000,True,True,True
4797,EMP0051,Sales,2025-11-17,Entertainment,748,1000,False,True,True
4798,EMP0051,Sales,2025-11-14,Entertainment,725,1000,False,True,True
4799,EMP0051,Sales,2025-11-14,Entertainment,718,1000,False,True,True
4800,EMP0055,Finance,2025-11-05,Taxi,1295,1500,False,True,True
4801,EMP0055,Finance,2025-11-06,Entertainment,968,1000,False,True,True
4802,EMP0055,Finance,2025-11-03,Taxi,1023,1500,False,True,True
4803,EMP0055,Finance,2025-11-04,Entertainment,969,1000,False,True,True
4804,EMP0055,Finance,2025-11-04,Hotel,4974,8000,False,True,True
4805,EMP0069,Marketing,2026-01-29,Hotel,11759,8000,False,True,True
4806,EMP0069,Marketing,2026-02-01,Hotel,5638,8000,True,True,False
4807,EMP0069,Marketing,2026-01-30,Taxi,1625,1500,False,True,False
4808,EMP0031,Engineering,2026-01-09,Hotel,7836,8000,False,True,True
4809,EMP0031,Engineering,2026-01-08,Taxi,1445,1500,False,True,True
4810,EMP0031,Engineering,2026-01-08,Meals,1055,1000,False,True,True
4811,EMP0098,Engineering,2026-02-02,Hotel,5941,8000,False,True,True
4812,EMP0098,Engineering,2026-02-03,Entertainment,769,1000,False,True,True
4813,EMP0035,Finance,2025-11-05,Meals,809,1000,False,False,True
4814,EMP0035,Finance,2025-11-03,Entertainment,745,1000,False,True,True
4815,EMP0035,Finance,2025-11-02,Meals,1356,1000,True,True,True
4816,EMP0035,Finance,2025-11-03,Hotel,5686,8000,False,True,True
4817,EMP0035,Finance,2025-11-03,Hotel,6023,8000,False,True,True
4818,EMP0001,Engineering,2025-11-29,Hotel,13092,8000,True,True,True
4819,EMP0001,Engineering,2025-11-29,Hotel,4999,8000,True,True,False
4820,EMP0057,Engineering,2026-02-12,Hotel,8785,8000,False,True,True
4821,EMP0057,Engineering,2026-02-14,Meals,791,1000,True,True,True
4822,EMP0057,Engineering,2026-02-11,Entertainment,645,1000,False,True,True
4823,EMP0102,HR,2025-12-04,Meals,802,1000,False,True,True
4824,EMP0102,HR,2025-12-01,Meals,786,1000,False,True,True
4825,EMP0102,HR,2025-12-04,Hotel,5036,8000,False,True,True
4826,EMP0102,HR,2025-12-03,Entertainment,1021,1000,False,True,True
4827,EMP0088,Finance,2026-02-01,Hotel,7801,8000,True,False,True
4828,EMP0088,Finance,2026-01-30,Hotel,6994,8000,False,True,True
4829,EMP0088,Finance,2026-01-31,Meals,1000,1000,True,True,True
4830,EMP0116,Engineering,2026-01-05,Entertainment,687,1000,False,True,True
4831,EMP0116,Engineering,2026-01-08,Entertainment,1086,1000,False,True,True
4832,EMP0050,HR,2025-12-06,Entertainment,626,1000,True,True,True
4833,EMP0050,HR,2025-12-08,Hotel,7027,8000,False,True,True
4834,EMP0030,Marketing,2026-02-16,Entertainment,740,1000,False,True,False
4835,EMP0030,Marketing,2026-02-17,Taxi,1182,1500,False,True,True
4836,EMP0030,Marketing,2026-02-16,Taxi,1574,1500,False,True,True
4837,EMP0104,Engineering,2025-12-10,Taxi,1018,1500,False,True,False
4838,EMP0104,Engineering,2025-12-11,Taxi,1218,1500,False,True,True
4839,EMP0104,Engineering,2025-12-11,Hotel,6359,8000,False,True,True
4840,EMP0068,Marketing,2025-11-11,Taxi,1604,1500,False,True,True
4841,EMP0068,Marketing,2025-11-11,Meals,898,1000,False,False,True
4842,EMP0068,Marketing,2025-11-12,Taxi,1299,1500,False,True,True
4843,EMP0068,Marketing,2025-11-09,Hotel,11672,8000,True,True,True
4844,EMP0080,Sales,2026-01-12,Meals,1100,1000,False,True,True
4845,EMP0080,Sales,2026-01-13,Taxi,2387,1500,False,True,True
4846,EMP0080,Sales,2026-01-13,Taxi,1319,1500,False,True,True
4847,EMP0104,Engineering,2026-01-23,Meals,1550,1000,False,True,True
4848,EMP0104,Engineering,2026-01-22,Taxi,1639,1500,False,False,True
4849,EMP0104,Engineering,2026-01-22,Taxi,1375,1500,False,True,True
4850,EMP0104,Engineering,2026-01-22,Hotel,5331,8000,False,False,True
4851,EMP0104,Engineering,2026-01-22,Meals,706,1000,False,True,True
4852,EMP0098,Marketing,2025-11-14,Hotel,5046,8000,False,False,True
4853,EMP0098,Marketing,2025-11-15,Hotel,8505,8000,True,True,True
4854,EMP0098,Marketing,2025-11-14,Meals,864,1000,False,True,True
4855,EMP0098,Marketing,2025-11-14,Taxi,981,1500,False,False,False
4856,EMP0003,HR,2026-02-15,Taxi,1261,1500,True,True,True
4857,EMP0003,HR,2026-02-15,Entertainment,2633,1000,True,True,True
4858,EMP0003,HR,2026-02-15,Taxi,1571,1500,True,True,True
4859,EMP0078,Marketing,2026-01-30,Taxi,2247,1500,False,True,True
4860,EMP0078,Marketing,2026-01-29,Meals,744,1000,False,True,False
4861,EMP0006,Sales,2025-11-09,Entertainment,1360,1000,True,False,True
4862,EMP0006,Sales,2025-11-08,Entertainment,954,1000,True,False,True
4863,EMP0006,Sales,2025-11-07,Meals,828,1000,False,False,True
4864,EMP0006,Sales,2025-11-07,Hotel,9501,8000,False,True,True
4865,EMP0006,Sales,2025-11-10,Hotel,7998,8000,False,True,True
4866,EMP0068,Finance,2026-02-21,Entertainment,1517,1000,True,True,True
4867,EMP0068,Finance,2026-02-21,Hotel,9607,8000,True,True,True
4868,EMP0068,Finance,2026-02-19,Entertainment,785,1000,False,True,True
4869,EMP0068,Finance,2026-02-18,Meals,1234,1000,False,True,True
4870,EMP0068,Finance,2026-02-18,Meals,849,1000,False,True,False
4871,EMP0053,Engineering,2026-02-07,Entertainment,684,1000,True,False,False
4872,EMP0053,Engineering,2026-02-09,Meals,647,1000,False,True,False
4873,EMP0053,Engineering,2026-02-07,Meals,966,1000,True,True,True
4874,EMP0015,HR,2025-12-11,Meals,1057,1000,False,True,True
4875,EMP0015,HR,2025-12-08,Meals,1473,1000,False,True,True
4876,EMP0100,Engineering,2026-02-09,Entertainment,879,1000,False,True,True
4877,EMP0100,Engineering,2026-02-09,Taxi,1584,1500,False,False,True
4878,EMP0100,Engineering,2026-02-08,Hotel,8000,8000,True,False,True
4879,EMP0100,Engineering,2026-02-10,Entertainment,726,1000,False,True,True
4880,EMP0100,Engineering,2026-02-08,Taxi,1629,1500,True,False,True
4881,EMP0092,Finance,2026-02-12,Entertainment,1016,1000,False,True,True
4882,EMP0092,Finance,2026-02-12,Hotel,7270,8000,False,True,True
4883,EMP0007,Marketing,2026-02-16,Entertainment,1190,1000,False,False,True
4884,EMP0007,Marketing,2026-02-17,Meals,914,1000,False,True,False
4885,EMP0007,Marketing,2026-02-15,Entertainment,983,1000,True,True,True
4886,EMP0007,Marketing,2026-02-14,Entertainment,989,1000,True,True,True
4887,EMP0006,Finance,2025-12-06,Taxi,1033,1500,True,True,True
4888,EMP0006,Finance,2025-12-05,Entertainment,621,1000,False,True,True
4889,EMP0006,Finance,2025-12-08,Meals,808,1000,False,True,True
4890,EMP0006,Finance,2025-12-05,Hotel,7331,8000,False,True,True
4891,EMP0072,Marketing,2025-10-24,Meals,728,1000,False,True,True
4892,EMP0072,Marketing,2025-10-26,Taxi,1640,1500,True,True,True
4893,EMP0072,Marketing,2025-10-27,Taxi,1158,1500,False,False,True
4894,EMP0072,Marketing,2025-10-24,Hotel,6178,8000,False,True,True
4895,EMP0042,Marketing,2025-10-30,Entertainment,1490,1000,False,True,True
4896,EMP0042,Marketing,2025-10-30,Hotel,8643,8000,False,True,True
4897,EMP0042,Marketing,2025-10-30,Entertainment,1030,1000,False,True,True
4898,EMP0009,Engineering,2025-12-04,Taxi,1371,1500,False,True,True
4899,EMP0009,Engineering,2025-12-03,Meals,921,1000,False,True,True
4900,EMP0009,Engineering,2025-12-04,Taxi,1574,1500,False,False,True
4901,EMP0009,Engineering,2025-12-03,Entertainment,1090,1000,False,False,True
4902,EMP0009,Engineering,2025-12-04,Entertainment,793,1000,False,True,True
4903,EMP0036,Finance,2025-10-29,Taxi,1403,1500,False,False,True
4904,EMP0036,Finance,2025-10-27,Meals,1020,1000,False,True,True
4905,EMP0036,Finance,2025-10-29,Hotel,5092,8000,False,False,True
4906,EMP0036,Finance,2025-10-26,Hotel,5197,8000,True,True,False
4907,EMP0036,Finance,2025-10-26,Taxi,1377,1500,True,True,True
4908,EMP0114,Engineering,2025-12-30,Entertainment,656,1000,False,False,False
4909,EMP0114,Engineering,2025-12-30,Taxi,1706,1500,False,True,True
4910,EMP0114,Engineering,2025-12-30,Taxi,1176,1500,False,True,True
4911,EMP0114,Engineering,2025-12-30,Entertainment,1035,1000,False,True,False
4912,EMP0118,Engineering,2025-12-23,Meals,922,1000,False,True,True
4913,EMP0118,Engineering,2025-12-26,Entertainment,1017,1000,False,True,True
4914,EMP0034,HR,2026-01-02,Entertainment,921,1000,False,True,True
4915,EMP0034,HR,2026-01-02,Entertainment,1031,1000,False,False,True
4916,EMP0034,HR,2025-12-31,Hotel,10033,8000,False,True,True
4917,EMP0034,HR,2025-12-31,Taxi,1544,1500,False,False,True
4918,EMP0077,Engineering,2026-02-02,Taxi,1099,1500,False,True,True
4919,EMP0077,Engineering,2026-02-03,Taxi,1815,1500,False,False,True
4920,EMP0103,Marketing,2026-02-05,Meals,1070,1000,False,True,False
4921,EMP0103,Marketing,2026-02-06,Meals,848,1000,False,True,True
4922,EMP0103,Marketing,2026-02-05,Taxi,1554,1500,False,True,True
4923,EMP0103,Marketing,2026-02-05,Entertainment,844,1000,False,True,False
4924,EMP0103,Marketing,2026-02-04,Hotel,7406,8000,False,True,False
4925,EMP0119,Sales,2025-12-31,Entertainment,769,1000,False,True,True
4926,EMP0119,Sales,2025-12-30,Taxi,1308,1500,False,True,True
4927,EMP0119,Sales,2026-01-01,Meals,822,1000,False,True,True
4928,EMP0080,Finance,2025-11-01,Taxi,1427,1500,True,True,True
4929,EMP0080,Finance,2025-10-30,Hotel,8198,8000,False,True,True
4930,EMP0016,Marketing,2025-12-23,Meals,927,1000,False,False,True
4931,EMP0016,Marketing,2025-12-24,Entertainment,800,1000,False,True,True
4932,EMP0022,Marketing,2026-01-06,Meals,1356,1000,False,True,True
4933,EMP0022,Marketing,2026-01-05,Meals,1083,1000,False,True,True
4934,EMP0022,Marketing,2026-01-06,Hotel,7468,8000,False,True,True
4935,EMP0115,Sales,2026-01-11,Entertainment,1820,1000,True,True,True
4936,EMP0115,Sales,2026-01-11,Hotel,8814,8000,True,True,True
4937,EMP0115,Sales,2026-01-11,Taxi,1584,1500,True,True,True
4938,EMP0115,Sales,2026-01-13,Entertainment,816,1000,False,True,True
4939,EMP0118,Marketing,2026-01-03,Entertainment,1027,1000,True,True,True
4940,EMP0118,Marketing,2026-01-05,Entertainment,930,1000,False,True,True
4941,EMP0118,Marketing,2026-01-05,Entertainment,1083,1000,False,True,True
4942,EMP0118,Marketing,2026-01-05,Meals,1030,1000,False,True,True
4943,EMP0011,Sales,2025-10-22,Meals,1098,1000,False,False,True
4944,EMP0011,Sales,2025-10-23,Taxi,1118,1500,False,True,True
4945,EMP0011,Sales,2025-10-21,Meals,643,1000,False,True,True
4946,EMP0011,Sales,2025-10-21,Taxi,1027,1500,False,True,True
4947,EMP0011,Sales,2025-10-21,Hotel,7663,8000,False,True,True
4948,EMP0068,Sales,2025-11-28,Meals,1512,1000,False,True,True
4949,EMP0068,Sales,2025-11-27,Meals,1304,1000,False,True,True
4950,EMP0068,Sales,2025-11-26,Hotel,7391,8000,False,True,True
4951,EMP0068,Sales,2025-11-28,Taxi,1913,1500,False,True,True
4952,EMP0089,Marketing,2025-12-13,Hotel,13192,8000,True,False,True
4953,EMP0089,Marketing,2025-12-10,Taxi,1656,1500,False,True,True
4954,EMP0089,Marketing,2025-12-11,Entertainment,1270,1000,False,True,True
4955,EMP0089,Marketing,2025-12-13,Hotel,8299,8000,True,True,True
4956,EMP0089,Marketing,2025-12-10,Taxi,1242,1500,False,True,True
4957,EMP0052,Finance,2026-01-30,Taxi,1286,1500,False,True,True
4958,EMP0052,Finance,2026-02-02,Meals,856,1000,False,True,True
4959,EMP0052,Finance,2026-01-31,Entertainment,792,1000,True,False,True
4960,EMP0052,Finance,2026-01-30,Taxi,1035,1500,False,True,True
4961,EMP0052,Finance,2026-02-02,Entertainment,860,1000,False,True,True
4962,EMP0019,Sales,2025-11-06,Meals,882,1000,False,True,False
4963,EMP0019,Sales,2025-11-06,Hotel,6349,8000,False,False,True
4964,EMP0019,Sales,2025-11-07,Entertainment,838,1000,False,True,True
4965,EMP0019,Sales,2025-11-06,Entertainment,1076,1000,False,False,True
4966,EMP0019,Sales,2025-11-08,Hotel,4810,8000,True,False,True
4967,EMP0016,HR,2026-01-07,Hotel,9432,8000,False,True,True
4968,EMP0016,HR,2026-01-05,Taxi,1431,1500,False,True,True
4969,EMP0016,HR,2026-01-05,Entertainment,855,1000,False,False,True
4970,EMP0016,HR,2026-01-06,Hotel,12593,8000,False,True,True
4971,EMP0110,Marketing,2025-11-14,Taxi,986,1500,False,True,True
4972,EMP0110,Marketing,2025-11-16,Hotel,8000,8000,True,True,True
4973,EMP0110,Marketing,2025-11-16,Hotel,11486,8000,True,False,True
4974,EMP0110,Marketing,2025-11-15,Hotel,5241,8000,True,True,True
4975,EMP0110,Marketing,2025-11-15,Meals,725,1000,True,True,True
4976,EMP0096,Finance,2025-11-30,Taxi,1075,1500,True,True,True
4977,EMP0096,Finance,2025-12-03,Meals,755,1000,False,True,False
4978,EMP0096,Finance,2025-12-02,Hotel,6583,8000,False,True,True
4979,EMP0063,Marketing,2025-10-27,Taxi,986,1500,False,False,True
4980,EMP0063,Marketing,2025-10-26,Entertainment,979,1000,True,True,False
4981,EMP0063,Marketing,2025-10-28,Hotel,8085,8000,False,True,True
4982,EMP0063,Marketing,2025-10-28,Meals,633,1000,False,True,True
4983,EMP0099,Sales,2025-12-09,Taxi,1364,1500,False,True,True
4984,EMP0099,Sales,2025-12-08,Hotel,5972,8000,False,True,True
4985,EMP0099,Sales,2025-12-08,Entertainment,972,1000,False,True,True
4986,EMP0099,Sales,2025-12-08,Entertainment,1413,1000,False,True,True
4987,EMP0099,Sales,2025-12-09,Entertainment,810,1000,False,True,True
4988,EMP0110,HR,2025-12-30,Hotel,7327,8000,False,False,True
4989,EMP0110,HR,2025-12-30,Hotel,8219,8000,False,True,True
4990,EMP0006,Finance,2026-01-05,Taxi,1339,1500,False,True,True
4991,EMP0006,Finance,2026-01-04,Entertainment,3022,1000,True,True,True
4992,EMP0081,Sales,2026-02-04,Hotel,8478,8000,False,True,False
4993,EMP0081,Sales,2026-02-05,Meals,869,1000,False,True,True
4994,EMP0081,Sales,2026-02-04,Taxi,1531,1500,False,True,True
4995,EMP0115,Sales,2026-01-16,Hotel,6198,8000,False,True,True
4996,EMP0115,Sales,2026-01-17,Taxi,1425,1500,True,True,True
4997,EMP0115,Sales,2026-01-17,Meals,1058,1000,True,True,True
4998,EMP0115,Sales,2026-01-17,Meals,894,1000,True,True,True
4999,EMP0115,Sales,2026-01-14,Taxi,915,1500,False,False,True
5000,EMP0058,Engineering,2025-10-24,Entertainment,935,1000,False,True,True
5001,EMP0058,Engineering,2025-10-22,Taxi,913,1500,False,False,False
5002,EMP0058,Engineering,2025-10-21,Taxi,1381,1500,False,False,False
5003,EMP0003,HR,2026-01-30,Meals,1099,1000,False,False,True
5004,EMP0003,HR,2026-01-31,Meals,1009,1000,True,True,True
5005,EMP0003,HR,2026-01-31,Meals,955,1000,True,True,True
5006,EMP0003,HR,2026-01-30,Meals,869,1000,False,False,True
5007,EMP0037,Sales,2026-02-16,Hotel,6004,8000,False,True,True
5008,EMP0037,Sales,2026-02-19,Hotel,5079,8000,False,True,True
5009,EMP0037,Sales,2026-02-17,Hotel,5254,8000,False,False,True
5010,EMP0043,Engineering,2025-10-23,Hotel,8772,8000,False,False,True
5011,EMP0043,Engineering,2025-10-24,Entertainment,941,1000,False,True,True
5012,EMP0043,Engineering,2025-10-24,Taxi,2530,1500,False,False,True
5013,EMP0043,Engineering,2025-10-23,Taxi,1133,1500,False,True,True
5014,EMP0027,Engineering,2025-11-02,Hotel,5659,8000,True,True,True
5015,EMP0027,Engineering,2025-11-03,Hotel,5670,8000,False,True,True
5016,EMP0110,Sales,2025-11-01,Taxi,992,1500,True,False,True
5017,EMP0110,Sales,2025-10-30,Hotel,8180,8000,False,True,True
5018,EMP0100,HR,2025-12-26,Entertainment,649,1000,False,True,True
5019,EMP0100,HR,2025-12-26,Taxi,960,1500,False,True,True
5020,EMP0100,HR,2025-12-25,Taxi,1449,1500,False,True,True
5021,EMP0100,HR,2025-12-26,Entertainment,1139,1000,False,False,True
5022,EMP0025,HR,2026-01-23,Hotel,5168,8000,False,True,True
5023,EMP0025,HR,2026-01-24,Taxi,938,1500,True,False,True
5024,EMP0069,Engineering,2026-02-17,Hotel,8143,8000,False,True,True
5025,EMP0069,Engineering,2026-02-19,Hotel,5186,8000,False,True,True
5026,EMP0069,Engineering,2026-02-16,Entertainment,846,1000,False,True,True
5027,EMP0069,Engineering,2026-02-16,Hotel,6609,8000,False,False,True
5028,EMP0069,Engineering,2026-02-18,Taxi,1152,1500,False,False,True
5029,EMP0052,Engineering,2025-11-14,Meals,709,1000,False,True,True
5030,EMP0052,Engineering,2025-11-16,Hotel,6494,8000,True,True,True
5031,EMP0052,Engineering,2025-11-17,Meals,871,1000,False,True,True
5032,EMP0100,Finance,2026-01-28,Taxi,2120,1500,False,True,True
5033,EMP0100,Finance,2026-01-30,Hotel,4902,8000,False,True,True
5034,EMP0100,Finance,2026-01-29,Hotel,7944,8000,False,True,True
5035,EMP0100,Finance,2026-01-29,Hotel,5657,8000,False,True,False
5036,EMP0100,Finance,2026-01-28,Taxi,913,1500,False,True,True
5037,EMP0074,Marketing,2026-01-16,Hotel,6170,8000,False,True,True
5038,EMP0074,Marketing,2026-01-14,Taxi,1328,1500,False,True,False
5039,EMP0074,Marketing,2026-01-15,Hotel,5192,8000,False,True,False
5040,EMP0074,Marketing,2026-01-15,Hotel,5381,8000,False,True,True
5041,EMP0077,HR,2026-01-27,Entertainment,1025,1000,False,True,True
5042,EMP0077,HR,2026-01-29,Hotel,5252,8000,False,True,True
5043,EMP0077,HR,2026-01-30,Hotel,7212,8000,False,True,True
5044,EMP0044,Sales,2026-02-02,Entertainment,852,1000,False,True,True
5045,EMP0044,Sales,2026-02-04,Entertainment,861,1000,False,True,True
5046,EMP0044,Sales,2026-02-02,Hotel,7029,8000,False,False,True
5047,EMP0039,Engineering,2025-11-24,Taxi,1457,1500,False,True,True
5048,EMP0039,Engineering,2025-11-26,Entertainment,871,1000,False,True,True
5049,EMP0039,Engineering,2025-11-23,Meals,788,1000,True,False,True
5050,EMP0039,Engineering,2025-11-24,Meals,1064,1000,False,True,False
5051,EMP0039,Engineering,2025-11-23,Taxi,1305,1500,True,False,True
5052,EMP0047,Sales,2025-11-29,Entertainment,1049,1000,True,True,True
5053,EMP0047,Sales,2025-12-02,Hotel,7482,8000,False,True,True
5054,EMP0047,Sales,2025-11-29,Meals,779,1000,True,True,True
5055,EMP0047,Sales,2025-11-30,Entertainment,1882,1000,True,False,True
5056,EMP0047,Sales,2025-11-29,Meals,954,1000,True,True,True
5057,EMP0120,HR,2026-01-06,Hotel,8994,8000,False,True,True
5058,EMP0120,HR,2026-01-08,Hotel,6766,8000,False,True,False
5059,EMP0120,HR,2026-01-06,Hotel,5857,8000,False,True,True
5060,EMP0120,HR,2026-01-06,Hotel,8032,8000,False,True,True
5061,EMP0120,HR,2026-01-06,Hotel,7011,8000,False,True,True
5062,EMP0016,Engineering,2025-11-17,Meals,889,1000,False,False,True
5063,EMP0016,Engineering,2025-11-19,Entertainment,922,1000,False,True,True
5064,EMP0016,Engineering,2025-11-17,Taxi,1553,1500,False,True,True
5065,EMP0016,Engineering,2025-11-19,Entertainment,960,1000,False,True,True
5066,EMP0117,Sales,2026-01-02,Entertainment,1020,1000,False,True,True
5067,EMP0117,Sales,2026-01-02,Hotel,7686,8000,False,True,True
5068,EMP0117,Sales,2025-12-31,Entertainment,670,1000,False,False,True
5069,EMP0117,Sales,2026-01-01,Meals,1067,1000,False,True,True
5070,EMP0097,Sales,2026-02-18,Entertainment,987,1000,False,False,True
5071,EMP0097,Sales,2026-02-18,Hotel,7855,8000,False,True,True
5072,EMP0076,Sales,2026-02-12,Taxi,1089,1500,False,True,True
5073,EMP0076,Sales,2026-02-12,Meals,1065,1000,False,False,True
5074,EMP0072,Engineering,2025-12-04,Hotel,11282,8000,False,False,False
5075,EMP0072,Engineering,2025-12-04,Meals,782,1000,False,True,True
5076,EMP0022,HR,2025-12-14,Entertainment,728,1000,True,True,True
5077,EMP0022,HR,2025-12-14,Meals,971,1000,True,True,True
5078,EMP0022,HR,2025-12-13,Meals,910,1000,True,True,True
5079,EMP0008,Finance,2026-01-08,Hotel,8004,8000,False,True,True
5080,EMP0008,Finance,2026-01-10,Meals,606,1000,True,True,True
5081,EMP0008,Finance,2026-01-07,Taxi,909,1500,False,True,True
5082,EMP0008,Finance,2026-01-07,Meals,1003,1000,False,True,True
5083,EMP0008,Finance,2026-01-07,Meals,1000,1000,False,True,True
5084,EMP0032,HR,2026-01-19,Entertainment,1015,1000,False,False,True
5085,EMP0032,HR,2026-01-20,Hotel,6821,8000,False,True,True
5086,EMP0032,HR,2026-01-21,Entertainment,880,1000,False,True,True
5087,EMP0017,HR,2026-02-02,Entertainment,1207,1000,False,True,True
5088,EMP0017,HR,2026-02-05,Taxi,1144,1500,False,True,True
5089,EMP0088,Finance,2025-11-17,Taxi,1345,1500,False,False,True
5090,EMP0088,Finance,2025-11-19,Taxi,1244,1500,False,True,True
5091,EMP0088,Finance,2025-11-19,Meals,726,1000,False,True,True
5092,EMP0088,Finance,2025-11-20,Hotel,8196,8000,False,True,True
5093,EMP0027,Finance,2025-11-10,Meals,736,1000,False,True,True
5094,EMP0027,Finance,2025-11-09,Meals,1020,1000,True,True,True
5095,EMP0027,Finance,2025-11-08,Taxi,1212,1500,True,False,True
5096,EMP0027,Finance,2025-11-10,Meals,614,1000,False,True,True
5097,EMP0027,Finance,2025-11-10,Taxi,1422,1500,False,True,True
5098,EMP0026,Engineering,2025-12-10,Hotel,7134,8000,False,True,True
5099,EMP0026,Engineering,2025-12-10,Hotel,8305,8000,False,True,True
5100,EMP0026,Engineering,2025-12-09,Entertainment,946,1000,False,True,False
5101,EMP0007,Marketing,2025-12-15,Meals,613,1000,False,False,True
5102,EMP0007,Marketing,2025-12-17,Meals,693,1000,False,True,True
5103,EMP0007,Marketing,2025-12-15,Meals,665,1000,False,True,True
5104,EMP0007,Marketing,2025-12-18,Hotel,5568,8000,False,True,True
5105,EMP0007,Marketing,2025-12-15,Entertainment,906,1000,False,True,False
5106,EMP0027,Finance,2026-02-11,Entertainment,845,1000,False,True,True
5107,EMP0027,Finance,2026-02-11,Hotel,8000,8000,False,True,True
5108,EMP0027,Finance,2026-02-12,Entertainment,808,1000,False,False,True
5109,EMP0027,Finance,2026-02-10,Hotel,7791,8000,False,False,True
5110,EMP0039,Engineering,2025-11-17,Taxi,1590,1500,False,True,True
5111,EMP0039,Engineering,2025-11-17,Hotel,10218,8000,False,True,True
5112,EMP0063,Finance,2025-12-30,Hotel,9801,8000,False,True,False
5113,EMP0063,Finance,2025-12-30,Taxi,1499,1500,False,False,True
5114,EMP0063,Finance,2026-01-01,Meals,934,1000,False,False,True
5115,EMP0063,Finance,2026-01-01,Taxi,1756,1500,False,True,True
5116,EMP0085,HR,2026-01-24,Meals,601,1000,True,False,True
5117,EMP0085,HR,2026-01-27,Entertainment,795,1000,False,True,True
5118,EMP0085,HR,2026-01-26,Taxi,1076,1500,False,True,True
5119,EMP0085,HR,2026-01-27,Hotel,6534,8000,False,False,True
5120,EMP0085,HR,2026-01-25,Meals,931,1000,True,False,True
5121,EMP0033,Engineering,2026-02-20,Meals,690,1000,False,False,True
5122,EMP0033,Engineering,2026-02-17,Taxi,1294,1500,False,True,True
5123,EMP0033,Engineering,2026-02-20,Entertainment,708,1000,False,False,True
5124,EMP0001,Engineering,2025-12-01,Entertainment,1189,1000,False,True,True
5125,EMP0001,Engineering,2025-12-01,Hotel,8060,8000,False,False,True
5126,EMP0001,Engineering,2025-12-04,Taxi,1040,1500,False,False,True
5127,EMP0093,Finance,2026-01-19,Hotel,7792,8000,False,True,True
5128,EMP0093,Finance,2026-01-21,Meals,1452,1000,False,False,True
5129,EMP0093,Finance,2026-01-20,Entertainment,861,1000,False,False,False
5130,EMP0046,Sales,2025-12-20,Entertainment,707,1000,True,True,True
5131,EMP0046,Sales,2025-12-23,Meals,753,1000,False,False,True
5132,EMP0046,Sales,2025-12-21,Hotel,7098,8000,True,True,True
5133,EMP0046,Sales,2025-12-23,Taxi,1263,1500,False,True,True
5134,EMP0064,Engineering,2026-01-02,Taxi,1419,1500,False,True,True
5135,EMP0064,Engineering,2025-12-31,Taxi,1338,1500,False,True,True
5136,EMP0064,Engineering,2026-01-03,Entertainment,1138,1000,True,True,True
5137,EMP0053,HR,2025-11-02,Meals,725,1000,True,True,True
5138,EMP0053,HR,2025-11-02,Entertainment,2245,1000,True,True,True
5139,EMP0053,HR,2025-11-02,Meals,942,1000,True,True,True
5140,EMP0053,HR,2025-10-31,Entertainment,837,1000,False,True,True
5141,EMP0053,HR,2025-10-31,Meals,733,1000,False,True,True
5142,EMP0118,HR,2025-11-05,Hotel,7095,8000,False,True,False
5143,EMP0118,HR,2025-11-05,Taxi,1133,1500,False,True,True
5144,EMP0077,HR,2026-01-10,Taxi,1306,1500,True,True,True
5145,EMP0077,HR,2026-01-10,Hotel,7179,8000,True,True,True
5146,EMP0077,HR,2026-01-11,Meals,720,1000,True,False,True
5147,EMP0077,HR,2026-01-10,Taxi,1543,1500,True,False,True
5148,EMP0028,Finance,2025-11-05,Meals,1064,1000,False,True,True
5149,EMP0028,Finance,2025-11-04,Taxi,1085,1500,False,True,True
5150,EMP0022,Sales,2025-11-02,Meals,1019,1000,True,True,True
5151,EMP0022,Sales,2025-11-05,Hotel,5756,8000,False,True,True
5152,EMP0006,Engineering,2026-02-06,Entertainment,710,1000,False,False,True
5153,EMP0006,Engineering,2026-02-04,Entertainment,1058,1000,False,True,True
5154,EMP0006,Engineering,2026-02-06,Taxi,1075,1500,False,True,True
5155,EMP0093,Engineering,2026-01-10,Taxi,939,1500,True,True,True
5156,EMP0093,Engineering,2026-01-10,Hotel,7875,8000,True,True,True
5157,EMP0093,Engineering,2026-01-12,Taxi,1121,1500,False,True,True
5158,EMP0093,Engineering,2026-01-12,Meals,678,1000,False,True,True
5159,EMP0001,Engineering,2025-10-25,Entertainment,1299,1000,True,True,True
5160,EMP0001,Engineering,2025-10-28,Entertainment,783,1000,False,True,True
5161,EMP0001,Engineering,2025-10-27,Entertainment,1062,1000,False,True,True
5162,EMP0001,Engineering,2025-10-26,Hotel,6960,8000,True,True,True
5163,EMP0030,Engineering,2026-01-22,Entertainment,1025,1000,False,True,True
5164,EMP0030,Engineering,2026-01-22,Taxi,1175,1500,False,True,True
5165,EMP0030,Engineering,2026-01-23,Meals,739,1000,False,True,True
5166,EMP0030,Engineering,2026-01-23,Hotel,6221,8000,False,True,True
5167,EMP0058,Finance,2026-01-08,Hotel,6944,8000,False,True,True
5168,EMP0058,Finance,2026-01-07,Hotel,5640,8000,False,True,True
5169,EMP0058,Finance,2026-01-08,Meals,712,1000,False,True,True
5170,EMP0058,Finance,2026-01-08,Taxi,1380,1500,False,True,True
5171,EMP0099,HR,2026-02-18,Entertainment,744,1000,False,True,True
5172,EMP0099,HR,2026-02-17,Taxi,1363,1500,False,False,True
5173,EMP0099,HR,2026-02-18,Entertainment,675,1000,False,True,True
5174,EMP0099,HR,2026-02-18,Entertainment,944,1000,False,True,False
5175,EMP0015,HR,2025-12-13,Meals,697,1000,True,True,True
5176,EMP0015,HR,2025-12-13,Meals,1076,1000,True,True,True
5177,EMP0015,HR,2025-12-12,Entertainment,835,1000,False,True,True
5178,EMP0015,HR,2025-12-10,Meals,872,1000,False,True,True
5179,EMP0078,HR,2025-11-21,Entertainment,1045,1000,False,True,True
5180,EMP0078,HR,2025-11-20,Taxi,1034,1500,False,True,True
5181,EMP0108,Engineering,2026-02-01,Entertainment,1396,1000,True,False,True
5182,EMP0108,Engineering,2026-02-01,Entertainment,1062,1000,True,True,False
5183,EMP0108,Engineering,2026-02-02,Meals,923,1000,False,True,True
5184,EMP0095,Marketing,2025-11-14,Hotel,7001,8000,False,True,False
5185,EMP0095,Marketing,2025-11-13,Meals,1247,1000,False,True,True
5186,EMP0095,Marketing,2025-11-14,Entertainment,695,1000,False,True,True
5187,EMP0095,Marketing,2025-11-12,Meals,696,1000,False,True,True
5188,EMP0095,Marketing,2025-11-11,Meals,1038,1000,False,True,True
5189,EMP0093,Sales,2025-12-02,Entertainment,1253,1000,False,True,True
5190,EMP0093,Sales,2025-12-04,Hotel,9947,8000,False,False,True
5191,EMP0093,Sales,2025-12-04,Taxi,1113,1500,False,True,True
5192,EMP0115,HR,2025-12-09,Meals,606,1000,False,True,False
5193,EMP0115,HR,2025-12-08,Hotel,7471,8000,False,False,False
5194,EMP0115,HR,2025-12-09,Meals,880,1000,False,True,True
5195,EMP0115,HR,2025-12-08,Meals,717,1000,False,True,True
5196,EMP0115,HR,2025-12-08,Meals,744,1000,False,True,True
5197,EMP0015,HR,2025-11-28,Hotel,8394,8000,False,True,True
5198,EMP0015,HR,2025-11-30,Entertainment,617,1000,True,True,True
5199,EMP0015,HR,2025-11-30,Hotel,8037,8000,True,True,True
5200,EMP0015,HR,2025-11-28,Taxi,952,1500,False,False,True
5201,EMP0070,Finance,2025-12-22,Taxi,1128,1500,False,True,True
5202,EMP0070,Finance,2025-12-24,Hotel,7537,8000,False,True,True
5203,EMP0070,Finance,2025-12-25,Taxi,1271,1500,False,False,True
5204,EMP0070,Finance,2025-12-25,Entertainment,765,1000,False,True,True
5205,EMP0070,Finance,2025-12-25,Taxi,1357,1500,False,False,True
5206,EMP0061,Sales,2025-12-17,Entertainment,1370,1000,False,True,True
5207,EMP0061,Sales,2025-12-16,Meals,772,1000,False,False,True
5208,EMP0061,Sales,2025-12-16,Hotel,7370,8000,False,True,True
5209,EMP0061,Sales,2025-12-15,Meals,1345,1000,False,False,True
5210,EMP0082,Marketing,2025-12-06,Taxi,1498,1500,True,True,True
5211,EMP0082,Marketing,2025-12-08,Meals,787,1000,False,True,True
5212,EMP0066,Engineering,2025-12-08,Hotel,7934,8000,False,False,True
5213,EMP0066,Engineering,2025-12-09,Hotel,6608,8000,False,True,True
5214,EMP0066,Engineering,2025-12-09,Entertainment,770,1000,False,True,True
5215,EMP0006,Finance,2025-12-14,Entertainment,613,1000,True,True,True
5216,EMP0006,Finance,2025-12-13,Taxi,1596,1500,True,True,True
5217,EMP0006,Finance,2025-12-14,Hotel,11844,8000,True,False,True
5218,EMP0006,Finance,2025-12-12,Entertainment,884,1000,False,True,True
5219,EMP0082,HR,2025-11-09,Hotel,5291,8000,True,True,True
5220,EMP0082,HR,2025-11-09,Meals,904,1000,True,True,True
5221,EMP0082,HR,2025-11-07,Hotel,6231,8000,False,True,True
5222,EMP0082,HR,2025-11-06,Meals,834,1000,False,True,True
5223,EMP0016,HR,2026-01-24,Taxi,1079,1500,True,True,True
5224,EMP0016,HR,2026-01-24,Taxi,1250,1500,True,True,True
5225,EMP0016,HR,2026-01-24,Taxi,1250,1500,True,True,True
5226,EMP0113,Engineering,2025-11-15,Entertainment,1716,1000,True,True,False
5227,EMP0113,Engineering,2025-11-16,Hotel,6580,8000,True,False,True
5228,EMP0113,Engineering,2025-11-14,Entertainment,1061,1000,False,True,True
5229,EMP0080,Marketing,2025-11-12,Taxi,1005,1500,False,True,True
5230,EMP0080,Marketing,2025-11-11,Entertainment,896,1000,False,True,True
5231,EMP0080,Marketing,2025-11-11,Taxi,1085,1500,False,True,True
5232,EMP0080,Marketing,2025-11-14,Hotel,6784,8000,False,True,True
5233,EMP0097,Engineering,2026-01-21,Taxi,1460,1500,False,True,True
5234,EMP0097,Engineering,2026-01-22,Entertainment,669,1000,False,True,True
5235,EMP0097,Engineering,2026-01-22,Taxi,1517,1500,False,True,True
5236,EMP0006,Finance,2026-01-11,Hotel,8694,8000,True,True,False
5237,EMP0006,Finance,2026-01-11,Entertainment,688,1000,True,False,True
5238,EMP0006,Finance,2026-01-12,Meals,1169,1000,False,False,True
5239,EMP0006,Finance,2026-01-11,Meals,965,1000,True,True,True
5240,EMP0006,Engineering,2026-01-29,Taxi,1371,1500,False,True,True
5241,EMP0006,Engineering,2026-01-29,Taxi,1089,1500,False,True,True
5242,EMP0006,Engineering,2026-01-30,Hotel,8084,8000,False,True,True
5243,EMP0006,Engineering,2026-01-29,Entertainment,693,1000,False,False,True
5244,EMP0006,Engineering,2026-01-31,Taxi,1052,1500,True,True,False
5245,EMP0061,Finance,2025-12-15,Hotel,7436,8000,False,True,False
5246,EMP0061,Finance,2025-12-15,Hotel,11571,8000,False,True,True
5247,EMP0061,Finance,2025-12-15,Entertainment,907,1000,False,True,True
5248,EMP0061,Finance,2025-12-12,Entertainment,1478,1000,False,True,True
5249,EMP0061,Finance,2025-12-15,Meals,635,1000,False,True,True
5250,EMP0014,Marketing,2026-01-02,Meals,967,1000,False,False,False
5251,EMP0014,Marketing,2026-01-01,Meals,872,1000,False,True,True
5252,EMP0014,Marketing,2025-12-31,Hotel,8076,8000,False,True,True
5253,EMP0014,Marketing,2026-01-02,Hotel,11551,8000,False,True,True
5254,EMP0044,Sales,2026-01-16,Hotel,7489,8000,False,True,True
5255,EMP0044,Sales,2026-01-18,Entertainment,1076,1000,True,False,True
5256,EMP0044,Sales,2026-01-19,Meals,1348,1000,False,False,True
5257,EMP0044,Sales,2026-01-16,Hotel,7094,8000,False,True,True
5258,EMP0044,Sales,2026-01-17,Entertainment,1036,1000,True,True,True
5259,EMP0076,Marketing,2025-11-06,Entertainment,1375,1000,False,True,True
5260,EMP0076,Marketing,2025-11-07,Entertainment,1248,1000,False,True,True
5261,EMP0093,Sales,2025-10-27,Meals,1078,1000,False,False,True
5262,EMP0093,Sales,2025-10-28,Hotel,6964,8000,False,True,True
5263,EMP0018,Finance,2025-12-04,Hotel,8568,8000,False,True,True
5264,EMP0018,Finance,2025-12-02,Taxi,997,1500,False,True,True
5265,EMP0018,Finance,2025-12-03,Hotel,5216,8000,False,True,True
5266,EMP0018,Finance,2025-12-04,Taxi,1501,1500,False,True,True
5267,EMP0018,Finance,2025-12-03,Meals,937,1000,False,True,True
