trip_id,employee_id,dept,origin,destination,booking_date,travel_date,airline,fare,hotel_name,hotel_city,hotel_rate,is_preferred_airline,is_preferred_hotel,policy_route_cap
1,EMP0082,Sales,BLR,DEL,2026-01-21,2026-01-23,Air India,7691,ITC,DEL,11232,True,True,9000
2,EMP0004,Sales,BLR,BOM,2025-11-17,2025-11-19,Akasa Air,10340,ITC,BOM,7679,False,True,8000
3,EMP0104,Sales,BLR,BOM,2026-01-10,2026-01-18,Vistara,6097,Marriott,BOM,8878,True,True,8000
4,EMP0046,Marketing,MAA,BLR,2025-11-16,2025-11-23,SpiceJet,5249,Treebo,BLR,5414,False,False,7000
5,EMP0080,Marketing,MAA,BLR,2025-10-31,2025-11-14,IndiGo,6751,Taj,BLR,4653,True,True,7000
6,EMP0111,Sales,DEL,BLR,2025-11-22,2025-11-25,Vistara,7632,ITC,BLR,6187,True,True,9000
7,EMP0088,Sales,MAA,BLR,2026-01-03,2026-01-10,Akasa Air,5585,OYO,BLR,8054,False,False,7000
8,EMP0072,Engineering,BLR,MAA,2025-11-24,2025-12-01,Air India,7154,Taj,MAA,4542,True,True,7000
9,EMP0073,Marketing,BLR,BOM,2026-01-04,2026-01-12,SpiceJet,7068,OYO,BOM,7365,False,False,8000
10,EMP0096,HR,DEL,BLR,2026-02-09,2026-02-12,Vistara,11855,ITC,BLR,4385,True,True,9000
11,EMP0020,Engineering,BLR,MAA,2025-11-30,2025-12-14,IndiGo,5968,Lemon Tree,MAA,8962,True,False,7000
12,EMP0002,Sales,BLR,MAA,2026-01-28,2026-02-11,Vistara,5852,OYO,MAA,6015,True,False,7000
13,EMP0113,Marketing,MAA,BLR,2026-01-19,2026-01-26,Akasa Air,7337,Taj,BLR,8158,False,True,7000
14,EMP0020,Marketing,BLR,BOM,2025-12-27,2025-12-29,Akasa Air,8120,Marriott,BOM,6519,False,True,8000
15,EMP0031,HR,BLR,DEL,2025-10-28,2025-10-31,IndiGo,10823,Treebo,DEL,8924,True,False,9000
16,EMP0078,Finance,BLR,BOM,2026-02-12,2026-02-16,Vistara,8784,Lemon Tree,BOM,9635,True,False,8000
17,EMP0032,Engineering,BLR,DEL,2025-12-03,2025-12-03,Akasa Air,10192,Treebo,DEL,7786,False,False,9000
18,EMP0066,Engineering,BOM,DEL,2026-01-06,2026-01-14,Air India,6399,Treebo,DEL,10176,True,False,8500
19,EMP0061,Finance,BLR,BOM,2025-10-31,2025-11-02,SpiceJet,8625,Marriott,BOM,6817,False,True,8000
20,EMP0103,Sales,BLR,BOM,2025-11-10,2025-11-14,Akasa Air,6048,Lemon Tree,BOM,8372,False,False,8000
21,EMP0057,HR,BLR,DEL,2025-10-27,2025-10-27,IndiGo,8593,ITC,DEL,7285,True,True,9000
22,EMP0022,Finance,BLR,DEL,2025-12-07,2025-12-09,SpiceJet,10851,Marriott,DEL,8552,False,True,9000
23,EMP0063,Engineering,BLR,BOM,2025-11-23,2025-11-27,IndiGo,9248,Treebo,BOM,5182,True,False,8000
24,EMP0110,HR,BLR,BOM,2025-10-26,2025-10-28,Air India,9774,Taj,BOM,4982,True,True,8000
25,EMP0073,Engineering,MAA,BLR,2025-12-29,2026-01-05,Akasa Air,6073,Taj,BLR,8282,False,True,7000
26,EMP0034,Engineering,BLR,MAA,2026-01-10,2026-01-20,Air India,6008,Marriott,MAA,6457,True,True,7000
27,EMP0119,Sales,BLR,DEL,2025-12-18,2025-12-18,IndiGo,8336,Treebo,DEL,5766,True,False,9000
28,EMP0021,Finance,MAA,BLR,2026-01-09,2026-01-19,Akasa Air,6381,OYO,BLR,9310,False,False,7000
29,EMP0113,Engineering,BOM,DEL,2025-11-02,2025-11-04,Akasa Air,8811,ITC,DEL,5667,False,True,8500
30,EMP0110,Marketing,MAA,BLR,2025-12-12,2025-12-22,IndiGo,6675,Taj,BLR,6242,True,True,7000
31,EMP0082,Marketing,BLR,BOM,2026-01-15,2026-01-23,Akasa Air,7770,OYO,BOM,6075,False,False,8000
32,EMP0075,HR,BLR,BOM,2025-12-11,2025-12-15,IndiGo,6766,Marriott,BOM,4326,True,True,8000
33,EMP0027,Engineering,BLR,MAA,2025-10-24,2025-11-03,Akasa Air,7626,Lemon Tree,MAA,7479,False,False,7000
34,EMP0104,Engineering,DEL,BLR,2025-10-23,2025-10-24,Vistara,12488,Lemon Tree,BLR,6480,True,False,9000
35,EMP0049,Sales,DEL,BLR,2025-11-17,2025-11-18,SpiceJet,9903,Marriott,BLR,4193,False,True,9000
36,EMP0052,Marketing,BOM,DEL,2026-02-06,2026-02-08,Vistara,9919,Marriott,DEL,8392,True,True,8500
37,EMP0004,Sales,BOM,DEL,2025-11-06,2025-11-12,IndiGo,7978,Taj,DEL,6569,True,True,8500
38,EMP0066,Sales,DEL,BLR,2026-02-12,2026-02-13,Vistara,9741,Taj,BLR,8410,True,True,9000
39,EMP0095,Engineering,BOM,DEL,2025-12-13,2025-12-15,Vistara,9504,Treebo,DEL,7442,True,False,8500
40,EMP0042,Finance,BLR,MAA,2025-11-13,2025-11-27,Air India,6077,ITC,MAA,5425,True,True,7000
41,EMP0039,Finance,MAA,BLR,2026-01-28,2026-02-04,Vistara,5488,Marriott,BLR,8969,True,True,7000
42,EMP0060,Finance,DEL,BLR,2026-01-14,2026-01-15,Akasa Air,12710,Lemon Tree,BLR,5093,False,False,9000
43,EMP0080,Marketing,BLR,DEL,2026-02-01,2026-02-02,Vistara,13656,ITC,DEL,4596,True,True,9000
44,EMP0114,HR,BLR,BOM,2026-01-12,2026-01-20,SpiceJet,6380,Lemon Tree,BOM,5128,False,False,8000
45,EMP0114,Sales,DEL,BLR,2025-11-17,2025-11-18,Akasa Air,7613,Lemon Tree,BLR,8048,False,False,9000
46,EMP0068,HR,MAA,BLR,2025-11-20,2025-11-30,Akasa Air,7397,OYO,BLR,14035,False,False,7000
47,EMP0058,Marketing,BLR,BOM,2026-01-30,2026-02-05,Akasa Air,7605,Lemon Tree,BOM,5625,False,False,8000
48,EMP0043,Marketing,MAA,BLR,2025-10-24,2025-10-31,Air India,5972,ITC,BLR,7605,True,True,7000
49,EMP0070,Finance,DEL,BLR,2025-10-27,2025-10-28,SpiceJet,12187,Lemon Tree,BLR,12677,False,False,9000
50,EMP0097,Finance,DEL,BLR,2025-12-27,2025-12-28,SpiceJet,9071,ITC,BLR,7312,False,True,9000
51,EMP0108,Finance,BLR,BOM,2026-01-06,2026-01-08,SpiceJet,8206,Treebo,BOM,8230,False,False,8000
52,EMP0042,Engineering,DEL,BLR,2025-11-29,2025-12-01,SpiceJet,12155,Marriott,BLR,4670,False,True,9000
53,EMP0096,HR,BLR,DEL,2025-12-03,2025-12-04,IndiGo,7149,OYO,DEL,4942,True,False,9000
54,EMP0061,Sales,MAA,BLR,2025-11-07,2025-11-17,Vistara,5369,Marriott,BLR,4938,True,True,7000
55,EMP0021,Marketing,BLR,DEL,2026-01-03,2026-01-03,Vistara,12124,Treebo,DEL,5752,True,False,9000
56,EMP0081,Engineering,BLR,DEL,2026-01-16,2026-01-18,Akasa Air,14043,Taj,DEL,9808,False,True,9000
57,EMP0002,Finance,DEL,BLR,2025-10-31,2025-11-03,Vistara,9509,OYO,BLR,5939,True,False,9000
58,EMP0084,Marketing,MAA,BLR,2026-01-18,2026-02-01,SpiceJet,6119,Lemon Tree,BLR,6797,False,False,7000
59,EMP0120,Sales,BOM,DEL,2026-02-02,2026-02-10,Air India,7887,Lemon Tree,DEL,6813,True,False,8500
60,EMP0024,Finance,BLR,BOM,2025-11-29,2025-12-05,Vistara,8417,Marriott,BOM,6263,True,True,8000
61,EMP0067,Engineering,BLR,DEL,2025-11-17,2025-11-20,SpiceJet,9029,Treebo,DEL,11721,False,False,9000
62,EMP0052,Engineering,BOM,DEL,2026-01-07,2026-01-13,SpiceJet,7755,Treebo,DEL,9352,False,False,8500
63,EMP0035,Marketing,BOM,DEL,2025-11-17,2025-11-19,Air India,8013,Marriott,DEL,7841,True,True,8500
64,EMP0036,HR,MAA,BLR,2025-12-26,2026-01-05,IndiGo,5729,ITC,BLR,8808,True,True,7000
65,EMP0036,Sales,BLR,DEL,2025-12-28,2025-12-30,Air India,11757,OYO,DEL,9444,True,False,9000
66,EMP0044,Engineering,BLR,DEL,2025-11-19,2025-11-22,IndiGo,9491,Taj,DEL,6406,True,True,9000
67,EMP0039,Sales,BLR,BOM,2025-10-28,2025-11-05,Akasa Air,8130,Treebo,BOM,9224,False,False,8000
68,EMP0039,HR,DEL,BLR,2025-11-29,2025-11-29,Akasa Air,8846,OYO,BLR,9251,False,False,9000
69,EMP0010,Engineering,BLR,DEL,2025-12-09,2025-12-12,Akasa Air,7348,Lemon Tree,DEL,7648,False,False,9000
70,EMP0088,Engineering,BOM,DEL,2026-01-25,2026-01-29,SpiceJet,7801,Taj,DEL,6176,False,True,8500
71,EMP0010,Sales,BLR,BOM,2026-01-24,2026-01-30,Akasa Air,8237,OYO,BOM,7880,False,False,8000
72,EMP0090,Finance,BOM,DEL,2025-12-16,2025-12-24,SpiceJet,7983,Taj,DEL,6640,False,True,8500
73,EMP0004,Sales,BLR,BOM,2026-01-13,2026-01-15,Vistara,7601,Treebo,BOM,13366,True,False,8000
74,EMP0082,Finance,BLR,DEL,2025-12-18,2025-12-20,SpiceJet,8435,Marriott,DEL,7372,False,True,9000
75,EMP0037,Finance,MAA,BLR,2025-10-15,2025-10-25,IndiGo,7033,Marriott,BLR,8215,True,True,7000
76,EMP0001,HR,DEL,BLR,2025-12-12,2025-12-12,Air India,10087,Treebo,BLR,4692,True,False,9000
77,EMP0119,Marketing,DEL,BLR,2026-02-07,2026-02-10,IndiGo,9803,Taj,BLR,5960,True,True,9000
78,EMP0040,HR,BLR,DEL,2025-12-27,2025-12-30,IndiGo,9872,ITC,DEL,7780,True,True,9000
79,EMP0083,Engineering,DEL,BLR,2026-02-15,2026-02-17,Akasa Air,9836,OYO,BLR,8571,False,False,9000
80,EMP0077,HR,BLR,MAA,2026-02-03,2026-02-10,IndiGo,7063,Marriott,MAA,6784,True,True,7000
81,EMP0065,Marketing,BLR,DEL,2025-11-24,2025-11-26,Akasa Air,14902,Treebo,DEL,7507,False,False,9000
82,EMP0049,Finance,BOM,DEL,2026-02-05,2026-02-09,Air India,7252,Treebo,DEL,7461,True,False,8500
83,EMP0091,Finance,DEL,BLR,2026-01-12,2026-01-13,SpiceJet,9386,Taj,BLR,4822,False,True,9000
84,EMP0057,Sales,MAA,BLR,2026-02-04,2026-02-14,IndiGo,5303,OYO,BLR,5382,True,False,7000
85,EMP0034,Marketing,MAA,BLR,2026-01-07,2026-01-17,IndiGo,7286,Marriott,BLR,7113,True,True,7000
86,EMP0081,Finance,MAA,BLR,2025-10-11,2025-10-25,IndiGo,6667,ITC,BLR,5863,True,True,7000
87,EMP0056,Sales,BLR,MAA,2026-01-12,2026-01-19,SpiceJet,6843,ITC,MAA,4376,False,True,7000
88,EMP0008,Marketing,BOM,DEL,2025-11-29,2025-12-07,Air India,7755,ITC,DEL,6699,True,True,8500
89,EMP0112,Finance,MAA,BLR,2026-01-09,2026-01-16,SpiceJet,5300,Treebo,BLR,6918,False,False,7000
90,EMP0116,Finance,BOM,DEL,2026-01-11,2026-01-15,IndiGo,9163,Lemon Tree,DEL,7686,True,False,8500
91,EMP0033,Finance,BOM,DEL,2025-11-07,2025-11-15,SpiceJet,6756,Taj,DEL,8708,False,True,8500
92,EMP0090,Marketing,BLR,DEL,2026-02-01,2026-02-04,Vistara,8337,Taj,DEL,4401,True,True,9000
93,EMP0096,Finance,BOM,DEL,2026-01-24,2026-01-28,Akasa Air,6694,Marriott,DEL,6053,False,True,8500
94,EMP0093,Engineering,BLR,MAA,2025-10-19,2025-11-02,IndiGo,8337,Marriott,MAA,6540,True,True,7000
95,EMP0096,Finance,BLR,BOM,2025-11-11,2025-11-15,Akasa Air,7298,Marriott,BOM,5347,False,True,8000
96,EMP0106,Finance,BOM,DEL,2026-01-18,2026-01-24,IndiGo,11929,Lemon Tree,DEL,9360,True,False,8500
97,EMP0047,Sales,DEL,BLR,2025-10-20,2025-10-22,Akasa Air,10333,Taj,BLR,8788,False,True,9000
98,EMP0082,Marketing,BLR,DEL,2026-01-14,2026-01-15,SpiceJet,11797,Taj,DEL,8997,False,True,9000
99,EMP0009,Finance,BLR,MAA,2025-11-14,2025-11-28,SpiceJet,5291,Taj,MAA,6493,False,True,7000
100,EMP0015,Sales,BLR,BOM,2026-02-07,2026-02-11,SpiceJet,6787,Lemon Tree,BOM,9484,False,False,8000
101,EMP0020,Finance,BLR,MAA,2025-10-23,2025-11-02,Akasa Air,7529,Lemon Tree,MAA,7493,False,False,7000
102,EMP0031,Marketing,BLR,DEL,2026-01-14,2026-01-16,Akasa Air,9257,OYO,DEL,6423,False,False,9000
103,EMP0012,Engineering,BLR,MAA,2025-12-27,2026-01-10,IndiGo,7103,Taj,MAA,5031,True,True,7000
104,EMP0027,Sales,MAA,BLR,2025-11-02,2025-11-16,Air India,7450,ITC,BLR,4023,True,True,7000
105,EMP0019,Engineering,MAA,BLR,2025-11-15,2025-11-22,IndiGo,8583,OYO,BLR,8957,True,False,7000
106,EMP0017,Finance,MAA,BLR,2025-10-21,2025-11-04,IndiGo,6155,Lemon Tree,BLR,9152,True,False,7000
107,EMP0079,Sales,BLR,MAA,2026-01-15,2026-01-29,Akasa Air,6182,Marriott,MAA,4498,False,True,7000
108,EMP0109,Finance,DEL,BLR,2026-01-16,2026-01-16,SpiceJet,13124,OYO,BLR,4709,False,False,9000
109,EMP0075,HR,BLR,MAA,2025-11-21,2025-12-01,Akasa Air,5725,Treebo,MAA,7747,False,False,7000
110,EMP0110,HR,BLR,MAA,2026-02-01,2026-02-08,SpiceJet,7386,Lemon Tree,MAA,8637,False,False,7000
111,EMP0041,Finance,BOM,DEL,2026-01-08,2026-01-14,Vistara,8285,ITC,DEL,4747,True,True,8500
112,EMP0012,Finance,BLR,DEL,2026-01-22,2026-01-24,Air India,9037,Treebo,DEL,5617,True,False,9000
113,EMP0097,Finance,BLR,MAA,2025-10-17,2025-10-27,Akasa Air,5884,Marriott,MAA,7721,False,True,7000
114,EMP0109,Sales,BOM,DEL,2026-01-31,2026-02-06,IndiGo,7901,Marriott,DEL,8595,True,True,8500
115,EMP0105,HR,MAA,BLR,2026-01-01,2026-01-15,Akasa Air,6605,Taj,BLR,7935,False,True,7000
116,EMP0098,Marketing,BOM,DEL,2025-12-02,2025-12-04,Air India,11787,ITC,DEL,5777,True,True,8500
117,EMP0049,Finance,DEL,BLR,2025-12-02,2025-12-03,Vistara,11861,Marriott,BLR,4695,True,True,9000
118,EMP0020,Engineering,MAA,BLR,2025-10-13,2025-10-27,IndiGo,6140,Marriott,BLR,8973,True,True,7000
119,EMP0035,Engineering,MAA,BLR,2025-10-25,2025-11-04,SpiceJet,5693,Taj,BLR,7986,False,True,7000
120,EMP0040,Sales,BLR,BOM,2025-12-08,2025-12-10,IndiGo,8790,ITC,BOM,9022,True,True,8000
121,EMP0056,Engineering,BLR,BOM,2025-12-04,2025-12-08,Akasa Air,8266,Treebo,BOM,5136,False,False,8000
122,EMP0056,Sales,DEL,BLR,2026-02-15,2026-02-15,Vistara,9581,Treebo,BLR,8551,True,False,9000
123,EMP0103,HR,DEL,BLR,2026-02-02,2026-02-04,IndiGo,10955,Lemon Tree,BLR,8487,True,False,9000
124,EMP0096,Marketing,BLR,BOM,2025-11-28,2025-12-02,IndiGo,7626,Treebo,BOM,7106,True,False,8000
125,EMP0094,Engineering,BLR,BOM,2025-10-30,2025-11-03,Vistara,6155,ITC,BOM,6610,True,True,8000
126,EMP0064,Finance,MAA,BLR,2026-01-12,2026-01-26,SpiceJet,7487,OYO,BLR,8370,False,False,7000
127,EMP0020,Finance,BLR,DEL,2025-12-17,2025-12-20,Vistara,8429,Marriott,DEL,4607,True,True,9000
128,EMP0058,Sales,BLR,DEL,2025-12-05,2025-12-07,IndiGo,12767,OYO,DEL,9093,True,False,9000
129,EMP0102,Sales,DEL,BLR,2026-02-13,2026-02-14,Vistara,10283,Treebo,BLR,12294,True,False,9000
130,EMP0006,Engineering,BLR,MAA,2025-12-06,2025-12-16,Akasa Air,6607,Treebo,MAA,7051,False,False,7000
131,EMP0087,HR,BLR,DEL,2026-01-28,2026-01-30,IndiGo,8655,Marriott,DEL,8937,True,True,9000
132,EMP0043,Sales,MAA,BLR,2026-01-06,2026-01-13,Vistara,7609,Marriott,BLR,10185,True,True,7000
133,EMP0011,Marketing,MAA,BLR,2025-11-24,2025-12-08,Vistara,6776,ITC,BLR,11646,True,True,7000
134,EMP0066,Marketing,BLR,DEL,2025-12-04,2025-12-06,Air India,10014,ITC,DEL,6606,True,True,9000
135,EMP0101,Sales,MAA,BLR,2026-01-13,2026-01-27,Akasa Air,6753,Taj,BLR,5073,False,True,7000
136,EMP0020,Engineering,BLR,BOM,2026-01-31,2026-02-04,SpiceJet,6914,Taj,BOM,5945,False,True,8000
137,EMP0079,Marketing,BLR,MAA,2026-01-19,2026-01-29,Air India,5569,Treebo,MAA,13990,True,False,7000
138,EMP0074,Finance,DEL,BLR,2026-01-25,2026-01-27,SpiceJet,11395,Treebo,BLR,9324,False,False,9000
139,EMP0083,Finance,BOM,DEL,2025-12-28,2025-12-30,Akasa Air,9195,Taj,DEL,10922,False,True,8500
140,EMP0117,Engineering,DEL,BLR,2026-02-09,2026-02-11,IndiGo,8118,Lemon Tree,BLR,7681,True,False,9000
141,EMP0108,Marketing,BLR,BOM,2025-11-05,2025-11-07,Vistara,8936,Lemon Tree,BOM,9090,True,False,8000
142,EMP0003,Marketing,BLR,BOM,2026-01-31,2026-02-04,Akasa Air,7548,OYO,BOM,8663,False,False,8000
143,EMP0082,HR,DEL,BLR,2025-10-29,2025-10-29,SpiceJet,10613,Treebo,BLR,7349,False,False,9000
144,EMP0074,Finance,BLR,BOM,2026-01-12,2026-01-14,Akasa Air,7316,Marriott,BOM,8158,False,True,8000
145,EMP0050,Finance,BLR,DEL,2026-01-07,2026-01-10,Vistara,8990,Marriott,DEL,4553,True,True,9000
146,EMP0094,Sales,MAA,BLR,2026-01-13,2026-01-23,Air India,5886,Taj,BLR,5434,True,True,7000
147,EMP0088,Finance,BLR,MAA,2025-12-07,2025-12-21,Air India,5076,ITC,MAA,9767,True,True,7000
148,EMP0102,Engineering,BLR,DEL,2025-11-28,2025-11-30,Akasa Air,12453,Lemon Tree,DEL,6042,False,False,9000
149,EMP0007,Marketing,BOM,DEL,2025-10-30,2025-11-05,SpiceJet,8477,Lemon Tree,DEL,11114,False,False,8500
150,EMP0048,HR,BOM,DEL,2026-01-29,2026-01-31,SpiceJet,10368,Taj,DEL,6406,False,True,8500
151,EMP0011,Marketing,BLR,MAA,2025-11-17,2025-11-27,SpiceJet,6909,Treebo,MAA,12332,False,False,7000
152,EMP0046,HR,DEL,BLR,2025-11-25,2025-11-25,IndiGo,10391,OYO,BLR,9437,True,False,9000
153,EMP0101,Finance,BLR,DEL,2025-11-06,2025-11-06,Air India,9255,OYO,DEL,9368,True,False,9000
154,EMP0048,Marketing,DEL,BLR,2026-01-26,2026-01-26,Akasa Air,10006,ITC,BLR,6044,False,True,9000
155,EMP0004,Engineering,DEL,BLR,2025-12-23,2025-12-26,Akasa Air,7242,Taj,BLR,7655,False,True,9000
156,EMP0079,Marketing,BLR,MAA,2026-02-05,2026-02-15,Air India,5990,Taj,MAA,7646,True,True,7000
157,EMP0104,Marketing,BLR,MAA,2025-11-20,2025-12-04,IndiGo,6418,Treebo,MAA,6419,True,False,7000
158,EMP0082,Engineering,BOM,DEL,2025-12-21,2025-12-25,IndiGo,8643,ITC,DEL,10993,True,True,8500
159,EMP0048,Finance,MAA,BLR,2025-10-23,2025-11-06,IndiGo,5766,Taj,BLR,7921,True,True,7000
160,EMP0099,Finance,MAA,BLR,2025-10-23,2025-10-30,Vistara,5107,OYO,BLR,9089,True,False,7000
161,EMP0100,HR,BLR,MAA,2025-12-28,2026-01-04,Air India,6308,Lemon Tree,MAA,5796,True,False,7000
162,EMP0021,Marketing,BLR,MAA,2025-11-08,2025-11-18,Akasa Air,7268,Marriott,MAA,8512,False,True,7000
163,EMP0081,Marketing,MAA,BLR,2025-12-21,2025-12-28,Akasa Air,5372,OYO,BLR,5533,False,False,7000
164,EMP0116,HR,BOM,DEL,2026-02-03,2026-02-05,IndiGo,7889,Taj,DEL,5726,True,True,8500
165,EMP0054,HR,BLR,MAA,2025-10-14,2025-10-24,Akasa Air,6697,Marriott,MAA,6006,False,True,7000
166,EMP0088,Finance,BOM,DEL,2025-12-16,2025-12-18,IndiGo,9270,ITC,DEL,13080,True,True,8500
167,EMP0041,Marketing,DEL,BLR,2025-11-04,2025-11-06,Akasa Air,9323,Treebo,BLR,5303,False,False,9000
168,EMP0050,HR,DEL,BLR,2025-11-20,2025-11-21,Vistara,10292,Treebo,BLR,9366,True,False,9000
169,EMP0064,Sales,BLR,DEL,2026-02-15,2026-02-18,Akasa Air,9780,Lemon Tree,DEL,6990,False,False,9000
170,EMP0077,Finance,BOM,DEL,2025-12-26,2025-12-28,IndiGo,7554,Lemon Tree,DEL,8104,True,False,8500
171,EMP0073,HR,BLR,BOM,2025-11-30,2025-12-06,IndiGo,7213,Lemon Tree,BOM,7848,True,False,8000
172,EMP0079,Sales,BLR,BOM,2025-10-25,2025-11-02,Vistara,7385,Marriott,BOM,7008,True,True,8000
173,EMP0065,Sales,BLR,DEL,2025-10-24,2025-10-25,Vistara,9351,Lemon Tree,DEL,5651,True,False,9000
174,EMP0021,Finance,MAA,BLR,2026-01-13,2026-01-23,Akasa Air,6320,Marriott,BLR,8012,False,True,7000
175,EMP0039,Finance,BLR,DEL,2025-12-05,2025-12-07,IndiGo,11249,Lemon Tree,DEL,4973,True,False,9000
176,EMP0084,HR,MAA,BLR,2025-11-05,2025-11-19,IndiGo,6245,Treebo,BLR,7429,True,False,7000
177,EMP0005,HR,BLR,MAA,2025-10-28,2025-11-04,IndiGo,5778,Lemon Tree,MAA,6368,True,False,7000
178,EMP0118,Finance,BLR,MAA,2026-01-15,2026-01-22,Air India,5480,Treebo,MAA,9166,True,False,7000
179,EMP0023,Finance,MAA,BLR,2025-11-19,2025-12-03,Vistara,7061,OYO,BLR,9291,True,False,7000
180,EMP0072,Marketing,BLR,BOM,2026-02-12,2026-02-18,Vistara,6263,OYO,BOM,7546,True,False,8000
181,EMP0120,Marketing,BOM,DEL,2025-10-28,2025-11-05,SpiceJet,9195,Marriott,DEL,9482,False,True,8500
182,EMP0011,Marketing,DEL,BLR,2026-01-10,2026-01-12,SpiceJet,8865,ITC,BLR,8619,False,True,9000
183,EMP0076,Engineering,BLR,BOM,2025-10-23,2025-10-27,Air India,5920,Taj,BOM,11262,True,True,8000
184,EMP0001,HR,BLR,BOM,2025-12-04,2025-12-12,SpiceJet,6238,OYO,BOM,10298,False,False,8000
185,EMP0084,HR,BLR,BOM,2025-12-26,2025-12-28,Air India,9709,Lemon Tree,BOM,12774,True,False,8000
186,EMP0112,Marketing,BLR,DEL,2025-10-20,2025-10-22,Akasa Air,9326,Treebo,DEL,9779,False,False,9000
187,EMP0018,HR,DEL,BLR,2025-11-23,2025-11-24,IndiGo,8521,Marriott,BLR,7188,True,True,9000
188,EMP0038,HR,BLR,MAA,2026-01-18,2026-01-25,Air India,7297,Treebo,MAA,12134,True,False,7000
189,EMP0024,Engineering,DEL,BLR,2025-11-30,2025-12-01,IndiGo,9478,Marriott,BLR,6700,True,True,9000
190,EMP0093,HR,BLR,DEL,2025-11-21,2025-11-23,Air India,10789,Taj,DEL,8116,True,True,9000
191,EMP0114,Marketing,BLR,MAA,2025-10-22,2025-11-05,Vistara,6620,Marriott,MAA,5094,True,True,7000
192,EMP0059,HR,BOM,DEL,2025-12-05,2025-12-13,Akasa Air,8757,OYO,DEL,14949,False,False,8500
193,EMP0091,Marketing,BLR,DEL,2026-02-15,2026-02-15,IndiGo,11084,Treebo,DEL,5873,True,False,9000
194,EMP0015,Engineering,BLR,MAA,2025-12-24,2026-01-03,IndiGo,6924,Treebo,MAA,11268,True,False,7000
195,EMP0104,Marketing,BLR,MAA,2025-10-13,2025-10-23,Vistara,6988,Taj,MAA,4371,True,True,7000
196,EMP0090,Sales,MAA,BLR,2025-10-21,2025-10-28,SpiceJet,5703,Taj,BLR,5109,False,True,7000
197,EMP0094,Finance,BOM,DEL,2026-02-04,2026-02-12,SpiceJet,7227,Lemon Tree,DEL,8752,False,False,8500
198,EMP0016,Engineering,MAA,BLR,2025-11-26,2025-12-10,Air India,7640,OYO,BLR,5414,True,False,7000
199,EMP0093,HR,DEL,BLR,2025-12-25,2025-12-28,Air India,7958,ITC,BLR,5544,True,True,9000
200,EMP0093,Sales,BLR,DEL,2026-01-29,2026-02-01,Akasa Air,8734,Taj,DEL,7657,False,True,9000
201,EMP0091,Sales,BLR,BOM,2026-01-21,2026-01-23,SpiceJet,7398,Lemon Tree,BOM,4649,False,False,8000
202,EMP0030,HR,BOM,DEL,2025-12-27,2026-01-02,Air India,8929,Marriott,DEL,8270,True,True,8500
203,EMP0039,Marketing,BLR,DEL,2025-12-30,2025-12-31,SpiceJet,11250,Treebo,DEL,8800,False,False,9000
204,EMP0054,Finance,BLR,BOM,2025-11-20,2025-11-28,Air India,7115,Treebo,BOM,10879,True,False,8000
205,EMP0008,HR,DEL,BLR,2025-12-12,2025-12-13,SpiceJet,10299,ITC,BLR,9976,False,True,9000
206,EMP0025,Sales,BOM,DEL,2025-12-06,2025-12-08,IndiGo,11085,ITC,DEL,5777,True,True,8500
207,EMP0112,Marketing,BOM,DEL,2026-02-12,2026-02-14,Air India,10467,ITC,DEL,7923,True,True,8500
208,EMP0090,HR,BLR,MAA,2025-11-06,2025-11-16,Air India,5800,Treebo,MAA,9070,True,False,7000
209,EMP0034,Marketing,MAA,BLR,2026-01-31,2026-02-10,SpiceJet,7147,Taj,BLR,6623,False,True,7000
210,EMP0048,Marketing,DEL,BLR,2025-10-25,2025-10-26,Air India,9992,Taj,BLR,7420,True,True,9000
211,EMP0026,Marketing,BLR,BOM,2025-12-04,2025-12-08,SpiceJet,7694,Treebo,BOM,7506,False,False,8000
212,EMP0093,Finance,DEL,BLR,2025-11-09,2025-11-11,Air India,11085,ITC,BLR,8441,True,True,9000
213,EMP0008,HR,BLR,DEL,2026-02-05,2026-02-05,IndiGo,10530,Taj,DEL,7078,True,True,9000
214,EMP0048,Sales,MAA,BLR,2025-12-27,2026-01-10,Akasa Air,8138,Lemon Tree,BLR,7395,False,False,7000
215,EMP0036,HR,BOM,DEL,2025-10-15,2025-10-23,Air India,9071,Taj,DEL,8112,True,True,8500
216,EMP0105,Marketing,BOM,DEL,2026-01-22,2026-01-30,IndiGo,9211,Marriott,DEL,5992,True,True,8500
217,EMP0029,Marketing,BLR,MAA,2026-01-27,2026-02-03,IndiGo,6034,Taj,MAA,9501,True,True,7000
218,EMP0022,Sales,DEL,BLR,2026-02-03,2026-02-06,Vistara,9818,Treebo,BLR,10621,True,False,9000
219,EMP0116,HR,DEL,BLR,2025-11-24,2025-11-24,IndiGo,13193,OYO,BLR,4498,True,False,9000
220,EMP0003,Engineering,MAA,BLR,2025-10-25,2025-11-08,SpiceJet,5737,Taj,BLR,8642,False,True,7000
221,EMP0050,HR,BOM,DEL,2025-12-05,2025-12-09,IndiGo,8484,Treebo,DEL,5429,True,False,8500
222,EMP0044,HR,MAA,BLR,2025-12-26,2026-01-05,Vistara,6675,Taj,BLR,7690,True,True,7000
223,EMP0046,HR,DEL,BLR,2025-12-14,2025-12-15,Akasa Air,10211,OYO,BLR,9104,False,False,9000
224,EMP0092,Engineering,BLR,MAA,2025-11-29,2025-12-09,Vistara,5156,Taj,MAA,7643,True,True,7000
225,EMP0035,Sales,BLR,BOM,2025-10-28,2025-11-01,SpiceJet,7382,Lemon Tree,BOM,4884,False,False,8000
226,EMP0012,HR,MAA,BLR,2026-01-19,2026-01-29,SpiceJet,5717,Taj,BLR,4693,False,True,7000
227,EMP0072,Engineering,MAA,BLR,2025-12-19,2025-12-26,SpiceJet,5288,ITC,BLR,10050,False,True,7000
228,EMP0036,Finance,BOM,DEL,2025-12-19,2025-12-21,Vistara,12057,Marriott,DEL,5601,True,True,8500
229,EMP0018,Marketing,BLR,DEL,2025-12-08,2025-12-10,Akasa Air,11023,Lemon Tree,DEL,9231,False,False,9000
230,EMP0089,Engineering,DEL,BLR,2025-11-29,2025-11-30,SpiceJet,9616,Marriott,BLR,8717,False,True,9000
231,EMP0042,Finance,BOM,DEL,2026-01-25,2026-02-02,Vistara,9119,Taj,DEL,12113,True,True,8500
232,EMP0004,Finance,BLR,MAA,2025-11-06,2025-11-16,Vistara,5093,OYO,MAA,11404,True,False,7000
233,EMP0033,Engineering,BLR,MAA,2025-12-04,2025-12-14,IndiGo,7673,Lemon Tree,MAA,8450,True,False,7000
234,EMP0112,Finance,MAA,BLR,2025-10-15,2025-10-25,Akasa Air,8383,Treebo,BLR,7252,False,False,7000
235,EMP0073,Finance,BOM,DEL,2026-01-22,2026-01-30,IndiGo,6285,Taj,DEL,8249,True,True,8500
236,EMP0089,HR,BLR,BOM,2025-12-11,2025-12-17,SpiceJet,8071,Lemon Tree,BOM,8465,False,False,8000
237,EMP0062,Sales,BOM,DEL,2025-12-11,2025-12-13,IndiGo,7676,OYO,DEL,6584,True,False,8500
238,EMP0013,Finance,BLR,MAA,2026-01-08,2026-01-18,Vistara,5740,Taj,MAA,6439,True,True,7000
239,EMP0014,Engineering,BLR,MAA,2025-11-07,2025-11-21,Air India,5348,Treebo,MAA,8326,True,False,7000
240,EMP0024,Engineering,BLR,MAA,2026-01-03,2026-01-13,SpiceJet,6964,Taj,MAA,7682,False,True,7000
241,EMP0050,Sales,BLR,MAA,2025-11-10,2025-11-17,Vistara,8026,OYO,MAA,8869,True,False,7000
242,EMP0059,Sales,BOM,DEL,2026-01-06,2026-01-14,Akasa Air,7015,OYO,DEL,8485,False,False,8500
243,EMP0109,Finance,MAA,BLR,2025-10-29,2025-11-12,Vistara,6552,Treebo,BLR,6797,True,False,7000
244,EMP0024,Marketing,BLR,MAA,2025-10-25,2025-11-08,SpiceJet,6569,Lemon Tree,MAA,7880,False,False,7000
245,EMP0089,Engineering,MAA,BLR,2025-11-01,2025-11-11,Vistara,5423,ITC,BLR,4439,True,True,7000
246,EMP0002,Finance,BLR,BOM,2025-11-06,2025-11-14,Akasa Air,7689,Treebo,BOM,9029,False,False,8000
247,EMP0063,Engineering,BLR,DEL,2026-01-01,2026-01-01,Air India,7492,Marriott,DEL,7746,True,True,9000
248,EMP0099,Finance,MAA,BLR,2025-12-18,2025-12-25,Akasa Air,5650,Taj,BLR,7005,False,True,7000
249,EMP0097,Sales,BLR,MAA,2025-12-02,2025-12-16,Air India,5186,Lemon Tree,MAA,6565,True,False,7000
250,EMP0058,Marketing,BOM,DEL,2026-02-06,2026-02-08,SpiceJet,10056,Taj,DEL,8816,False,True,8500
251,EMP0111,HR,BLR,MAA,2025-12-07,2025-12-14,Akasa Air,7097,ITC,MAA,4486,False,True,7000
252,EMP0069,Marketing,MAA,BLR,2025-12-21,2025-12-28,Vistara,5719,OYO,BLR,10642,True,False,7000
253,EMP0013,Engineering,DEL,BLR,2026-02-15,2026-02-15,Vistara,9188,OYO,BLR,8287,True,False,9000
254,EMP0087,Finance,DEL,BLR,2025-11-06,2025-11-08,SpiceJet,10226,Lemon Tree,BLR,5337,False,False,9000
255,EMP0089,Marketing,DEL,BLR,2025-12-20,2025-12-22,Akasa Air,16526,Taj,BLR,6934,False,True,9000
256,EMP0102,HR,DEL,BLR,2025-11-14,2025-11-17,Air India,7266,Lemon Tree,BLR,11466,True,False,9000
257,EMP0101,Marketing,BLR,MAA,2026-01-19,2026-01-26,IndiGo,6653,Taj,MAA,6023,True,True,7000
258,EMP0057,Finance,BLR,DEL,2025-12-13,2025-12-14,Air India,10063,OYO,DEL,5699,True,False,9000
259,EMP0048,Engineering,BLR,DEL,2025-12-08,2025-12-10,Air India,13571,Lemon Tree,DEL,5993,True,False,9000
260,EMP0057,Sales,BLR,DEL,2026-01-16,2026-01-18,IndiGo,10939,Lemon Tree,DEL,7464,True,False,9000
261,EMP0113,Marketing,BLR,BOM,2025-12-04,2025-12-08,Air India,8976,Taj,BOM,7605,True,True,8000
262,EMP0028,Engineering,DEL,BLR,2026-01-04,2026-01-07,Air India,10715,Taj,BLR,7145,True,True,9000
263,EMP0055,Marketing,BLR,BOM,2025-11-15,2025-11-21,IndiGo,7370,ITC,BOM,8977,True,True,8000
264,EMP0089,Sales,BLR,MAA,2026-01-31,2026-02-10,Air India,6599,Treebo,MAA,11531,True,False,7000
265,EMP0031,Finance,DEL,BLR,2025-11-03,2025-11-04,SpiceJet,10619,OYO,BLR,12989,False,False,9000
266,EMP0073,Finance,BOM,DEL,2025-12-25,2025-12-29,SpiceJet,6922,Taj,DEL,4326,False,True,8500
267,EMP0102,Finance,MAA,BLR,2025-11-12,2025-11-26,Akasa Air,6086,Lemon Tree,BLR,11943,False,False,7000
268,EMP0011,HR,BLR,BOM,2026-01-28,2026-02-01,Akasa Air,6850,Marriott,BOM,4541,False,True,8000
269,EMP0056,Engineering,BLR,DEL,2025-11-21,2025-11-21,SpiceJet,10174,Taj,DEL,7680,False,True,9000
270,EMP0090,Sales,BLR,BOM,2025-12-17,2025-12-23,Akasa Air,8105,Treebo,BOM,5965,False,False,8000
271,EMP0112,Marketing,BLR,MAA,2026-02-04,2026-02-11,IndiGo,7159,Marriott,MAA,4523,True,True,7000
272,EMP0074,Sales,DEL,BLR,2025-12-16,2025-12-18,IndiGo,10803,Lemon Tree,BLR,6141,True,False,9000
273,EMP0015,Engineering,BLR,MAA,2025-12-18,2025-12-25,IndiGo,5584,Taj,MAA,7137,True,True,7000
274,EMP0023,Sales,MAA,BLR,2026-01-17,2026-01-31,SpiceJet,5801,ITC,BLR,6620,False,True,7000
275,EMP0010,HR,BOM,DEL,2025-11-03,2025-11-05,Air India,12110,ITC,DEL,4564,True,True,8500
276,EMP0111,Marketing,BOM,DEL,2025-11-29,2025-12-01,Akasa Air,6934,Lemon Tree,DEL,7928,False,False,8500
277,EMP0048,HR,DEL,BLR,2026-01-26,2026-01-27,Akasa Air,11406,ITC,BLR,4078,False,True,9000
278,EMP0001,Finance,BLR,MAA,2026-01-12,2026-01-22,IndiGo,6383,ITC,MAA,8030,True,True,7000
279,EMP0019,Marketing,BLR,DEL,2025-10-25,2025-10-26,Akasa Air,10691,Lemon Tree,DEL,5513,False,False,9000
280,EMP0082,Finance,BLR,DEL,2026-01-04,2026-01-04,SpiceJet,11442,OYO,DEL,8408,False,False,9000
281,EMP0107,Marketing,BOM,DEL,2025-12-11,2025-12-17,Air India,11484,Taj,DEL,6111,True,True,8500
282,EMP0060,Marketing,DEL,BLR,2025-11-03,2025-11-05,Air India,9889,Lemon Tree,BLR,8101,True,False,9000
283,EMP0006,Engineering,BOM,DEL,2025-11-06,2025-11-08,Air India,8134,Marriott,DEL,7166,True,True,8500
284,EMP0058,HR,BLR,MAA,2025-12-23,2025-12-30,IndiGo,5185,Lemon Tree,MAA,5011,True,False,7000
285,EMP0029,Engineering,BLR,BOM,2026-01-26,2026-02-03,Vistara,7616,OYO,BOM,10312,True,False,8000
286,EMP0010,Sales,BLR,DEL,2025-11-12,2025-11-15,Air India,9558,Taj,DEL,9957,True,True,9000
287,EMP0007,Engineering,MAA,BLR,2025-12-01,2025-12-15,SpiceJet,4982,Lemon Tree,BLR,5989,False,False,7000
288,EMP0036,Marketing,DEL,BLR,2026-02-10,2026-02-11,IndiGo,10010,Treebo,BLR,9328,True,False,9000
289,EMP0012,Marketing,DEL,BLR,2025-11-04,2025-11-07,Air India,9484,OYO,BLR,10468,True,False,9000
290,EMP0101,Marketing,DEL,BLR,2025-12-26,2025-12-29,Vistara,8108,Treebo,BLR,5515,True,False,9000
291,EMP0004,Marketing,BLR,DEL,2026-01-29,2026-02-01,Akasa Air,9060,Marriott,DEL,7414,False,True,9000
292,EMP0035,HR,BLR,MAA,2025-10-21,2025-10-28,Akasa Air,5893,Lemon Tree,MAA,5709,False,False,7000
293,EMP0104,Marketing,MAA,BLR,2025-10-10,2025-10-24,Vistara,6478,Treebo,BLR,6933,True,False,7000
294,EMP0064,HR,BOM,DEL,2025-11-04,2025-11-12,IndiGo,6140,Taj,DEL,4163,True,True,8500
295,EMP0001,Marketing,MAA,BLR,2025-11-08,2025-11-15,Vistara,5396,OYO,BLR,9553,True,False,7000
296,EMP0019,Sales,MAA,BLR,2026-01-29,2026-02-08,IndiGo,6872,Marriott,BLR,11356,True,True,7000
297,EMP0018,Engineering,BLR,MAA,2025-12-01,2025-12-15,SpiceJet,5788,OYO,MAA,10393,False,False,7000
298,EMP0101,Marketing,BLR,BOM,2026-01-10,2026-01-14,SpiceJet,7948,Marriott,BOM,5455,False,True,8000
299,EMP0090,HR,DEL,BLR,2026-02-06,2026-02-06,Air India,9996,Treebo,BLR,8901,True,False,9000
300,EMP0043,Sales,BLR,BOM,2025-11-28,2025-12-04,Air India,10472,OYO,BOM,7654,True,False,8000
301,EMP0032,Sales,BOM,DEL,2025-11-20,2025-11-22,IndiGo,9584,Taj,DEL,7391,True,True,8500
302,EMP0049,Marketing,MAA,BLR,2025-12-01,2025-12-08,SpiceJet,6722,Treebo,BLR,6053,False,False,7000
303,EMP0005,Marketing,BLR,DEL,2025-11-28,2025-11-30,IndiGo,10289,Taj,DEL,4614,True,True,9000
304,EMP0115,Sales,BOM,DEL,2025-12-28,2026-01-05,IndiGo,9154,Lemon Tree,DEL,9982,True,False,8500
305,EMP0025,Finance,BLR,MAA,2025-12-16,2025-12-30,Akasa Air,6749,Marriott,MAA,6562,False,True,7000
306,EMP0108,Finance,BLR,BOM,2025-10-21,2025-10-27,IndiGo,5880,Lemon Tree,BOM,12874,True,False,8000
307,EMP0082,Marketing,BLR,DEL,2025-12-20,2025-12-20,Vistara,10941,Lemon Tree,DEL,9440,True,False,9000
308,EMP0049,Marketing,BLR,BOM,2025-12-15,2025-12-17,Vistara,8278,Lemon Tree,BOM,4708,True,False,8000
309,EMP0013,Sales,BLR,MAA,2025-11-20,2025-12-04,SpiceJet,6519,Treebo,MAA,9319,False,False,7000
310,EMP0111,Finance,MAA,BLR,2026-02-03,2026-02-10,SpiceJet,5121,Marriott,BLR,4284,False,True,7000
311,EMP0116,HR,MAA,BLR,2026-01-01,2026-01-15,Air India,7557,Taj,BLR,5369,True,True,7000
312,EMP0104,Engineering,BLR,BOM,2025-10-18,2025-10-26,IndiGo,6993,OYO,BOM,6514,True,False,8000
313,EMP0117,Sales,BLR,DEL,2025-12-06,2025-12-09,Akasa Air,9383,Marriott,DEL,4101,False,True,9000
314,EMP0080,HR,MAA,BLR,2026-01-19,2026-01-29,IndiGo,5318,Lemon Tree,BLR,10768,True,False,7000
315,EMP0119,Sales,MAA,BLR,2026-01-21,2026-01-28,Vistara,7364,Treebo,BLR,6871,True,False,7000
316,EMP0078,Finance,BLR,DEL,2025-11-10,2025-11-12,SpiceJet,11119,ITC,DEL,7242,False,True,9000
317,EMP0043,Engineering,BLR,DEL,2026-01-21,2026-01-24,Vistara,6372,Marriott,DEL,6482,True,True,9000
318,EMP0108,Finance,BLR,MAA,2026-01-09,2026-01-16,Air India,5741,ITC,MAA,6628,True,True,7000
319,EMP0054,HR,BLR,MAA,2025-10-25,2025-11-01,SpiceJet,7457,ITC,MAA,7968,False,True,7000
320,EMP0112,Marketing,BLR,DEL,2025-12-24,2025-12-25,IndiGo,10811,Marriott,DEL,8294,True,True,9000
321,EMP0004,Engineering,BLR,BOM,2026-02-06,2026-02-10,IndiGo,6687,ITC,BOM,5631,True,True,8000
322,EMP0106,Finance,MAA,BLR,2025-11-26,2025-12-10,IndiGo,4985,OYO,BLR,10052,True,False,7000
323,EMP0061,HR,MAA,BLR,2025-11-24,2025-12-04,Air India,6997,Marriott,BLR,7696,True,True,7000
324,EMP0110,HR,BLR,BOM,2026-02-03,2026-02-07,Air India,6261,OYO,BOM,8253,True,False,8000
325,EMP0099,Sales,DEL,BLR,2026-02-13,2026-02-14,Air India,10717,Treebo,BLR,7892,True,False,9000
326,EMP0036,Finance,DEL,BLR,2026-02-05,2026-02-07,SpiceJet,8436,Marriott,BLR,7253,False,True,9000
327,EMP0001,HR,BLR,MAA,2026-01-26,2026-02-05,Akasa Air,6562,OYO,MAA,5590,False,False,7000
328,EMP0036,Marketing,BOM,DEL,2025-11-17,2025-11-23,Air India,7708,ITC,DEL,4465,True,True,8500
329,EMP0103,HR,DEL,BLR,2026-01-11,2026-01-13,Air India,7984,OYO,BLR,8329,True,False,9000
330,EMP0075,HR,BLR,BOM,2025-11-29,2025-12-03,Akasa Air,8111,OYO,BOM,7991,False,False,8000
331,EMP0108,HR,BLR,BOM,2025-11-25,2025-11-27,SpiceJet,10502,ITC,BOM,5499,False,True,8000
332,EMP0116,Marketing,BLR,MAA,2025-10-25,2025-11-01,Vistara,6983,ITC,MAA,6714,True,True,7000
333,EMP0075,Marketing,DEL,BLR,2026-02-06,2026-02-06,SpiceJet,12009,Taj,BLR,4583,False,True,9000
334,EMP0025,HR,BLR,DEL,2026-02-06,2026-02-09,Akasa Air,7787,Marriott,DEL,6596,False,True,9000
335,EMP0053,HR,DEL,BLR,2025-11-06,2025-11-08,Air India,10385,Taj,BLR,5737,True,True,9000
336,EMP0098,Engineering,MAA,BLR,2026-01-19,2026-01-26,SpiceJet,5262,Taj,BLR,7517,False,True,7000
337,EMP0062,Finance,BLR,DEL,2025-10-24,2025-10-25,Vistara,12621,Taj,DEL,4146,True,True,9000
338,EMP0081,Engineering,BLR,BOM,2026-01-11,2026-01-17,Vistara,5928,ITC,BOM,9416,True,True,8000
339,EMP0039,Marketing,DEL,BLR,2026-01-20,2026-01-22,SpiceJet,11888,OYO,BLR,12518,False,False,9000
340,EMP0104,Finance,BLR,DEL,2025-11-18,2025-11-19,Air India,11418,ITC,DEL,7003,True,True,9000
341,EMP0102,Sales,DEL,BLR,2026-02-08,2026-02-10,Akasa Air,9054,Treebo,BLR,5628,False,False,9000
342,EMP0016,HR,BOM,DEL,2025-12-16,2025-12-20,Air India,9806,OYO,DEL,5786,True,False,8500
343,EMP0078,Engineering,DEL,BLR,2026-02-04,2026-02-04,Akasa Air,10098,OYO,BLR,10945,False,False,9000
344,EMP0067,Engineering,BOM,DEL,2026-01-11,2026-01-19,Vistara,6083,ITC,DEL,5701,True,True,8500
345,EMP0062,Marketing,BLR,BOM,2025-10-19,2025-10-21,IndiGo,12030,Taj,BOM,11607,True,True,8000
346,EMP0116,Marketing,BLR,MAA,2025-11-09,2025-11-19,Vistara,7036,Marriott,MAA,4323,True,True,7000
347,EMP0047,Marketing,DEL,BLR,2026-01-23,2026-01-23,IndiGo,7231,Taj,BLR,6692,True,True,9000
348,EMP0057,HR,BOM,DEL,2026-02-08,2026-02-10,Vistara,8019,Marriott,DEL,6226,True,True,8500
349,EMP0089,Finance,DEL,BLR,2026-01-11,2026-01-12,IndiGo,9841,ITC,BLR,7816,True,True,9000
350,EMP0062,HR,BLR,MAA,2025-12-09,2025-12-16,Akasa Air,7081,Lemon Tree,MAA,5804,False,False,7000
351,EMP0114,Finance,DEL,BLR,2025-10-26,2025-10-26,Vistara,9745,OYO,BLR,10617,True,False,9000
352,EMP0086,Marketing,MAA,BLR,2025-12-12,2025-12-26,Akasa Air,6111,Taj,BLR,7947,False,True,7000
353,EMP0087,Finance,BLR,BOM,2026-02-03,2026-02-05,IndiGo,10751,OYO,BOM,13695,True,False,8000
354,EMP0031,Marketing,BOM,DEL,2025-10-23,2025-10-27,Akasa Air,7237,OYO,DEL,5284,False,False,8500
355,EMP0058,Sales,DEL,BLR,2025-12-15,2025-12-17,IndiGo,9929,Lemon Tree,BLR,6149,True,False,9000
356,EMP0078,HR,BLR,MAA,2025-11-14,2025-11-28,Akasa Air,6732,ITC,MAA,6792,False,True,7000
357,EMP0007,Engineering,DEL,BLR,2025-11-29,2025-12-02,Vistara,9766,OYO,BLR,4428,True,False,9000
358,EMP0103,Marketing,MAA,BLR,2025-12-16,2025-12-26,IndiGo,7411,Taj,BLR,10169,True,True,7000
359,EMP0025,Sales,DEL,BLR,2025-11-14,2025-11-17,Air India,7516,OYO,BLR,5597,True,False,9000
360,EMP0076,Sales,DEL,BLR,2025-12-17,2025-12-18,SpiceJet,9149,Taj,BLR,8793,False,True,9000
361,EMP0066,Engineering,BLR,MAA,2025-12-27,2026-01-03,Air India,5984,Taj,MAA,6636,True,True,7000
362,EMP0050,Finance,MAA,BLR,2026-02-01,2026-02-15,Air India,6014,Marriott,BLR,6409,True,True,7000
363,EMP0018,Engineering,DEL,BLR,2026-01-04,2026-01-06,Akasa Air,12236,Marriott,BLR,5645,False,True,9000
364,EMP0092,Marketing,BLR,MAA,2025-11-20,2025-12-04,Air India,6720,OYO,MAA,9449,True,False,7000
365,EMP0091,Sales,BOM,DEL,2025-12-23,2025-12-31,Akasa Air,9155,Treebo,DEL,9091,False,False,8500
366,EMP0104,Sales,MAA,BLR,2025-10-27,2025-11-03,SpiceJet,5823,ITC,BLR,5318,False,True,7000
367,EMP0088,Marketing,BLR,BOM,2026-02-03,2026-02-05,Vistara,8890,ITC,BOM,4839,True,True,8000
368,EMP0087,HR,BLR,BOM,2026-01-16,2026-01-24,Air India,8109,Treebo,BOM,10091,True,False,8000
369,EMP0054,Marketing,MAA,BLR,2025-10-20,2025-10-27,Vistara,6637,ITC,BLR,7629,True,True,7000
370,EMP0117,Marketing,MAA,BLR,2025-12-15,2025-12-29,Akasa Air,7073,ITC,BLR,6409,False,True,7000
371,EMP0088,Sales,BLR,BOM,2025-11-10,2025-11-12,SpiceJet,10747,Taj,BOM,8158,False,True,8000
372,EMP0120,Engineering,BLR,DEL,2025-11-07,2025-11-09,Akasa Air,11698,Taj,DEL,6467,False,True,9000
373,EMP0074,HR,BOM,DEL,2025-10-24,2025-10-30,Akasa Air,9203,ITC,DEL,11091,False,True,8500
374,EMP0052,Sales,BOM,DEL,2025-11-14,2025-11-18,Vistara,7176,Marriott,DEL,8345,True,True,8500
375,EMP0072,Sales,BLR,DEL,2026-01-12,2026-01-14,SpiceJet,12271,ITC,DEL,4326,False,True,9000
376,EMP0042,Finance,BLR,DEL,2025-12-07,2025-12-09,Akasa Air,10050,OYO,DEL,8162,False,False,9000
377,EMP0063,Sales,BOM,DEL,2026-02-08,2026-02-12,Vistara,8063,Treebo,DEL,9751,True,False,8500
378,EMP0027,Engineering,BLR,MAA,2025-12-07,2025-12-14,Air India,7220,Treebo,MAA,9032,True,False,7000
379,EMP0096,Engineering,BLR,DEL,2025-12-16,2025-12-18,IndiGo,7570,Taj,DEL,4577,True,True,9000
380,EMP0030,Marketing,DEL,BLR,2025-12-06,2025-12-09,SpiceJet,7439,Lemon Tree,BLR,5766,False,False,9000
381,EMP0080,Sales,BLR,MAA,2025-12-27,2026-01-03,IndiGo,9428,Marriott,MAA,6468,True,True,7000
382,EMP0037,Finance,DEL,BLR,2025-12-10,2025-12-10,SpiceJet,9378,ITC,BLR,8470,False,True,9000
383,EMP0082,Engineering,BOM,DEL,2026-01-09,2026-01-15,IndiGo,9891,Treebo,DEL,10246,True,False,8500
384,EMP0011,Marketing,BLR,BOM,2026-01-18,2026-01-24,Air India,8498,Lemon Tree,BOM,5415,True,False,8000
385,EMP0107,Marketing,BLR,BOM,2025-10-31,2025-11-04,Akasa Air,8324,Taj,BOM,8496,False,True,8000
386,EMP0071,Sales,BOM,DEL,2026-01-12,2026-01-14,Vistara,8436,Taj,DEL,9671,True,True,8500
387,EMP0013,Marketing,MAA,BLR,2025-10-22,2025-10-29,Vistara,6161,Lemon Tree,BLR,10764,True,False,7000
388,EMP0104,Marketing,DEL,BLR,2025-11-11,2025-11-11,Vistara,11991,ITC,BLR,6266,True,True,9000
389,EMP0018,Marketing,DEL,BLR,2025-12-16,2025-12-19,Vistara,9898,Marriott,BLR,4671,True,True,9000
390,EMP0110,Engineering,MAA,BLR,2025-11-05,2025-11-15,IndiGo,6140,OYO,BLR,5292,True,False,7000
391,EMP0099,HR,BLR,BOM,2026-02-12,2026-02-14,Akasa Air,10271,Marriott,BOM,5217,False,True,8000
392,EMP0029,HR,BLR,MAA,2026-01-28,2026-02-07,Air India,7392,Lemon Tree,MAA,4898,True,False,7000
393,EMP0104,HR,BLR,MAA,2025-10-28,2025-11-11,Air India,5345,Lemon Tree,MAA,10343,True,False,7000
394,EMP0095,Finance,BOM,DEL,2025-10-22,2025-10-26,SpiceJet,6163,ITC,DEL,4350,False,True,8500
395,EMP0067,Marketing,DEL,BLR,2025-12-17,2025-12-20,IndiGo,9830,Taj,BLR,8271,True,True,9000
396,EMP0036,Marketing,MAA,BLR,2025-12-15,2025-12-29,Air India,6730,Lemon Tree,BLR,5355,True,False,7000
397,EMP0117,Engineering,MAA,BLR,2025-12-01,2025-12-11,Vistara,7119,Lemon Tree,BLR,5828,True,False,7000
398,EMP0010,HR,BLR,MAA,2025-11-18,2025-11-25,Air India,5340,ITC,MAA,4969,True,True,7000
399,EMP0054,Marketing,BLR,MAA,2025-10-25,2025-11-04,SpiceJet,5489,Lemon Tree,MAA,10174,False,False,7000
400,EMP0021,Engineering,BLR,MAA,2025-12-18,2025-12-25,Akasa Air,5056,ITC,MAA,5474,False,True,7000
401,EMP0052,HR,MAA,BLR,2026-01-03,2026-01-10,Vistara,5506,Taj,BLR,7861,True,True,7000
402,EMP0022,Engineering,DEL,BLR,2026-01-04,2026-01-05,Akasa Air,10707,ITC,BLR,6807,False,True,9000
403,EMP0077,HR,BLR,DEL,2025-11-16,2025-11-19,SpiceJet,6690,ITC,DEL,8131,False,True,9000
404,EMP0106,Engineering,MAA,BLR,2025-10-26,2025-11-02,SpiceJet,6579,Treebo,BLR,12928,False,False,7000
405,EMP0017,HR,MAA,BLR,2026-01-27,2026-02-03,SpiceJet,6077,Treebo,BLR,9413,False,False,7000
406,EMP0062,Finance,BOM,DEL,2026-01-02,2026-01-04,SpiceJet,9062,ITC,DEL,4686,False,True,8500
407,EMP0113,HR,DEL,BLR,2025-11-21,2025-11-22,IndiGo,9893,OYO,BLR,8274,True,False,9000
408,EMP0089,Marketing,DEL,BLR,2025-12-06,2025-12-06,Air India,10168,Lemon Tree,BLR,8734,True,False,9000
409,EMP0088,Finance,BLR,BOM,2025-12-04,2025-12-12,Air India,7389,Marriott,BOM,6512,True,True,8000
410,EMP0100,Finance,BLR,MAA,2025-10-24,2025-11-07,IndiGo,5543,OYO,MAA,5485,True,False,7000
411,EMP0101,Marketing,MAA,BLR,2025-12-24,2026-01-07,IndiGo,5989,ITC,BLR,4746,True,True,7000
412,EMP0061,HR,DEL,BLR,2025-11-01,2025-11-01,Vistara,9793,ITC,BLR,7282,True,True,9000
413,EMP0067,Marketing,BLR,MAA,2025-12-29,2026-01-05,Air India,7981,OYO,MAA,12351,True,False,7000
414,EMP0067,Engineering,MAA,BLR,2025-10-28,2025-11-11,IndiGo,6302,Marriott,BLR,6260,True,True,7000
415,EMP0046,Finance,DEL,BLR,2026-01-03,2026-01-04,Akasa Air,11606,Taj,BLR,8580,False,True,9000
416,EMP0045,Marketing,BOM,DEL,2025-11-14,2025-11-18,SpiceJet,7904,Lemon Tree,DEL,8448,False,False,8500
417,EMP0065,Marketing,BOM,DEL,2025-10-29,2025-11-04,Akasa Air,6800,Treebo,DEL,8286,False,False,8500
418,EMP0097,Marketing,DEL,BLR,2026-01-13,2026-01-16,Akasa Air,8035,Taj,BLR,7134,False,True,9000
419,EMP0029,Engineering,BOM,DEL,2025-12-06,2025-12-12,Akasa Air,5983,Treebo,DEL,6552,False,False,8500
420,EMP0096,Marketing,BLR,DEL,2025-12-29,2025-12-30,SpiceJet,10361,Marriott,DEL,5557,False,True,9000
421,EMP0026,Engineering,BLR,MAA,2025-11-10,2025-11-20,Air India,5467,ITC,MAA,8520,True,True,7000
422,EMP0118,Sales,BLR,MAA,2026-01-03,2026-01-13,Akasa Air,7039,Taj,MAA,4346,False,True,7000
423,EMP0048,HR,BOM,DEL,2025-12-17,2025-12-23,SpiceJet,9296,ITC,DEL,6295,False,True,8500
424,EMP0097,HR,BLR,BOM,2025-10-19,2025-10-27,SpiceJet,5704,Treebo,BOM,8371,False,False,8000
425,EMP0041,Sales,BLR,DEL,2026-01-14,2026-01-15,SpiceJet,8051,Treebo,DEL,6443,False,False,9000
426,EMP0061,HR,BOM,DEL,2025-12-02,2025-12-06,SpiceJet,6665,Lemon Tree,DEL,7821,False,False,8500
427,EMP0058,Engineering,MAA,BLR,2025-10-23,2025-11-06,Air India,6918,Taj,BLR,8549,True,True,7000
428,EMP0049,Engineering,BLR,BOM,2026-01-27,2026-01-31,SpiceJet,6165,Taj,BOM,8235,False,True,8000
429,EMP0041,Finance,BOM,DEL,2025-11-20,2025-11-22,SpiceJet,9277,Taj,DEL,7903,False,True,8500
430,EMP0013,Finance,BLR,MAA,2025-11-22,2025-12-02,Vistara,6468,Marriott,MAA,6111,True,True,7000
431,EMP0053,Sales,BOM,DEL,2026-02-05,2026-02-09,Akasa Air,8159,Treebo,DEL,7005,False,False,8500
432,EMP0063,Finance,BLR,DEL,2025-12-06,2025-12-08,SpiceJet,13256,OYO,DEL,7618,False,False,9000
433,EMP0052,Sales,BLR,DEL,2025-11-08,2025-11-10,Air India,8835,Marriott,DEL,7239,True,True,9000
434,EMP0057,Marketing,BLR,MAA,2025-12-21,2026-01-04,SpiceJet,5368,Lemon Tree,MAA,6120,False,False,7000
435,EMP0096,Sales,BLR,BOM,2025-11-03,2025-11-11,IndiGo,5804,Taj,BOM,12154,True,True,8000
436,EMP0068,Sales,BLR,DEL,2025-11-22,2025-11-23,IndiGo,11748,OYO,DEL,9734,True,False,9000
437,EMP0022,Sales,BLR,DEL,2026-01-11,2026-01-13,Vistara,10865,Lemon Tree,DEL,9626,True,False,9000
438,EMP0090,HR,BLR,BOM,2025-12-27,2026-01-04,Akasa Air,7275,Lemon Tree,BOM,8318,False,False,8000
439,EMP0030,Sales,DEL,BLR,2025-11-27,2025-11-29,SpiceJet,7568,Marriott,BLR,5116,False,True,9000
440,EMP0061,HR,BLR,DEL,2026-01-14,2026-01-17,SpiceJet,6332,Marriott,DEL,6399,False,True,9000
441,EMP0102,Sales,MAA,BLR,2025-11-30,2025-12-07,SpiceJet,6123,Treebo,BLR,8979,False,False,7000
442,EMP0011,Finance,BLR,MAA,2025-11-06,2025-11-20,Akasa Air,6816,OYO,MAA,10384,False,False,7000
443,EMP0110,Sales,BLR,BOM,2025-11-01,2025-11-07,IndiGo,7057,OYO,BOM,10305,True,False,8000
444,EMP0069,Sales,BLR,BOM,2025-10-28,2025-11-03,Vistara,7888,ITC,BOM,7114,True,True,8000
445,EMP0028,Marketing,DEL,BLR,2025-11-26,2025-11-29,Vistara,9831,Lemon Tree,BLR,5283,True,False,9000
446,EMP0010,HR,DEL,BLR,2025-11-12,2025-11-13,Vistara,10549,Lemon Tree,BLR,6736,True,False,9000
447,EMP0032,Sales,BLR,BOM,2025-12-16,2025-12-18,Akasa Air,10857,OYO,BOM,11911,False,False,8000
448,EMP0096,HR,MAA,BLR,2025-10-26,2025-11-05,SpiceJet,5736,OYO,BLR,5572,False,False,7000
449,EMP0015,Engineering,BLR,MAA,2025-12-05,2025-12-15,IndiGo,7124,ITC,MAA,7242,True,True,7000
450,EMP0002,Sales,MAA,BLR,2026-01-15,2026-01-29,SpiceJet,6569,OYO,BLR,5086,False,False,7000
451,EMP0088,HR,BOM,DEL,2026-02-15,2026-02-17,IndiGo,10668,Marriott,DEL,5030,True,True,8500
452,EMP0041,HR,BLR,MAA,2026-01-15,2026-01-25,SpiceJet,5440,OYO,MAA,8440,False,False,7000
453,EMP0006,Finance,BLR,MAA,2025-12-02,2025-12-16,Vistara,6851,Treebo,MAA,6429,True,False,7000
454,EMP0060,Marketing,MAA,BLR,2026-02-01,2026-02-15,Air India,6387,Taj,BLR,6157,True,True,7000
455,EMP0059,Sales,BLR,MAA,2025-12-14,2025-12-24,Air India,6635,Taj,MAA,5956,True,True,7000
456,EMP0009,HR,DEL,BLR,2025-11-11,2025-11-14,Akasa Air,8506,ITC,BLR,9007,False,True,9000
457,EMP0009,Sales,BLR,BOM,2025-11-10,2025-11-12,Air India,8080,Taj,BOM,7183,True,True,8000
458,EMP0068,HR,BLR,MAA,2025-12-25,2026-01-04,IndiGo,5518,Marriott,MAA,4107,True,True,7000
459,EMP0027,Finance,BLR,DEL,2025-12-19,2025-12-19,Vistara,12272,Treebo,DEL,5583,True,False,9000
460,EMP0006,Sales,BOM,DEL,2025-10-26,2025-10-30,Akasa Air,6294,Taj,DEL,9716,False,True,8500
461,EMP0032,HR,BLR,MAA,2025-10-29,2025-11-12,Akasa Air,6989,Lemon Tree,MAA,9659,False,False,7000
462,EMP0086,Finance,BLR,DEL,2025-11-10,2025-11-11,Akasa Air,10529,Lemon Tree,DEL,10098,False,False,9000
463,EMP0041,HR,BOM,DEL,2026-01-31,2026-02-06,SpiceJet,7413,OYO,DEL,9632,False,False,8500
464,EMP0049,HR,BLR,MAA,2025-11-12,2025-11-22,SpiceJet,8398,Lemon Tree,MAA,7461,False,False,7000
465,EMP0114,Marketing,BLR,DEL,2025-11-27,2025-11-28,Air India,8588,Marriott,DEL,6260,True,True,9000
466,EMP0066,HR,MAA,BLR,2026-02-02,2026-02-16,Air India,5005,Taj,BLR,5133,True,True,7000
467,EMP0114,HR,BLR,BOM,2025-11-13,2025-11-19,Vistara,7425,Taj,BOM,5781,True,True,8000
468,EMP0093,Marketing,DEL,BLR,2025-11-09,2025-11-12,Akasa Air,8442,Taj,BLR,8720,False,True,9000
469,EMP0100,Sales,BOM,DEL,2025-11-26,2025-12-04,SpiceJet,8907,Taj,DEL,8934,False,True,8500
470,EMP0082,Finance,BLR,DEL,2025-11-29,2025-11-29,Vistara,9984,Treebo,DEL,5333,True,False,9000
471,EMP0051,Finance,MAA,BLR,2025-12-19,2026-01-02,IndiGo,6109,ITC,BLR,6383,True,True,7000
472,EMP0074,Sales,MAA,BLR,2025-12-01,2025-12-11,IndiGo,6305,Lemon Tree,BLR,6226,True,False,7000
473,EMP0026,Finance,DEL,BLR,2026-01-11,2026-01-12,Akasa Air,12433,Treebo,BLR,7621,False,False,9000
474,EMP0119,HR,BLR,DEL,2025-11-01,2025-11-04,SpiceJet,7553,Marriott,DEL,8865,False,True,9000
475,EMP0099,Marketing,BLR,BOM,2025-11-26,2025-12-04,Akasa Air,7009,ITC,BOM,7757,False,True,8000
476,EMP0097,Sales,BLR,DEL,2026-01-23,2026-01-23,Air India,13111,Treebo,DEL,4535,True,False,9000
477,EMP0040,Finance,DEL,BLR,2025-10-21,2025-10-23,Air India,9564,OYO,BLR,7125,True,False,9000
478,EMP0019,Sales,DEL,BLR,2026-01-03,2026-01-03,Vistara,7560,ITC,BLR,8688,True,True,9000
479,EMP0002,Sales,DEL,BLR,2026-01-11,2026-01-13,Vistara,8662,Taj,BLR,5893,True,True,9000
480,EMP0066,Sales,BOM,DEL,2025-12-20,2025-12-22,Air India,9468,ITC,DEL,6166,True,True,8500
481,EMP0040,Marketing,DEL,BLR,2025-12-09,2025-12-10,IndiGo,10574,Marriott,BLR,8106,True,True,9000
482,EMP0008,Marketing,DEL,BLR,2026-02-11,2026-02-11,Akasa Air,8552,Marriott,BLR,6736,False,True,9000
483,EMP0087,HR,BLR,MAA,2026-01-09,2026-01-16,SpiceJet,6504,ITC,MAA,6559,False,True,7000
484,EMP0043,Finance,MAA,BLR,2025-10-30,2025-11-06,Air India,6415,Treebo,BLR,5606,True,False,7000
485,EMP0068,Engineering,DEL,BLR,2026-02-13,2026-02-14,Akasa Air,9431,ITC,BLR,7214,False,True,9000
486,EMP0019,Sales,BOM,DEL,2026-02-02,2026-02-10,SpiceJet,7456,Marriott,DEL,7842,False,True,8500
487,EMP0017,Engineering,BLR,DEL,2026-01-24,2026-01-26,Akasa Air,10876,Treebo,DEL,4667,False,False,9000
488,EMP0062,Engineering,MAA,BLR,2026-01-23,2026-02-06,SpiceJet,6718,OYO,BLR,10355,False,False,7000
489,EMP0005,Finance,BLR,DEL,2026-02-14,2026-02-16,SpiceJet,12529,ITC,DEL,6749,False,True,9000
490,EMP0057,HR,DEL,BLR,2026-01-15,2026-01-17,SpiceJet,10448,ITC,BLR,7116,False,True,9000
491,EMP0051,HR,BLR,MAA,2025-12-19,2026-01-02,Akasa Air,6695,Treebo,MAA,4988,False,False,7000
492,EMP0106,Sales,BLR,BOM,2025-12-18,2025-12-26,IndiGo,6839,Treebo,BOM,4653,True,False,8000
493,EMP0114,Marketing,BOM,DEL,2025-12-15,2025-12-19,SpiceJet,9668,Marriott,DEL,5165,False,True,8500
494,EMP0083,Finance,BLR,DEL,2026-01-21,2026-01-21,Air India,14978,Treebo,DEL,7750,True,False,9000
495,EMP0115,Engineering,DEL,BLR,2025-10-30,2025-11-01,Vistara,11341,OYO,BLR,5149,True,False,9000
496,EMP0082,Marketing,BLR,DEL,2025-12-24,2025-12-27,Akasa Air,9719,Treebo,DEL,9377,False,False,9000
497,EMP0112,Engineering,BLR,BOM,2026-02-05,2026-02-09,Air India,5764,OYO,BOM,12224,True,False,8000
498,EMP0026,Sales,MAA,BLR,2026-01-16,2026-01-26,IndiGo,6293,Lemon Tree,BLR,4785,True,False,7000
499,EMP0028,HR,BLR,MAA,2025-12-10,2025-12-20,SpiceJet,5122,Lemon Tree,MAA,7592,False,False,7000
500,EMP0081,HR,BLR,BOM,2025-10-23,2025-10-27,Air India,9772,Taj,BOM,8735,True,True,8000
501,EMP0039,Marketing,BLR,DEL,2025-10-27,2025-10-27,SpiceJet,8155,ITC,DEL,8873,False,True,9000
502,EMP0072,Engineering,DEL,BLR,2026-01-22,2026-01-24,IndiGo,10851,Taj,BLR,4554,True,True,9000
503,EMP0108,HR,BLR,DEL,2025-11-24,2025-11-27,Air India,8800,Taj,DEL,8317,True,True,9000
504,EMP0027,Engineering,MAA,BLR,2025-10-21,2025-10-28,Akasa Air,7642,OYO,BLR,5402,False,False,7000
505,EMP0120,Marketing,DEL,BLR,2026-01-04,2026-01-06,Vistara,10772,Treebo,BLR,9891,True,False,9000
506,EMP0064,Finance,BLR,BOM,2026-02-07,2026-02-11,Vistara,6866,ITC,BOM,4966,True,True,8000
507,EMP0027,HR,DEL,BLR,2025-12-12,2025-12-12,Vistara,12246,Marriott,BLR,6307,True,True,9000
508,EMP0009,Marketing,BOM,DEL,2025-12-18,2025-12-24,IndiGo,8281,Taj,DEL,8660,True,True,8500
509,EMP0004,Engineering,BLR,BOM,2025-11-26,2025-12-02,SpiceJet,8151,Lemon Tree,BOM,8314,False,False,8000
510,EMP0111,HR,BOM,DEL,2025-12-11,2025-12-19,IndiGo,6967,Treebo,DEL,10547,True,False,8500
511,EMP0043,Marketing,BLR,DEL,2025-11-07,2025-11-09,IndiGo,12674,Marriott,DEL,8677,True,True,9000
512,EMP0024,HR,BLR,DEL,2026-02-06,2026-02-08,Vistara,7851,OYO,DEL,6608,True,False,9000
513,EMP0039,Engineering,MAA,BLR,2025-11-21,2025-11-28,IndiGo,7097,Marriott,BLR,4758,True,True,7000
514,EMP0004,Finance,MAA,BLR,2025-11-02,2025-11-09,Vistara,6950,Lemon Tree,BLR,6968,True,False,7000
515,EMP0106,HR,BLR,MAA,2025-10-30,2025-11-06,IndiGo,5985,Lemon Tree,MAA,4954,True,False,7000
516,EMP0088,HR,BLR,DEL,2025-11-29,2025-12-02,IndiGo,8174,Taj,DEL,9363,True,True,9000
517,EMP0082,Engineering,BOM,DEL,2025-11-11,2025-11-15,Vistara,7759,Marriott,DEL,4963,True,True,8500
518,EMP0021,Marketing,BLR,DEL,2025-10-22,2025-10-22,Air India,11217,Treebo,DEL,9582,True,False,9000
519,EMP0115,Marketing,MAA,BLR,2025-12-09,2025-12-16,Air India,6218,Taj,BLR,4867,True,True,7000
520,EMP0012,Finance,DEL,BLR,2025-11-09,2025-11-12,Akasa Air,7424,Marriott,BLR,12361,False,True,9000
521,EMP0098,Finance,MAA,BLR,2025-10-30,2025-11-06,SpiceJet,6175,Taj,BLR,7812,False,True,7000
522,EMP0029,Engineering,MAA,BLR,2025-11-13,2025-11-23,SpiceJet,6858,ITC,BLR,6660,False,True,7000
523,EMP0004,Sales,DEL,BLR,2025-11-02,2025-11-04,SpiceJet,11070,Lemon Tree,BLR,13064,False,False,9000
524,EMP0102,Sales,BOM,DEL,2025-12-29,2025-12-31,Vistara,9600,Treebo,DEL,6981,True,False,8500
525,EMP0050,Sales,BOM,DEL,2025-11-08,2025-11-16,SpiceJet,8626,Treebo,DEL,6242,False,False,8500
526,EMP0095,HR,DEL,BLR,2025-11-01,2025-11-04,Vistara,6651,Treebo,BLR,10346,True,False,9000
527,EMP0105,HR,DEL,BLR,2025-11-28,2025-12-01,IndiGo,8614,Taj,BLR,4001,True,True,9000
528,EMP0085,Engineering,DEL,BLR,2025-12-26,2025-12-28,SpiceJet,9710,Treebo,BLR,7185,False,False,9000
529,EMP0087,Marketing,DEL,BLR,2026-01-18,2026-01-20,IndiGo,8835,Treebo,BLR,9313,True,False,9000
530,EMP0007,Sales,BLR,MAA,2025-12-21,2025-12-31,IndiGo,7323,Marriott,MAA,8834,True,True,7000
531,EMP0041,Finance,DEL,BLR,2025-12-05,2025-12-08,Akasa Air,8684,ITC,BLR,5541,False,True,9000
532,EMP0108,Marketing,DEL,BLR,2025-11-07,2025-11-09,Air India,10483,ITC,BLR,7577,True,True,9000
533,EMP0018,Sales,BLR,BOM,2026-01-03,2026-01-11,SpiceJet,7534,OYO,BOM,6217,False,False,8000
534,EMP0105,Finance,DEL,BLR,2025-12-04,2025-12-05,Air India,10793,Lemon Tree,BLR,7207,True,False,9000
535,EMP0119,HR,MAA,BLR,2025-11-29,2025-12-06,IndiGo,6253,Treebo,BLR,10017,True,False,7000
536,EMP0019,HR,BOM,DEL,2025-12-17,2025-12-19,Akasa Air,7761,Treebo,DEL,5591,False,False,8500
537,EMP0075,Marketing,MAA,BLR,2025-10-17,2025-10-27,Akasa Air,6212,Taj,BLR,7843,False,True,7000
538,EMP0043,Finance,BOM,DEL,2026-01-25,2026-01-31,Vistara,6070,ITC,DEL,6490,True,True,8500
539,EMP0073,Marketing,BLR,DEL,2026-01-06,2026-01-09,Akasa Air,8362,ITC,DEL,6390,False,True,9000
540,EMP0080,Sales,BOM,DEL,2025-12-20,2025-12-22,Air India,8292,Treebo,DEL,6821,True,False,8500
541,EMP0095,Sales,MAA,BLR,2025-10-29,2025-11-12,Air India,6150,OYO,BLR,7581,True,False,7000
542,EMP0024,HR,BLR,DEL,2025-12-03,2025-12-03,Air India,11075,Treebo,DEL,9088,True,False,9000
543,EMP0057,Engineering,BLR,BOM,2025-12-27,2026-01-02,IndiGo,6446,OYO,BOM,4652,True,False,8000
544,EMP0039,Finance,BLR,MAA,2026-01-11,2026-01-25,Air India,6813,Lemon Tree,MAA,6418,True,False,7000
545,EMP0002,Marketing,DEL,BLR,2025-12-06,2025-12-08,Akasa Air,10999,OYO,BLR,8876,False,False,9000
546,EMP0118,Marketing,BOM,DEL,2025-11-18,2025-11-24,IndiGo,8174,Marriott,DEL,5980,True,True,8500
547,EMP0076,Engineering,MAA,BLR,2025-11-19,2025-12-03,Air India,6433,Marriott,BLR,5600,True,True,7000
548,EMP0014,Finance,BOM,DEL,2025-11-12,2025-11-18,Vistara,6065,ITC,DEL,4465,True,True,8500
549,EMP0085,Engineering,MAA,BLR,2026-01-03,2026-01-10,IndiGo,8985,Taj,BLR,8637,True,True,7000
550,EMP0024,Sales,BLR,MAA,2025-11-03,2025-11-13,Vistara,8036,Lemon Tree,MAA,7709,True,False,7000
551,EMP0086,Marketing,BOM,DEL,2025-11-08,2025-11-10,Vistara,11233,Taj,DEL,7530,True,True,8500
552,EMP0119,Engineering,MAA,BLR,2025-12-03,2025-12-10,SpiceJet,5302,Taj,BLR,5789,False,True,7000
553,EMP0014,Finance,BLR,MAA,2025-11-16,2025-11-23,IndiGo,5097,Taj,MAA,10324,True,True,7000
554,EMP0084,Sales,BLR,DEL,2026-01-11,2026-01-14,Vistara,8820,ITC,DEL,12296,True,True,9000
555,EMP0099,Finance,DEL,BLR,2025-12-12,2025-12-15,IndiGo,7113,Treebo,BLR,8238,True,False,9000
556,EMP0046,Marketing,BLR,MAA,2025-11-18,2025-11-28,IndiGo,7691,OYO,MAA,8113,True,False,7000
557,EMP0011,Finance,BOM,DEL,2026-01-07,2026-01-11,Air India,6083,Treebo,DEL,6062,True,False,8500
558,EMP0014,Marketing,DEL,BLR,2025-10-28,2025-10-31,Air India,8352,ITC,BLR,5953,True,True,9000
559,EMP0009,HR,BLR,MAA,2025-11-19,2025-11-29,Akasa Air,8883,Lemon Tree,MAA,10334,False,False,7000
560,EMP0104,HR,DEL,BLR,2026-02-17,2026-02-18,Akasa Air,13167,ITC,BLR,7860,False,True,9000
561,EMP0080,Sales,BLR,BOM,2026-01-14,2026-01-18,IndiGo,7624,ITC,BOM,4797,True,True,8000
562,EMP0022,HR,BLR,DEL,2026-02-02,2026-02-02,IndiGo,12369,Lemon Tree,DEL,8409,True,False,9000
563,EMP0087,Finance,BOM,DEL,2025-11-01,2025-11-05,Vistara,8548,ITC,DEL,8652,True,True,8500
564,EMP0097,Finance,BLR,BOM,2026-01-12,2026-01-18,Akasa Air,7003,ITC,BOM,6227,False,True,8000
565,EMP0081,HR,DEL,BLR,2026-01-27,2026-01-28,IndiGo,7263,Lemon Tree,BLR,11221,True,False,9000
566,EMP0104,Finance,BLR,MAA,2025-10-30,2025-11-06,Air India,5658,OYO,MAA,7636,True,False,7000
567,EMP0005,HR,BLR,BOM,2026-01-12,2026-01-20,Akasa Air,7607,Taj,BOM,6849,False,True,8000
568,EMP0072,Engineering,BLR,BOM,2025-11-03,2025-11-05,Akasa Air,11671,Marriott,BOM,7802,False,True,8000
569,EMP0085,Engineering,BOM,DEL,2025-10-23,2025-10-27,IndiGo,8279,ITC,DEL,7886,True,True,8500
570,EMP0021,Sales,BLR,DEL,2026-01-09,2026-01-11,Vistara,9440,ITC,DEL,10967,True,True,9000
571,EMP0119,HR,BLR,BOM,2025-11-08,2025-11-10,SpiceJet,8172,Treebo,BOM,10395,False,False,8000
572,EMP0096,Marketing,BLR,BOM,2026-01-26,2026-01-28,Vistara,7814,ITC,BOM,7076,True,True,8000
573,EMP0010,Finance,MAA,BLR,2025-12-15,2025-12-22,SpiceJet,5505,ITC,BLR,5458,False,True,7000
574,EMP0018,Finance,BLR,MAA,2025-10-31,2025-11-14,Vistara,6769,Marriott,MAA,4488,True,True,7000
575,EMP0015,Finance,DEL,BLR,2025-12-12,2025-12-13,Vistara,12158,ITC,BLR,5392,True,True,9000
576,EMP0071,Engineering,BLR,DEL,2025-12-09,2025-12-12,Air India,8004,Treebo,DEL,5019,True,False,9000
577,EMP0032,Engineering,BOM,DEL,2025-12-11,2025-12-15,Akasa Air,9056,ITC,DEL,7422,False,True,8500
578,EMP0006,Finance,BLR,MAA,2026-01-13,2026-01-27,IndiGo,6387,Lemon Tree,MAA,5453,True,False,7000
579,EMP0072,Sales,BLR,MAA,2026-01-12,2026-01-22,Air India,5903,ITC,MAA,6643,True,True,7000
580,EMP0021,Finance,MAA,BLR,2026-01-10,2026-01-24,IndiGo,7690,Lemon Tree,BLR,6821,True,False,7000
581,EMP0060,Sales,BLR,MAA,2025-10-20,2025-10-30,Vistara,4991,Treebo,MAA,7510,True,False,7000
582,EMP0074,Engineering,BLR,MAA,2025-10-17,2025-10-31,Vistara,7510,OYO,MAA,11578,True,False,7000
583,EMP0080,Sales,BOM,DEL,2025-12-02,2025-12-06,Akasa Air,6177,OYO,DEL,5912,False,False,8500
584,EMP0070,Sales,BLR,MAA,2025-12-07,2025-12-21,Akasa Air,5487,OYO,MAA,6408,False,False,7000
585,EMP0065,Finance,BOM,DEL,2025-10-25,2025-10-27,Vistara,9363,Marriott,DEL,7851,True,True,8500
586,EMP0087,HR,BOM,DEL,2025-12-11,2025-12-17,IndiGo,8982,ITC,DEL,4656,True,True,8500
587,EMP0023,Marketing,BLR,DEL,2025-11-02,2025-11-03,Vistara,11002,Taj,DEL,8265,True,True,9000
588,EMP0003,Marketing,DEL,BLR,2026-01-15,2026-01-16,SpiceJet,11745,Marriott,BLR,4180,False,True,9000
589,EMP0030,HR,BLR,MAA,2025-11-22,2025-12-02,Akasa Air,6736,Marriott,MAA,7982,False,True,7000
590,EMP0090,HR,MAA,BLR,2025-12-06,2025-12-16,Vistara,5269,Treebo,BLR,6686,True,False,7000
591,EMP0048,Marketing,BLR,DEL,2025-11-06,2025-11-08,Vistara,12524,Lemon Tree,DEL,9102,True,False,9000
592,EMP0108,Engineering,BLR,BOM,2025-11-18,2025-11-20,IndiGo,9166,Marriott,BOM,5680,True,True,8000
593,EMP0005,Marketing,BOM,DEL,2025-11-02,2025-11-08,SpiceJet,9266,Treebo,DEL,6374,False,False,8500
594,EMP0064,Engineering,DEL,BLR,2026-02-14,2026-02-16,Air India,12376,Taj,BLR,6421,True,True,9000
595,EMP0038,HR,BLR,MAA,2025-10-25,2025-11-08,SpiceJet,6829,Marriott,MAA,5908,False,True,7000
596,EMP0040,Sales,DEL,BLR,2026-01-07,2026-01-08,SpiceJet,7405,Marriott,BLR,8779,False,True,9000
597,EMP0101,Marketing,BLR,BOM,2025-10-21,2025-10-23,Akasa Air,10774,Lemon Tree,BOM,7652,False,False,8000
598,EMP0078,HR,BLR,DEL,2026-02-12,2026-02-14,SpiceJet,10904,ITC,DEL,4099,False,True,9000
599,EMP0045,Marketing,DEL,BLR,2026-02-09,2026-02-09,Air India,12558,OYO,BLR,8284,True,False,9000
600,EMP0115,Finance,BLR,MAA,2026-02-02,2026-02-12,Air India,7630,Treebo,MAA,16012,True,False,7000
601,EMP0097,Finance,BLR,DEL,2025-10-18,2025-10-21,Vistara,6929,Lemon Tree,DEL,13326,True,False,9000
602,EMP0049,Marketing,MAA,BLR,2025-12-15,2025-12-22,Vistara,5750,Treebo,BLR,8321,True,False,7000
603,EMP0020,Marketing,BOM,DEL,2026-01-02,2026-01-10,IndiGo,8214,OYO,DEL,6276,True,False,8500
604,EMP0032,Sales,BLR,DEL,2026-01-24,2026-01-26,SpiceJet,10219,Taj,DEL,7572,False,True,9000
605,EMP0081,Finance,BLR,MAA,2026-01-26,2026-02-02,Vistara,8008,Treebo,MAA,8917,True,False,7000
606,EMP0113,Engineering,BOM,DEL,2025-11-08,2025-11-10,Vistara,10132,Marriott,DEL,6374,True,True,8500
607,EMP0082,Sales,MAA,BLR,2025-10-31,2025-11-14,Air India,6576,Taj,BLR,6642,True,True,7000
608,EMP0106,Marketing,BOM,DEL,2026-01-10,2026-01-16,IndiGo,7922,Treebo,DEL,4273,True,False,8500
609,EMP0100,Finance,DEL,BLR,2025-12-02,2025-12-03,IndiGo,7996,ITC,BLR,8576,True,True,9000
610,EMP0107,HR,MAA,BLR,2026-01-06,2026-01-20,IndiGo,7821,Lemon Tree,BLR,4737,True,False,7000
611,EMP0047,Engineering,DEL,BLR,2026-02-09,2026-02-11,Air India,11019,OYO,BLR,6232,True,False,9000
612,EMP0027,Engineering,BLR,DEL,2025-12-14,2025-12-14,IndiGo,13529,Taj,DEL,8206,True,True,9000
613,EMP0061,Sales,BOM,DEL,2025-10-24,2025-10-26,Vistara,8245,OYO,DEL,14615,True,False,8500
614,EMP0012,Engineering,BLR,MAA,2026-02-08,2026-02-18,Akasa Air,5886,Marriott,MAA,5981,False,True,7000
615,EMP0009,Sales,MAA,BLR,2026-01-19,2026-01-26,Akasa Air,6904,ITC,BLR,5407,False,True,7000
616,EMP0069,Sales,BLR,MAA,2025-10-26,2025-11-02,Akasa Air,6229,OYO,MAA,6243,False,False,7000
617,EMP0024,Marketing,DEL,BLR,2025-12-13,2025-12-14,Akasa Air,10318,ITC,BLR,9697,False,True,9000
618,EMP0098,Marketing,BLR,MAA,2025-11-12,2025-11-26,IndiGo,6730,Taj,MAA,8918,True,True,7000
619,EMP0088,Finance,BLR,BOM,2025-12-22,2025-12-30,Vistara,7868,Lemon Tree,BOM,10120,True,False,8000
620,EMP0002,Finance,BLR,MAA,2025-10-24,2025-11-03,SpiceJet,7611,Treebo,MAA,8799,False,False,7000
621,EMP0095,Engineering,BLR,DEL,2025-12-05,2025-12-06,Vistara,14951,ITC,DEL,8088,True,True,9000
622,EMP0092,HR,MAA,BLR,2025-11-10,2025-11-24,SpiceJet,6232,Marriott,BLR,7313,False,True,7000
623,EMP0066,Marketing,BLR,BOM,2026-01-19,2026-01-27,IndiGo,6402,Taj,BOM,7251,True,True,8000
624,EMP0107,Sales,DEL,BLR,2026-01-15,2026-01-15,Air India,10155,Lemon Tree,BLR,5881,True,False,9000
625,EMP0067,Finance,DEL,BLR,2025-11-13,2025-11-15,SpiceJet,10249,Lemon Tree,BLR,9810,False,False,9000
626,EMP0005,Finance,BLR,DEL,2025-12-06,2025-12-09,Vistara,8961,Lemon Tree,DEL,10902,True,False,9000
627,EMP0040,Finance,DEL,BLR,2026-01-26,2026-01-26,Akasa Air,10212,OYO,BLR,8968,False,False,9000
628,EMP0065,Sales,DEL,BLR,2025-11-20,2025-11-23,Akasa Air,8520,Lemon Tree,BLR,8420,False,False,9000
629,EMP0108,Marketing,BOM,DEL,2026-01-30,2026-02-01,Vistara,7559,Lemon Tree,DEL,6993,True,False,8500
630,EMP0031,Marketing,MAA,BLR,2025-10-17,2025-10-31,IndiGo,5220,Marriott,BLR,8410,True,True,7000
631,EMP0059,Finance,MAA,BLR,2025-12-15,2025-12-25,Vistara,6848,Taj,BLR,6592,True,True,7000
632,EMP0050,Marketing,MAA,BLR,2025-10-23,2025-11-02,IndiGo,6790,OYO,BLR,10094,True,False,7000
633,EMP0022,HR,BOM,DEL,2025-11-28,2025-12-06,Air India,8110,Lemon Tree,DEL,5781,True,False,8500
634,EMP0037,Marketing,BLR,DEL,2025-11-25,2025-11-28,Air India,11387,Treebo,DEL,5624,True,False,9000
635,EMP0073,HR,DEL,BLR,2025-12-13,2025-12-14,Vistara,10292,Taj,BLR,7546,True,True,9000
636,EMP0041,Engineering,DEL,BLR,2025-12-09,2025-12-11,Akasa Air,10541,Treebo,BLR,4934,False,False,9000
637,EMP0024,HR,DEL,BLR,2025-11-14,2025-11-17,Vistara,8217,OYO,BLR,9670,True,False,9000
638,EMP0008,HR,BLR,BOM,2025-11-28,2025-12-06,Air India,6081,ITC,BOM,6459,True,True,8000
639,EMP0053,Marketing,BLR,DEL,2026-01-09,2026-01-10,SpiceJet,11987,Marriott,DEL,8925,False,True,9000
640,EMP0031,Sales,BLR,BOM,2025-11-12,2025-11-14,Air India,8983,Marriott,BOM,4303,True,True,8000
641,EMP0035,Engineering,BLR,DEL,2025-11-21,2025-11-23,Akasa Air,9590,ITC,DEL,6115,False,True,9000
642,EMP0041,HR,BOM,DEL,2026-02-06,2026-02-08,SpiceJet,11244,Marriott,DEL,5151,False,True,8500
643,EMP0074,HR,BLR,DEL,2025-12-24,2025-12-26,SpiceJet,8135,Taj,DEL,6697,False,True,9000
644,EMP0095,Finance,BLR,MAA,2026-01-17,2026-01-24,SpiceJet,5303,ITC,MAA,6249,False,True,7000
645,EMP0033,HR,BLR,DEL,2025-12-20,2025-12-22,IndiGo,10268,Marriott,DEL,6275,True,True,9000
646,EMP0120,Engineering,BOM,DEL,2025-12-14,2025-12-20,Vistara,8144,Taj,DEL,4285,True,True,8500
647,EMP0085,Sales,BLR,MAA,2026-02-01,2026-02-15,Air India,6447,Marriott,MAA,6972,True,True,7000
648,EMP0088,Sales,MAA,BLR,2026-02-01,2026-02-08,SpiceJet,4922,Lemon Tree,BLR,6642,False,False,7000
649,EMP0097,Engineering,BOM,DEL,2025-11-12,2025-11-16,SpiceJet,7028,OYO,DEL,9063,False,False,8500
650,EMP0011,Finance,DEL,BLR,2026-01-20,2026-01-23,Vistara,7820,OYO,BLR,6014,True,False,9000
651,EMP0065,Sales,BOM,DEL,2025-12-07,2025-12-13,SpiceJet,7422,OYO,DEL,12466,False,False,8500
652,EMP0081,Marketing,BOM,DEL,2025-12-31,2026-01-02,IndiGo,8933,ITC,DEL,5065,True,True,8500
653,EMP0088,Finance,BOM,DEL,2025-12-09,2025-12-17,Air India,6539,Marriott,DEL,6683,True,True,8500
654,EMP0026,Sales,DEL,BLR,2025-12-06,2025-12-07,SpiceJet,13244,Lemon Tree,BLR,5347,False,False,9000
655,EMP0081,Engineering,BLR,DEL,2025-12-18,2025-12-19,Vistara,10443,OYO,DEL,12597,True,False,9000
656,EMP0073,Sales,BLR,DEL,2026-01-17,2026-01-20,SpiceJet,8078,OYO,DEL,5987,False,False,9000
657,EMP0101,Marketing,BOM,DEL,2026-01-16,2026-01-24,SpiceJet,7416,ITC,DEL,5765,False,True,8500
658,EMP0037,Engineering,DEL,BLR,2025-11-10,2025-11-13,Air India,7344,Taj,BLR,7694,True,True,9000
659,EMP0048,HR,BLR,MAA,2026-01-01,2026-01-11,IndiGo,6212,Taj,MAA,7256,True,True,7000
660,EMP0092,Finance,BLR,MAA,2025-11-30,2025-12-14,Akasa Air,5104,Marriott,MAA,4426,False,True,7000
661,EMP0031,Finance,BOM,DEL,2026-01-04,2026-01-06,IndiGo,9308,Marriott,DEL,10329,True,True,8500
662,EMP0006,HR,BLR,BOM,2025-11-19,2025-11-23,Akasa Air,8577,Lemon Tree,BOM,5216,False,False,8000
663,EMP0056,Engineering,BOM,DEL,2025-10-29,2025-11-04,IndiGo,7647,ITC,DEL,6301,True,True,8500
664,EMP0119,Finance,BOM,DEL,2026-02-07,2026-02-13,Akasa Air,7707,Marriott,DEL,5351,False,True,8500
665,EMP0063,Engineering,MAA,BLR,2026-01-24,2026-02-07,SpiceJet,6170,Taj,BLR,7852,False,True,7000
666,EMP0091,Finance,DEL,BLR,2025-11-01,2025-11-04,IndiGo,7583,Lemon Tree,BLR,12841,True,False,9000
667,EMP0019,Sales,BOM,DEL,2025-10-28,2025-11-01,Vistara,8788,ITC,DEL,6234,True,True,8500
668,EMP0085,HR,BLR,BOM,2026-01-01,2026-01-03,Akasa Air,8501,Treebo,BOM,9720,False,False,8000
669,EMP0004,Marketing,BLR,MAA,2026-01-09,2026-01-16,SpiceJet,6552,Marriott,MAA,8141,False,True,7000
670,EMP0107,Finance,DEL,BLR,2026-01-07,2026-01-09,Akasa Air,8791,OYO,BLR,8462,False,False,9000
671,EMP0094,HR,BLR,BOM,2025-11-15,2025-11-17,Vistara,10788,Marriott,BOM,8933,True,True,8000
672,EMP0052,Marketing,BLR,BOM,2025-11-12,2025-11-20,IndiGo,8327,Taj,BOM,7296,True,True,8000
673,EMP0097,Engineering,BLR,DEL,2025-11-25,2025-11-28,SpiceJet,9202,OYO,DEL,9295,False,False,9000
674,EMP0107,Marketing,MAA,BLR,2025-11-05,2025-11-15,SpiceJet,6234,Lemon Tree,BLR,7667,False,False,7000
675,EMP0048,HR,BLR,BOM,2025-12-07,2025-12-15,IndiGo,7242,Taj,BOM,5836,True,True,8000
676,EMP0092,Engineering,DEL,BLR,2025-12-27,2025-12-27,Vistara,10805,Lemon Tree,BLR,6757,True,False,9000
677,EMP0039,Engineering,MAA,BLR,2025-12-04,2025-12-14,Akasa Air,6442,Taj,BLR,10891,False,True,7000
678,EMP0013,Finance,BLR,MAA,2026-01-07,2026-01-21,Vistara,6740,Marriott,MAA,4933,True,True,7000
679,EMP0060,Engineering,BLR,BOM,2026-01-28,2026-02-05,IndiGo,6932,Taj,BOM,6571,True,True,8000
680,EMP0059,Finance,MAA,BLR,2026-01-22,2026-02-01,Vistara,7118,ITC,BLR,6124,True,True,7000
681,EMP0014,Finance,MAA,BLR,2025-10-16,2025-10-23,SpiceJet,4937,Taj,BLR,7769,False,True,7000
682,EMP0112,HR,BLR,MAA,2025-12-12,2025-12-22,Akasa Air,5910,Treebo,MAA,11141,False,False,7000
683,EMP0025,Sales,BLR,DEL,2026-01-17,2026-01-18,IndiGo,9184,ITC,DEL,10853,True,True,9000
684,EMP0060,Engineering,DEL,BLR,2025-12-14,2025-12-14,IndiGo,12619,ITC,BLR,7973,True,True,9000
685,EMP0111,Finance,MAA,BLR,2025-11-14,2025-11-21,Vistara,7222,Treebo,BLR,6749,True,False,7000
686,EMP0092,Finance,DEL,BLR,2026-02-03,2026-02-06,Akasa Air,8931,Treebo,BLR,4932,False,False,9000
687,EMP0076,HR,BLR,MAA,2026-02-03,2026-02-13,Air India,6161,OYO,MAA,8694,True,False,7000
688,EMP0054,Finance,BLR,DEL,2025-12-21,2025-12-23,SpiceJet,9038,OYO,DEL,8653,False,False,9000
689,EMP0029,HR,BLR,MAA,2025-11-19,2025-12-03,SpiceJet,7372,ITC,MAA,7197,False,True,7000
690,EMP0107,Marketing,DEL,BLR,2026-01-30,2026-01-31,Akasa Air,9693,ITC,BLR,6305,False,True,9000
691,EMP0063,Sales,DEL,BLR,2026-02-15,2026-02-18,Vistara,7784,ITC,BLR,6136,True,True,9000
692,EMP0021,Engineering,MAA,BLR,2025-10-18,2025-10-25,Vistara,5219,Lemon Tree,BLR,9181,True,False,7000
693,EMP0044,Marketing,BLR,DEL,2026-01-25,2026-01-27,Air India,13434,OYO,DEL,9404,True,False,9000
694,EMP0097,Sales,BLR,DEL,2026-01-29,2026-01-29,Akasa Air,10664,Taj,DEL,8964,False,True,9000
695,EMP0057,HR,DEL,BLR,2026-01-22,2026-01-22,Air India,11677,OYO,BLR,13219,True,False,9000
696,EMP0061,Marketing,BOM,DEL,2025-12-20,2025-12-24,IndiGo,7216,Marriott,DEL,6954,True,True,8500
697,EMP0032,Engineering,MAA,BLR,2025-12-06,2025-12-13,Air India,6057,Lemon Tree,BLR,9973,True,False,7000
698,EMP0088,Marketing,BLR,DEL,2025-12-15,2025-12-16,IndiGo,14802,OYO,DEL,6042,True,False,9000
699,EMP0005,Engineering,MAA,BLR,2025-10-14,2025-10-28,Akasa Air,6074,Marriott,BLR,8535,False,True,7000
700,EMP0093,Marketing,BOM,DEL,2025-10-16,2025-10-22,Akasa Air,9079,Treebo,DEL,9133,False,False,8500
701,EMP0080,HR,BLR,MAA,2025-12-02,2025-12-16,Vistara,6032,OYO,MAA,6633,True,False,7000
702,EMP0050,Engineering,MAA,BLR,2025-12-19,2025-12-29,Air India,6332,Taj,BLR,6791,True,True,7000
703,EMP0021,Sales,BLR,DEL,2026-02-09,2026-02-11,Air India,13840,Marriott,DEL,7055,True,True,9000
704,EMP0065,Marketing,BLR,DEL,2025-10-27,2025-10-27,SpiceJet,9209,Marriott,DEL,5934,False,True,9000
705,EMP0075,HR,BLR,MAA,2026-01-29,2026-02-12,Akasa Air,5554,Treebo,MAA,10445,False,False,7000
706,EMP0067,Engineering,BLR,DEL,2025-11-30,2025-12-01,Vistara,8738,Lemon Tree,DEL,4800,True,False,9000
707,EMP0017,Finance,BLR,BOM,2025-12-15,2025-12-17,Vistara,9297,OYO,BOM,9126,True,False,8000
708,EMP0082,Finance,DEL,BLR,2026-01-14,2026-01-17,SpiceJet,8471,ITC,BLR,5059,False,True,9000
709,EMP0066,HR,BLR,DEL,2026-01-16,2026-01-17,SpiceJet,7361,Lemon Tree,DEL,5869,False,False,9000
710,EMP0016,Marketing,MAA,BLR,2025-11-20,2025-11-27,Akasa Air,5229,ITC,BLR,7067,False,True,7000
711,EMP0063,Sales,BLR,BOM,2025-10-31,2025-11-08,IndiGo,8444,Marriott,BOM,10919,True,True,8000
712,EMP0009,Sales,DEL,BLR,2025-12-19,2025-12-21,Akasa Air,12731,Lemon Tree,BLR,12960,False,False,9000
713,EMP0098,Finance,BLR,MAA,2025-12-10,2025-12-17,Vistara,7139,Taj,MAA,7355,True,True,7000
714,EMP0116,Finance,BOM,DEL,2025-12-27,2025-12-29,SpiceJet,7765,OYO,DEL,4924,False,False,8500
715,EMP0091,Marketing,MAA,BLR,2026-01-04,2026-01-11,Akasa Air,5438,Taj,BLR,8725,False,True,7000
716,EMP0073,HR,BLR,BOM,2026-01-17,2026-01-25,Akasa Air,5984,Taj,BOM,5472,False,True,8000
717,EMP0036,Engineering,BLR,BOM,2026-01-27,2026-02-04,IndiGo,7541,Treebo,BOM,5012,True,False,8000
718,EMP0044,Finance,BLR,BOM,2025-12-11,2025-12-13,Akasa Air,7690,Marriott,BOM,10490,False,True,8000
719,EMP0033,Sales,BLR,BOM,2025-11-21,2025-11-29,Air India,7566,Taj,BOM,4222,True,True,8000
720,EMP0039,Finance,BLR,DEL,2025-11-29,2025-11-30,SpiceJet,9993,Marriott,DEL,4424,False,True,9000
721,EMP0097,HR,MAA,BLR,2025-11-10,2025-11-20,Akasa Air,6648,Treebo,BLR,11001,False,False,7000
722,EMP0082,Engineering,BLR,DEL,2025-11-24,2025-11-24,Air India,9835,Treebo,DEL,7845,True,False,9000
723,EMP0027,Engineering,BOM,DEL,2025-12-25,2025-12-29,Air India,9188,Treebo,DEL,12999,True,False,8500
724,EMP0107,HR,BOM,DEL,2026-01-08,2026-01-12,IndiGo,9123,Taj,DEL,8897,True,True,8500
725,EMP0088,Finance,BOM,DEL,2026-02-01,2026-02-05,Akasa Air,6906,Treebo,DEL,9789,False,False,8500
726,EMP0051,Sales,BLR,BOM,2026-01-15,2026-01-21,SpiceJet,7553,ITC,BOM,6607,False,True,8000
727,EMP0044,Marketing,BLR,MAA,2025-12-07,2025-12-17,Air India,7652,OYO,MAA,10000,True,False,7000
728,EMP0117,Engineering,BLR,MAA,2026-02-09,2026-02-16,Akasa Air,5573,Lemon Tree,MAA,10850,False,False,7000
729,EMP0098,Finance,MAA,BLR,2025-10-17,2025-10-31,IndiGo,4986,Treebo,BLR,9187,True,False,7000
730,EMP0105,Finance,MAA,BLR,2025-11-25,2025-12-05,Air India,8987,OYO,BLR,6324,True,False,7000
731,EMP0003,Marketing,BLR,MAA,2026-02-01,2026-02-15,Vistara,5151,ITC,MAA,6483,True,True,7000
732,EMP0029,Engineering,DEL,BLR,2025-12-06,2025-12-06,Vistara,12538,Lemon Tree,BLR,7261,True,False,9000
733,EMP0015,Marketing,MAA,BLR,2025-12-14,2025-12-24,Air India,5442,Treebo,BLR,12947,True,False,7000
734,EMP0009,Engineering,BOM,DEL,2026-02-13,2026-02-17,Akasa Air,8609,OYO,DEL,5435,False,False,8500
735,EMP0069,HR,BOM,DEL,2026-01-08,2026-01-16,IndiGo,8129,Lemon Tree,DEL,5557,True,False,8500
736,EMP0109,Finance,BOM,DEL,2025-10-28,2025-11-05,SpiceJet,9591,Marriott,DEL,4384,False,True,8500
737,EMP0054,HR,DEL,BLR,2025-11-30,2025-11-30,SpiceJet,10236,ITC,BLR,5848,False,True,9000
738,EMP0055,Sales,BLR,BOM,2025-11-11,2025-11-15,Vistara,5801,Marriott,BOM,4228,True,True,8000
739,EMP0104,Sales,MAA,BLR,2026-01-17,2026-01-31,Vistara,5592,Marriott,BLR,6791,True,True,7000
740,EMP0106,Marketing,MAA,BLR,2026-01-23,2026-01-30,IndiGo,6634,Treebo,BLR,10947,True,False,7000
741,EMP0005,Finance,BOM,DEL,2026-02-09,2026-02-11,Air India,11185,Taj,DEL,10576,True,True,8500
742,EMP0072,Sales,BOM,DEL,2026-01-29,2026-02-06,SpiceJet,8048,Taj,DEL,8911,False,True,8500
743,EMP0080,Sales,DEL,BLR,2025-12-06,2025-12-09,SpiceJet,8529,Treebo,BLR,4785,False,False,9000
744,EMP0025,Sales,BLR,DEL,2025-10-22,2025-10-22,Akasa Air,10872,ITC,DEL,6911,False,True,9000
745,EMP0093,HR,DEL,BLR,2025-11-12,2025-11-13,Air India,7778,Taj,BLR,6930,True,True,9000
746,EMP0114,HR,BLR,BOM,2025-10-31,2025-11-08,Vistara,6697,Treebo,BOM,4697,True,False,8000
747,EMP0019,Sales,BLR,BOM,2025-12-22,2025-12-24,SpiceJet,7222,Marriott,BOM,4560,False,True,8000
748,EMP0086,Finance,BLR,MAA,2026-01-07,2026-01-17,Akasa Air,5827,OYO,MAA,7996,False,False,7000
749,EMP0021,Sales,DEL,BLR,2026-02-10,2026-02-10,SpiceJet,12414,ITC,BLR,7821,False,True,9000
750,EMP0031,Finance,BLR,MAA,2026-01-17,2026-01-27,SpiceJet,6020,ITC,MAA,4055,False,True,7000
751,EMP0010,Marketing,BLR,DEL,2025-12-31,2025-12-31,Air India,10167,Marriott,DEL,8399,True,True,9000
752,EMP0026,Marketing,BLR,BOM,2025-11-12,2025-11-18,Air India,8312,Marriott,BOM,8143,True,True,8000
753,EMP0117,Sales,BLR,DEL,2026-02-03,2026-02-04,SpiceJet,10352,OYO,DEL,7388,False,False,9000
754,EMP0048,Engineering,MAA,BLR,2026-01-17,2026-01-31,SpiceJet,6530,OYO,BLR,5872,False,False,7000
755,EMP0048,Marketing,MAA,BLR,2025-11-30,2025-12-14,Air India,7036,Taj,BLR,8386,True,True,7000
756,EMP0020,Marketing,BLR,BOM,2025-10-21,2025-10-27,Air India,8698,Treebo,BOM,6960,True,False,8000
757,EMP0102,HR,BLR,DEL,2025-11-08,2025-11-11,Akasa Air,8094,Marriott,DEL,6636,False,True,9000
758,EMP0068,Finance,BLR,MAA,2025-12-13,2025-12-23,Vistara,6022,Treebo,MAA,10494,True,False,7000
759,EMP0115,Engineering,DEL,BLR,2026-02-07,2026-02-08,SpiceJet,10115,ITC,BLR,7064,False,True,9000
760,EMP0011,Engineering,BLR,DEL,2025-11-24,2025-11-27,Akasa Air,8571,Marriott,DEL,6755,False,True,9000
761,EMP0060,Finance,DEL,BLR,2025-12-04,2025-12-07,Vistara,7676,Marriott,BLR,5915,True,True,9000
762,EMP0010,Marketing,BLR,DEL,2025-11-27,2025-11-27,Vistara,8507,ITC,DEL,5610,True,True,9000
763,EMP0033,Marketing,BLR,MAA,2026-01-19,2026-02-02,Vistara,6875,ITC,MAA,8449,True,True,7000
764,EMP0002,Marketing,BOM,DEL,2026-01-28,2026-02-03,SpiceJet,8744,Lemon Tree,DEL,4677,False,False,8500
765,EMP0098,Engineering,DEL,BLR,2025-11-18,2025-11-19,Air India,9113,Lemon Tree,BLR,9538,True,False,9000
766,EMP0102,Sales,BOM,DEL,2026-02-02,2026-02-06,SpiceJet,7370,OYO,DEL,12649,False,False,8500
767,EMP0040,Sales,DEL,BLR,2026-01-30,2026-02-01,Vistara,10196,ITC,BLR,8404,True,True,9000
768,EMP0076,Sales,MAA,BLR,2026-01-22,2026-01-29,Air India,7636,ITC,BLR,8654,True,True,7000
769,EMP0078,HR,MAA,BLR,2026-01-29,2026-02-08,SpiceJet,8895,ITC,BLR,10814,False,True,7000
770,EMP0058,Marketing,BLR,DEL,2025-11-11,2025-11-11,Akasa Air,8383,ITC,DEL,8146,False,True,9000
771,EMP0050,Marketing,BLR,BOM,2025-11-13,2025-11-19,Akasa Air,7054,Taj,BOM,5962,False,True,8000
772,EMP0053,Finance,BLR,BOM,2025-10-31,2025-11-04,Akasa Air,9205,Lemon Tree,BOM,5912,False,False,8000
773,EMP0056,Finance,BLR,BOM,2025-12-31,2026-01-06,Akasa Air,7207,ITC,BOM,6256,False,True,8000
774,EMP0019,Finance,BLR,DEL,2026-01-31,2026-02-03,Akasa Air,8193,ITC,DEL,8021,False,True,9000
775,EMP0074,Sales,BLR,MAA,2025-10-22,2025-11-01,SpiceJet,6860,Marriott,MAA,6436,False,True,7000
776,EMP0106,Engineering,DEL,BLR,2025-11-20,2025-11-21,Akasa Air,9547,OYO,BLR,8906,False,False,9000
777,EMP0006,Engineering,BLR,BOM,2025-11-19,2025-11-25,IndiGo,7924,OYO,BOM,9034,True,False,8000
778,EMP0016,Marketing,BLR,DEL,2026-01-25,2026-01-25,Akasa Air,8938,Marriott,DEL,4365,False,True,9000
779,EMP0010,Finance,DEL,BLR,2025-11-30,2025-12-03,Air India,6435,Lemon Tree,BLR,5620,True,False,9000
780,EMP0063,Finance,BLR,DEL,2025-10-30,2025-10-31,SpiceJet,9463,ITC,DEL,4147,False,True,9000
781,EMP0023,Marketing,BLR,DEL,2025-12-25,2025-12-28,Air India,10065,Taj,DEL,7609,True,True,9000
782,EMP0028,Sales,BLR,MAA,2025-12-21,2025-12-28,SpiceJet,5033,OYO,MAA,9875,False,False,7000
783,EMP0115,Sales,DEL,BLR,2026-01-15,2026-01-17,SpiceJet,9422,Taj,BLR,5652,False,True,9000
784,EMP0048,Engineering,BLR,BOM,2025-10-30,2025-11-01,SpiceJet,10528,Taj,BOM,4517,False,True,8000
785,EMP0113,Sales,BLR,MAA,2025-10-28,2025-11-11,Air India,7067,Taj,MAA,8604,True,True,7000
786,EMP0080,Engineering,MAA,BLR,2025-11-30,2025-12-10,IndiGo,5498,ITC,BLR,7570,True,True,7000
787,EMP0002,Finance,BLR,BOM,2025-12-14,2025-12-18,IndiGo,8208,OYO,BOM,7114,True,False,8000
788,EMP0053,Marketing,MAA,BLR,2025-12-16,2025-12-23,Akasa Air,5380,Treebo,BLR,9781,False,False,7000
789,EMP0050,Engineering,BOM,DEL,2025-11-06,2025-11-12,SpiceJet,7089,Taj,DEL,8792,False,True,8500
790,EMP0066,Engineering,MAA,BLR,2025-12-21,2026-01-04,IndiGo,4959,ITC,BLR,5016,True,True,7000
791,EMP0095,Finance,BLR,BOM,2026-01-06,2026-01-08,IndiGo,8083,ITC,BOM,5674,True,True,8000
792,EMP0031,HR,DEL,BLR,2026-01-21,2026-01-23,Air India,12513,Marriott,BLR,7398,True,True,9000
793,EMP0037,Sales,BLR,BOM,2026-01-31,2026-02-06,Vistara,8033,ITC,BOM,6034,True,True,8000
794,EMP0090,Engineering,MAA,BLR,2026-01-30,2026-02-09,Akasa Air,5413,Marriott,BLR,4529,False,True,7000
795,EMP0009,Engineering,BLR,DEL,2026-01-09,2026-01-10,Air India,8472,ITC,DEL,5674,True,True,9000
796,EMP0011,Finance,BLR,MAA,2025-12-09,2025-12-19,Air India,5453,OYO,MAA,9632,True,False,7000
797,EMP0058,Engineering,BOM,DEL,2026-01-31,2026-02-08,IndiGo,7304,Marriott,DEL,7615,True,True,8500
798,EMP0079,Finance,BLR,BOM,2026-01-25,2026-02-02,IndiGo,8927,Lemon Tree,BOM,10794,True,False,8000
799,EMP0033,Finance,DEL,BLR,2025-11-26,2025-11-29,Vistara,8323,Lemon Tree,BLR,7004,True,False,9000
800,EMP0020,Engineering,BLR,DEL,2025-10-20,2025-10-22,SpiceJet,13312,Lemon Tree,DEL,7868,False,False,9000
801,EMP0076,Sales,DEL,BLR,2026-02-11,2026-02-11,IndiGo,11091,Lemon Tree,BLR,7500,True,False,9000
802,EMP0045,HR,BLR,MAA,2025-12-08,2025-12-22,Vistara,5061,OYO,MAA,9122,True,False,7000
803,EMP0005,Marketing,BLR,MAA,2026-01-05,2026-01-19,IndiGo,8259,OYO,MAA,5604,True,False,7000
804,EMP0085,Engineering,BLR,DEL,2025-11-04,2025-11-04,SpiceJet,15781,Lemon Tree,DEL,7835,False,False,9000
805,EMP0089,Marketing,MAA,BLR,2025-12-14,2025-12-28,SpiceJet,5762,Treebo,BLR,4882,False,False,7000
806,EMP0103,Marketing,BLR,BOM,2025-11-20,2025-11-24,SpiceJet,6585,OYO,BOM,11315,False,False,8000
807,EMP0068,Finance,BLR,MAA,2025-11-12,2025-11-26,SpiceJet,5393,ITC,MAA,6398,False,True,7000
808,EMP0015,Finance,MAA,BLR,2026-01-26,2026-02-02,Air India,5065,ITC,BLR,5571,True,True,7000
809,EMP0116,Finance,DEL,BLR,2026-01-09,2026-01-09,Air India,8924,Taj,BLR,8641,True,True,9000
810,EMP0063,Sales,BLR,DEL,2025-10-26,2025-10-28,IndiGo,14121,OYO,DEL,4516,True,False,9000
811,EMP0098,Marketing,DEL,BLR,2025-12-18,2025-12-20,Akasa Air,9799,Lemon Tree,BLR,8194,False,False,9000
812,EMP0086,Finance,DEL,BLR,2026-01-07,2026-01-07,Vistara,10131,Marriott,BLR,7291,True,True,9000
813,EMP0114,Engineering,BLR,DEL,2026-01-06,2026-01-06,Akasa Air,12888,Marriott,DEL,7702,False,True,9000
814,EMP0085,Finance,MAA,BLR,2025-11-28,2025-12-12,Air India,7661,Taj,BLR,8684,True,True,7000
815,EMP0006,Marketing,BLR,MAA,2025-12-09,2025-12-16,Akasa Air,6020,Lemon Tree,MAA,5153,False,False,7000
816,EMP0120,Finance,BLR,MAA,2026-01-24,2026-02-07,IndiGo,5977,OYO,MAA,6521,True,False,7000
817,EMP0101,HR,BLR,DEL,2025-11-03,2025-11-06,IndiGo,9296,Marriott,DEL,10436,True,True,9000
818,EMP0015,Finance,BLR,MAA,2025-12-22,2025-12-29,Air India,5377,ITC,MAA,7088,True,True,7000
819,EMP0004,Engineering,BOM,DEL,2026-02-05,2026-02-13,Vistara,8395,ITC,DEL,5008,True,True,8500
820,EMP0119,HR,BLR,MAA,2026-01-11,2026-01-21,IndiGo,5831,OYO,MAA,10722,True,False,7000
821,EMP0083,Marketing,DEL,BLR,2026-02-11,2026-02-14,Akasa Air,9210,Lemon Tree,BLR,7003,False,False,9000
822,EMP0076,Engineering,BLR,MAA,2026-02-11,2026-02-18,Akasa Air,5256,Marriott,MAA,7114,False,True,7000
823,EMP0001,Marketing,BLR,DEL,2026-01-03,2026-01-04,SpiceJet,9011,Lemon Tree,DEL,5818,False,False,9000
824,EMP0029,Sales,DEL,BLR,2025-10-19,2025-10-22,Vistara,9238,ITC,BLR,5793,True,True,9000
825,EMP0059,Engineering,MAA,BLR,2025-11-19,2025-11-26,IndiGo,5796,Treebo,BLR,5422,True,False,7000
826,EMP0074,Finance,BLR,MAA,2026-01-28,2026-02-04,SpiceJet,6871,Marriott,MAA,9521,False,True,7000
827,EMP0109,Engineering,BLR,MAA,2026-01-16,2026-01-23,Air India,6936,Lemon Tree,MAA,6880,True,False,7000
828,EMP0044,Finance,BLR,MAA,2025-12-10,2025-12-20,SpiceJet,5101,Lemon Tree,MAA,11118,False,False,7000
829,EMP0051,Sales,BLR,BOM,2025-11-29,2025-12-01,Vistara,9796,Lemon Tree,BOM,10941,True,False,8000
830,EMP0096,Engineering,BLR,MAA,2026-01-05,2026-01-12,Vistara,9173,OYO,MAA,5797,True,False,7000
831,EMP0087,Engineering,BLR,DEL,2025-10-31,2025-11-02,SpiceJet,11014,ITC,DEL,6772,False,True,9000
832,EMP0020,Finance,BLR,BOM,2025-10-23,2025-10-25,Air India,9358,Lemon Tree,BOM,8721,True,False,8000
833,EMP0086,Sales,DEL,BLR,2026-02-05,2026-02-08,Vistara,8651,OYO,BLR,7181,True,False,9000
834,EMP0117,HR,BLR,BOM,2025-10-15,2025-10-23,Vistara,7985,OYO,BOM,6114,True,False,8000
835,EMP0090,Finance,BOM,DEL,2025-12-29,2026-01-02,IndiGo,6165,Marriott,DEL,12132,True,True,8500
836,EMP0003,Finance,MAA,BLR,2026-01-19,2026-02-02,Akasa Air,5079,Lemon Tree,BLR,10216,False,False,7000
837,EMP0016,Engineering,BLR,MAA,2026-02-05,2026-02-12,Air India,8143,Treebo,MAA,8601,True,False,7000
838,EMP0021,Sales,MAA,BLR,2025-11-15,2025-11-22,IndiGo,6317,Taj,BLR,12630,True,True,7000
839,EMP0085,Sales,BLR,BOM,2025-11-26,2025-11-28,Akasa Air,9509,Marriott,BOM,6563,False,True,8000
840,EMP0046,HR,MAA,BLR,2025-12-18,2025-12-25,IndiGo,7195,OYO,BLR,5775,True,False,7000
841,EMP0028,Engineering,MAA,BLR,2025-12-23,2025-12-30,Akasa Air,5676,Marriott,BLR,9518,False,True,7000
842,EMP0049,Engineering,DEL,BLR,2025-12-18,2025-12-18,Vistara,10246,OYO,BLR,5442,True,False,9000
843,EMP0082,Engineering,BLR,MAA,2025-11-23,2025-12-07,Akasa Air,5359,Treebo,MAA,8553,False,False,7000
844,EMP0004,HR,BLR,BOM,2025-10-24,2025-10-30,IndiGo,5951,Treebo,BOM,7347,True,False,8000
845,EMP0100,Marketing,BLR,BOM,2026-02-05,2026-02-09,Vistara,5913,Taj,BOM,5820,True,True,8000
846,EMP0014,Sales,BLR,BOM,2025-12-21,2025-12-27,Akasa Air,5905,Lemon Tree,BOM,10942,False,False,8000
847,EMP0078,Sales,BLR,DEL,2025-11-09,2025-11-11,SpiceJet,9974,ITC,DEL,8355,False,True,9000
848,EMP0113,Finance,DEL,BLR,2026-01-03,2026-01-04,Vistara,11526,Taj,BLR,5168,True,True,9000
849,EMP0095,Marketing,BLR,DEL,2026-02-13,2026-02-15,Air India,11140,OYO,DEL,8551,True,False,9000
850,EMP0036,Finance,MAA,BLR,2026-02-04,2026-02-18,Air India,7756,Marriott,BLR,6561,True,True,7000
851,EMP0082,Sales,BLR,DEL,2026-01-21,2026-01-22,IndiGo,9420,ITC,DEL,8037,True,True,9000
852,EMP0002,Finance,BLR,MAA,2025-12-11,2025-12-25,Air India,6293,Lemon Tree,MAA,10111,True,False,7000
853,EMP0079,Engineering,BLR,MAA,2025-10-07,2025-10-21,SpiceJet,6396,OYO,MAA,13392,False,False,7000
854,EMP0022,HR,BLR,BOM,2025-11-10,2025-11-12,Vistara,10038,ITC,BOM,10592,True,True,8000
855,EMP0044,Engineering,MAA,BLR,2026-01-30,2026-02-06,Vistara,6252,Marriott,BLR,4018,True,True,7000
856,EMP0073,Finance,BLR,BOM,2026-02-10,2026-02-16,Akasa Air,8593,Taj,BOM,9612,False,True,8000
857,EMP0059,Marketing,BOM,DEL,2025-12-03,2025-12-05,IndiGo,10375,Marriott,DEL,4830,True,True,8500
858,EMP0026,Sales,MAA,BLR,2025-12-18,2025-12-25,SpiceJet,9349,Taj,BLR,6049,False,True,7000
859,EMP0051,Marketing,BOM,DEL,2025-11-28,2025-12-06,Air India,10344,Treebo,DEL,7967,True,False,8500
860,EMP0056,Sales,BOM,DEL,2026-02-07,2026-02-11,IndiGo,8193,ITC,DEL,6713,True,True,8500
861,EMP0021,Engineering,DEL,BLR,2026-01-12,2026-01-14,IndiGo,10065,Lemon Tree,BLR,5534,True,False,9000
862,EMP0113,Finance,MAA,BLR,2026-01-07,2026-01-21,SpiceJet,5750,ITC,BLR,5274,False,True,7000
863,EMP0002,Engineering,BLR,DEL,2026-01-13,2026-01-15,SpiceJet,11017,Treebo,DEL,8177,False,False,9000
864,EMP0080,Engineering,BLR,MAA,2025-12-18,2025-12-25,Air India,7046,Marriott,MAA,6026,True,True,7000
865,EMP0055,Engineering,DEL,BLR,2026-01-19,2026-01-19,Akasa Air,9717,Treebo,BLR,6756,False,False,9000
866,EMP0025,Engineering,DEL,BLR,2025-10-22,2025-10-23,IndiGo,9644,Taj,BLR,5895,True,True,9000
867,EMP0055,Finance,BLR,DEL,2025-12-22,2025-12-25,IndiGo,6696,Marriott,DEL,6875,True,True,9000
868,EMP0032,Marketing,BLR,DEL,2025-11-13,2025-11-13,IndiGo,10382,Taj,DEL,6295,True,True,9000
869,EMP0013,Finance,BLR,BOM,2025-11-14,2025-11-22,Vistara,7249,Marriott,BOM,8520,True,True,8000
870,EMP0017,Marketing,BOM,DEL,2026-01-17,2026-01-23,Akasa Air,8006,Treebo,DEL,6654,False,False,8500
871,EMP0114,Sales,BLR,BOM,2026-01-07,2026-01-09,IndiGo,11875,Treebo,BOM,6759,True,False,8000
872,EMP0010,HR,MAA,BLR,2025-11-23,2025-12-03,SpiceJet,6393,ITC,BLR,6889,False,True,7000
873,EMP0033,HR,BOM,DEL,2026-02-06,2026-02-12,SpiceJet,8388,OYO,DEL,5213,False,False,8500
874,EMP0065,Sales,BLR,BOM,2025-12-30,2026-01-05,Air India,5745,Marriott,BOM,5558,True,True,8000
875,EMP0051,Finance,BLR,MAA,2025-12-14,2025-12-28,IndiGo,6125,ITC,MAA,8607,True,True,7000
876,EMP0052,HR,BOM,DEL,2025-11-12,2025-11-16,IndiGo,7894,ITC,DEL,4072,True,True,8500
877,EMP0102,HR,DEL,BLR,2025-12-22,2025-12-24,Vistara,9956,ITC,BLR,8370,True,True,9000
878,EMP0006,Engineering,BOM,DEL,2026-02-12,2026-02-16,Vistara,8134,Taj,DEL,5720,True,True,8500
879,EMP0001,Marketing,BLR,MAA,2025-12-27,2026-01-06,Vistara,7549,Taj,MAA,6163,True,True,7000
880,EMP0053,HR,BOM,DEL,2025-11-29,2025-12-01,IndiGo,9303,Marriott,DEL,4128,True,True,8500
881,EMP0112,HR,BLR,DEL,2026-01-18,2026-01-21,Vistara,8583,OYO,DEL,8126,True,False,9000
882,EMP0075,Finance,BLR,BOM,2025-12-13,2025-12-17,SpiceJet,6074,Marriott,BOM,10121,False,True,8000
883,EMP0111,Engineering,BLR,BOM,2025-12-24,2026-01-01,Air India,6502,OYO,BOM,6792,True,False,8000
884,EMP0025,Sales,BLR,BOM,2025-10-22,2025-10-30,Air India,8509,Lemon Tree,BOM,8363,True,False,8000
885,EMP0002,HR,BLR,DEL,2025-12-05,2025-12-08,IndiGo,9275,Taj,DEL,6236,True,True,9000
886,EMP0035,Engineering,BLR,MAA,2025-12-29,2026-01-05,IndiGo,6418,Taj,MAA,4696,True,True,7000
887,EMP0062,HR,DEL,BLR,2026-02-01,2026-02-02,Vistara,9413,Marriott,BLR,6191,True,True,9000
888,EMP0016,Sales,BLR,DEL,2025-11-01,2025-11-03,IndiGo,13306,Treebo,DEL,9226,True,False,9000
889,EMP0029,Finance,BLR,MAA,2026-01-28,2026-02-11,IndiGo,6021,Lemon Tree,MAA,6984,True,False,7000
890,EMP0016,Marketing,BLR,DEL,2026-02-12,2026-02-12,Akasa Air,8739,ITC,DEL,10477,False,True,9000
891,EMP0039,HR,BOM,DEL,2025-12-02,2025-12-04,Vistara,11314,Lemon Tree,DEL,5719,True,False,8500
892,EMP0020,Engineering,BOM,DEL,2025-10-31,2025-11-08,SpiceJet,8659,OYO,DEL,4705,False,False,8500
893,EMP0094,Marketing,BLR,BOM,2025-10-26,2025-11-01,Air India,8056,ITC,BOM,8048,True,True,8000
894,EMP0089,Finance,MAA,BLR,2026-01-16,2026-01-30,Vistara,7145,ITC,BLR,6014,True,True,7000
895,EMP0071,Finance,MAA,BLR,2025-12-18,2025-12-28,Akasa Air,7199,Treebo,BLR,10637,False,False,7000
896,EMP0100,Engineering,BLR,MAA,2025-10-25,2025-11-01,Vistara,5469,Taj,MAA,6968,True,True,7000
897,EMP0018,Sales,BLR,DEL,2026-02-12,2026-02-14,Vistara,8415,ITC,DEL,7449,True,True,9000
898,EMP0106,Engineering,BLR,DEL,2026-01-23,2026-01-24,IndiGo,13858,OYO,DEL,9838,True,False,9000
899,EMP0062,HR,BLR,BOM,2025-10-20,2025-10-24,Vistara,7104,ITC,BOM,9298,True,True,8000
900,EMP0096,Engineering,BLR,MAA,2025-12-13,2025-12-27,Vistara,6052,Lemon Tree,MAA,6533,True,False,7000
901,EMP0005,HR,BLR,BOM,2025-12-20,2025-12-24,IndiGo,8264,Lemon Tree,BOM,9004,True,False,8000
902,EMP0118,HR,MAA,BLR,2025-11-15,2025-11-29,Air India,7508,Lemon Tree,BLR,5496,True,False,7000
903,EMP0017,Engineering,DEL,BLR,2026-01-08,2026-01-08,Air India,9215,Lemon Tree,BLR,5766,True,False,9000
904,EMP0041,Finance,DEL,BLR,2025-11-11,2025-11-11,Vistara,10838,OYO,BLR,6804,True,False,9000
905,EMP0070,Sales,BLR,DEL,2025-11-17,2025-11-17,Vistara,12347,ITC,DEL,8670,True,True,9000
906,EMP0073,Finance,BLR,DEL,2025-10-25,2025-10-27,IndiGo,7640,Marriott,DEL,7261,True,True,9000
907,EMP0041,Finance,BLR,MAA,2025-11-28,2025-12-05,IndiGo,6040,Marriott,MAA,4827,True,True,7000
908,EMP0100,Engineering,BLR,DEL,2026-01-01,2026-01-04,SpiceJet,10674,Treebo,DEL,7977,False,False,9000
909,EMP0092,Engineering,BLR,BOM,2026-01-28,2026-02-01,Air India,7252,Treebo,BOM,10598,True,False,8000
910,EMP0101,Engineering,BOM,DEL,2025-11-21,2025-11-27,Akasa Air,6086,Lemon Tree,DEL,7689,False,False,8500
911,EMP0078,Sales,BLR,BOM,2025-12-24,2026-01-01,IndiGo,6056,Taj,BOM,8482,True,True,8000
912,EMP0103,Sales,DEL,BLR,2025-10-30,2025-11-02,Vistara,9662,ITC,BLR,6294,True,True,9000
913,EMP0046,Sales,BLR,DEL,2025-11-09,2025-11-12,Vistara,9822,Lemon Tree,DEL,11268,True,False,9000
914,EMP0073,Finance,BLR,DEL,2025-12-04,2025-12-06,SpiceJet,15143,Lemon Tree,DEL,7305,False,False,9000
915,EMP0065,Finance,BOM,DEL,2026-02-08,2026-02-10,Akasa Air,8215,OYO,DEL,8614,False,False,8500
916,EMP0038,Finance,BLR,BOM,2025-12-24,2026-01-01,IndiGo,6842,ITC,BOM,4765,True,True,8000
917,EMP0060,HR,DEL,BLR,2025-11-03,2025-11-03,Air India,9284,OYO,BLR,7999,True,False,9000
918,EMP0041,Marketing,MAA,BLR,2025-12-15,2025-12-22,SpiceJet,6424,Taj,BLR,9921,False,True,7000
919,EMP0073,Sales,MAA,BLR,2026-01-18,2026-01-28,IndiGo,7110,Marriott,BLR,8394,True,True,7000
920,EMP0098,Finance,BOM,DEL,2025-11-18,2025-11-22,IndiGo,6185,ITC,DEL,6443,True,True,8500
921,EMP0058,Finance,MAA,BLR,2025-11-03,2025-11-17,Vistara,9251,ITC,BLR,6801,True,True,7000
922,EMP0039,Engineering,BLR,BOM,2025-11-26,2025-12-04,SpiceJet,7313,Lemon Tree,BOM,8384,False,False,8000
923,EMP0050,Sales,MAA,BLR,2026-01-15,2026-01-29,Air India,6923,Taj,BLR,5184,True,True,7000
924,EMP0106,Marketing,BLR,DEL,2025-11-06,2025-11-09,Air India,12178,Lemon Tree,DEL,7906,True,False,9000
925,EMP0058,Engineering,BLR,MAA,2025-12-03,2025-12-17,Akasa Air,5002,Taj,MAA,5537,False,True,7000
926,EMP0070,Engineering,MAA,BLR,2025-12-01,2025-12-08,Vistara,7566,ITC,BLR,8725,True,True,7000
927,EMP0048,Marketing,BLR,DEL,2025-11-26,2025-11-28,Akasa Air,11415,Taj,DEL,7361,False,True,9000
928,EMP0107,HR,DEL,BLR,2025-12-24,2025-12-26,IndiGo,9637,ITC,BLR,5332,True,True,9000
929,EMP0049,Marketing,BLR,MAA,2026-01-03,2026-01-17,SpiceJet,5693,OYO,MAA,6248,False,False,7000
930,EMP0014,Sales,BLR,MAA,2025-10-09,2025-10-23,SpiceJet,6289,Taj,MAA,11281,False,True,7000
931,EMP0075,Sales,BLR,MAA,2025-11-17,2025-11-27,Air India,7075,ITC,MAA,6619,True,True,7000
932,EMP0016,Marketing,DEL,BLR,2025-12-09,2025-12-12,IndiGo,9115,Marriott,BLR,6192,True,True,9000
933,EMP0034,Marketing,DEL,BLR,2026-01-14,2026-01-15,IndiGo,7109,Lemon Tree,BLR,10280,True,False,9000
934,EMP0043,Engineering,MAA,BLR,2025-12-08,2025-12-15,Akasa Air,5439,Lemon Tree,BLR,5485,False,False,7000
935,EMP0017,Finance,BLR,MAA,2025-11-02,2025-11-12,Vistara,5343,Treebo,MAA,5795,True,False,7000
936,EMP0101,Finance,BLR,MAA,2026-02-05,2026-02-15,Akasa Air,7556,ITC,MAA,5733,False,True,7000
937,EMP0099,HR,BLR,BOM,2025-10-22,2025-10-24,Akasa Air,7500,Lemon Tree,BOM,7321,False,False,8000
938,EMP0029,Marketing,BLR,BOM,2025-12-24,2025-12-28,SpiceJet,7709,Marriott,BOM,5177,False,True,8000
939,EMP0082,HR,BLR,DEL,2025-11-01,2025-11-04,Akasa Air,6685,Taj,DEL,7387,False,True,9000
940,EMP0047,Engineering,DEL,BLR,2025-10-30,2025-11-02,IndiGo,6564,Lemon Tree,BLR,4916,True,False,9000
941,EMP0114,Marketing,BLR,MAA,2026-02-04,2026-02-14,Air India,5736,ITC,MAA,8647,True,True,7000
942,EMP0110,Sales,BLR,DEL,2025-12-01,2025-12-03,SpiceJet,9318,Treebo,DEL,9399,False,False,9000
943,EMP0003,HR,MAA,BLR,2026-01-19,2026-01-26,Air India,5221,Marriott,BLR,8186,True,True,7000
944,EMP0089,Engineering,BOM,DEL,2025-11-17,2025-11-25,Air India,7135,Taj,DEL,6411,True,True,8500
945,EMP0104,Finance,DEL,BLR,2025-12-22,2025-12-25,Air India,6922,Marriott,BLR,6302,True,True,9000
946,EMP0014,HR,MAA,BLR,2025-11-22,2025-11-29,Air India,6265,OYO,BLR,8807,True,False,7000
947,EMP0041,HR,BLR,DEL,2026-01-03,2026-01-06,SpiceJet,8341,ITC,DEL,4526,False,True,9000
948,EMP0114,Sales,MAA,BLR,2025-11-08,2025-11-22,SpiceJet,6590,Marriott,BLR,8345,False,True,7000
949,EMP0004,Sales,BLR,BOM,2026-01-26,2026-02-01,SpiceJet,8305,ITC,BOM,9121,False,True,8000
950,EMP0002,Marketing,BLR,MAA,2025-10-08,2025-10-22,Vistara,6203,ITC,MAA,5905,True,True,7000
951,EMP0050,Marketing,MAA,BLR,2025-11-03,2025-11-17,Air India,6470,Taj,BLR,4612,True,True,7000
952,EMP0083,Finance,BLR,MAA,2026-01-15,2026-01-25,Vistara,6539,Marriott,MAA,4383,True,True,7000
953,EMP0054,Sales,BLR,DEL,2025-12-16,2025-12-17,Akasa Air,10890,Marriott,DEL,8716,False,True,9000
954,EMP0117,Finance,BOM,DEL,2025-10-29,2025-11-06,IndiGo,11148,Treebo,DEL,5211,True,False,8500
955,EMP0054,Marketing,BOM,DEL,2025-11-24,2025-11-30,SpiceJet,7841,Taj,DEL,4385,False,True,8500
956,EMP0090,Finance,DEL,BLR,2026-02-06,2026-02-06,Vistara,7785,Treebo,BLR,5297,True,False,9000
957,EMP0089,Finance,BLR,BOM,2025-11-09,2025-11-11,Air India,10275,OYO,BOM,5172,True,False,8000
958,EMP0034,Sales,BLR,DEL,2025-10-25,2025-10-27,IndiGo,9610,Marriott,DEL,6211,True,True,9000
959,EMP0119,Engineering,MAA,BLR,2025-12-11,2025-12-18,Air India,7313,Marriott,BLR,7385,True,True,7000
960,EMP0086,Sales,MAA,BLR,2025-12-20,2025-12-27,Akasa Air,6751,Lemon Tree,BLR,8175,False,False,7000
961,EMP0012,Marketing,BOM,DEL,2026-01-18,2026-01-20,Vistara,10309,Treebo,DEL,9265,True,False,8500
962,EMP0028,Sales,BLR,MAA,2025-11-07,2025-11-17,SpiceJet,6265,ITC,MAA,8837,False,True,7000
963,EMP0066,Marketing,BOM,DEL,2026-01-11,2026-01-19,Air India,8096,Treebo,DEL,9251,True,False,8500
964,EMP0066,Engineering,DEL,BLR,2025-11-14,2025-11-14,Vistara,8215,Lemon Tree,BLR,5049,True,False,9000
965,EMP0096,Sales,BLR,BOM,2025-10-15,2025-10-23,Air India,5691,Marriott,BOM,7708,True,True,8000
966,EMP0016,HR,BLR,DEL,2025-12-02,2025-12-05,Air India,7728,ITC,DEL,8630,True,True,9000
967,EMP0013,Sales,BLR,MAA,2025-11-24,2025-12-08,SpiceJet,5723,ITC,MAA,8866,False,True,7000
968,EMP0078,Finance,MAA,BLR,2025-12-08,2025-12-15,IndiGo,6285,OYO,BLR,5032,True,False,7000
969,EMP0069,Sales,BOM,DEL,2025-11-10,2025-11-18,SpiceJet,6294,Lemon Tree,DEL,8975,False,False,8500
970,EMP0082,Marketing,BLR,MAA,2025-12-26,2026-01-05,IndiGo,5418,Taj,MAA,7905,True,True,7000
971,EMP0110,Engineering,BLR,BOM,2025-11-28,2025-11-30,Air India,8239,ITC,BOM,7887,True,True,8000
972,EMP0003,Engineering,BOM,DEL,2026-02-08,2026-02-10,Air India,9413,OYO,DEL,9259,True,False,8500
973,EMP0032,Finance,BLR,DEL,2025-10-26,2025-10-26,Akasa Air,13324,OYO,DEL,6586,False,False,9000
974,EMP0013,Marketing,BLR,MAA,2025-11-22,2025-12-02,SpiceJet,5882,OYO,MAA,8592,False,False,7000
975,EMP0106,Marketing,BOM,DEL,2026-01-13,2026-01-19,Akasa Air,8863,OYO,DEL,10170,False,False,8500
976,EMP0067,Sales,BLR,BOM,2025-12-08,2025-12-12,Air India,7193,Marriott,BOM,7528,True,True,8000
977,EMP0096,Sales,BLR,BOM,2026-02-07,2026-02-15,IndiGo,8406,Marriott,BOM,7680,True,True,8000
978,EMP0113,HR,BLR,BOM,2025-11-17,2025-11-23,Vistara,7485,Lemon Tree,BOM,9280,True,False,8000
979,EMP0044,HR,BLR,DEL,2025-12-12,2025-12-15,Akasa Air,7338,Marriott,DEL,8087,False,True,9000
980,EMP0019,Finance,BLR,MAA,2025-10-26,2025-11-09,Vistara,6462,Treebo,MAA,8678,True,False,7000
981,EMP0002,Finance,BLR,DEL,2025-11-15,2025-11-17,Akasa Air,7736,Taj,DEL,4971,False,True,9000
982,EMP0113,Marketing,MAA,BLR,2025-12-31,2026-01-14,Air India,8597,Taj,BLR,7539,True,True,7000
983,EMP0011,Marketing,BLR,BOM,2025-10-17,2025-10-25,Vistara,8197,ITC,BOM,7461,True,True,8000
984,EMP0116,Sales,BOM,DEL,2026-02-09,2026-02-15,Akasa Air,6539,Marriott,DEL,6641,False,True,8500
985,EMP0018,Engineering,BOM,DEL,2025-10-30,2025-11-07,Akasa Air,8461,ITC,DEL,7777,False,True,8500
986,EMP0049,Finance,BLR,DEL,2025-11-04,2025-11-07,Vistara,9665,Treebo,DEL,8668,True,False,9000
987,EMP0053,Finance,BLR,DEL,2026-02-14,2026-02-14,SpiceJet,11588,Taj,DEL,5987,False,True,9000
988,EMP0048,Engineering,MAA,BLR,2025-12-15,2025-12-29,Vistara,7014,Taj,BLR,7300,True,True,7000
989,EMP0060,HR,DEL,BLR,2026-02-05,2026-02-05,IndiGo,12373,Taj,BLR,6380,True,True,9000
990,EMP0089,Marketing,BLR,DEL,2025-11-05,2025-11-05,Air India,9015,Treebo,DEL,7396,True,False,9000
991,EMP0020,Marketing,BLR,MAA,2025-11-15,2025-11-29,IndiGo,6646,Lemon Tree,MAA,4550,True,False,7000
992,EMP0016,HR,BLR,DEL,2025-11-20,2025-11-21,IndiGo,7997,Lemon Tree,DEL,5446,True,False,9000
993,EMP0024,Engineering,MAA,BLR,2025-11-09,2025-11-23,SpiceJet,6628,OYO,BLR,4408,False,False,7000
994,EMP0085,Engineering,BLR,BOM,2025-12-21,2025-12-25,SpiceJet,6528,Lemon Tree,BOM,10127,False,False,8000
995,EMP0051,Finance,BLR,MAA,2026-01-24,2026-01-31,SpiceJet,8302,Lemon Tree,MAA,7522,False,False,7000
996,EMP0083,HR,DEL,BLR,2025-10-24,2025-10-26,Air India,13271,Lemon Tree,BLR,10180,True,False,9000
997,EMP0045,HR,DEL,BLR,2025-12-25,2025-12-25,Air India,8876,OYO,BLR,9429,True,False,9000
998,EMP0036,Marketing,DEL,BLR,2025-10-26,2025-10-29,SpiceJet,8481,Lemon Tree,BLR,10049,False,False,9000
999,EMP0017,Marketing,MAA,BLR,2025-12-24,2026-01-03,Akasa Air,7988,Treebo,BLR,5671,False,False,7000
1000,EMP0064,Finance,BOM,DEL,2026-01-22,2026-01-26,Air India,9009,Taj,DEL,7146,True,True,8500
1001,EMP0054,Sales,BLR,DEL,2026-01-05,2026-01-07,IndiGo,10487,Taj,DEL,8968,True,True,9000
1002,EMP0004,Engineering,BOM,DEL,2025-10-26,2025-11-03,SpiceJet,9312,ITC,DEL,7593,False,True,8500
1003,EMP0087,Marketing,BLR,BOM,2025-11-11,2025-11-15,SpiceJet,8187,Treebo,BOM,8831,False,False,8000
1004,EMP0013,Engineering,BLR,DEL,2026-01-31,2026-02-01,IndiGo,11545,Marriott,DEL,9636,True,True,9000
1005,EMP0117,HR,DEL,BLR,2025-11-13,2025-11-14,Akasa Air,9779,Lemon Tree,BLR,6362,False,False,9000
1006,EMP0081,Finance,BLR,DEL,2026-01-01,2026-01-01,Air India,8371,Treebo,DEL,15005,True,False,9000
1007,EMP0038,Marketing,DEL,BLR,2026-01-17,2026-01-19,IndiGo,10983,ITC,BLR,8241,True,True,9000
1008,EMP0065,Marketing,DEL,BLR,2026-01-08,2026-01-08,Akasa Air,12124,OYO,BLR,9762,False,False,9000
1009,EMP0026,Marketing,BLR,DEL,2025-11-06,2025-11-07,Akasa Air,9936,OYO,DEL,7167,False,False,9000
1010,EMP0116,HR,BLR,MAA,2026-01-28,2026-02-04,Vistara,7559,Taj,MAA,4660,True,True,7000
1011,EMP0062,Engineering,BOM,DEL,2026-01-19,2026-01-21,IndiGo,8918,Taj,DEL,7912,True,True,8500
1012,EMP0109,Engineering,BLR,DEL,2026-02-17,2026-02-17,IndiGo,11167,ITC,DEL,4148,True,True,9000
1013,EMP0007,Finance,DEL,BLR,2026-01-17,2026-01-18,SpiceJet,8944,OYO,BLR,7752,False,False,9000
1014,EMP0118,Sales,BLR,BOM,2025-11-17,2025-11-19,Akasa Air,8378,Taj,BOM,8392,False,True,8000
1015,EMP0103,Sales,BLR,MAA,2025-11-14,2025-11-21,IndiGo,5254,Taj,MAA,4358,True,True,7000
1016,EMP0078,Engineering,BOM,DEL,2025-10-29,2025-11-06,SpiceJet,7321,OYO,DEL,8975,False,False,8500
1017,EMP0105,Marketing,BLR,BOM,2025-12-10,2025-12-16,Vistara,6536,Treebo,BOM,10542,True,False,8000
1018,EMP0070,HR,BLR,DEL,2025-10-25,2025-10-27,SpiceJet,15532,OYO,DEL,8838,False,False,9000
1019,EMP0027,Sales,BOM,DEL,2026-01-17,2026-01-21,IndiGo,8324,ITC,DEL,7717,True,True,8500
1020,EMP0003,Finance,BLR,DEL,2025-11-22,2025-11-24,Akasa Air,13035,Lemon Tree,DEL,8206,False,False,9000
1021,EMP0050,Finance,BLR,DEL,2025-11-17,2025-11-18,SpiceJet,10929,ITC,DEL,4256,False,True,9000
1022,EMP0045,Sales,MAA,BLR,2026-01-15,2026-01-25,Vistara,6856,Treebo,BLR,9517,True,False,7000
1023,EMP0119,Sales,BLR,DEL,2025-12-27,2025-12-30,Vistara,7968,Treebo,DEL,10651,True,False,9000
1024,EMP0049,Finance,BLR,MAA,2026-02-09,2026-02-16,Air India,5685,Taj,MAA,7964,True,True,7000
1025,EMP0070,Marketing,BOM,DEL,2025-12-25,2026-01-02,IndiGo,6882,Treebo,DEL,7472,True,False,8500
1026,EMP0078,Sales,BLR,DEL,2025-11-27,2025-11-29,Vistara,9665,ITC,DEL,6938,True,True,9000
1027,EMP0109,HR,BLR,BOM,2025-12-10,2025-12-12,Akasa Air,8320,Taj,BOM,4524,False,True,8000
1028,EMP0034,Marketing,BOM,DEL,2026-02-01,2026-02-09,Air India,9902,ITC,DEL,4406,True,True,8500
1029,EMP0084,Sales,BLR,BOM,2026-01-08,2026-01-16,Akasa Air,5734,Marriott,BOM,4498,False,True,8000
1030,EMP0034,Marketing,BLR,DEL,2026-01-13,2026-01-15,Akasa Air,9084,OYO,DEL,5682,False,False,9000
1031,EMP0042,HR,BOM,DEL,2026-01-27,2026-02-04,IndiGo,7400,OYO,DEL,4613,True,False,8500
1032,EMP0043,Finance,BLR,MAA,2025-11-27,2025-12-07,Vistara,4987,Treebo,MAA,8163,True,False,7000
1033,EMP0004,Sales,MAA,BLR,2025-11-07,2025-11-17,Akasa Air,7086,OYO,BLR,10636,False,False,7000
1034,EMP0049,HR,BLR,DEL,2026-01-12,2026-01-13,SpiceJet,7393,OYO,DEL,6829,False,False,9000
1035,EMP0081,HR,BLR,MAA,2025-11-29,2025-12-13,IndiGo,7134,Treebo,MAA,9591,True,False,7000
1036,EMP0025,HR,BOM,DEL,2026-02-10,2026-02-14,Vistara,8666,ITC,DEL,5891,True,True,8500
1037,EMP0096,Sales,BLR,MAA,2025-11-10,2025-11-20,SpiceJet,5123,Marriott,MAA,4626,False,True,7000
1038,EMP0084,Finance,MAA,BLR,2025-11-09,2025-11-19,SpiceJet,6494,ITC,BLR,5026,False,True,7000
1039,EMP0032,Finance,BLR,MAA,2025-12-20,2026-01-03,Air India,5628,Treebo,MAA,6803,True,False,7000
1040,EMP0065,Engineering,MAA,BLR,2025-12-09,2025-12-23,Air India,8266,ITC,BLR,6157,True,True,7000
1041,EMP0092,Finance,BLR,MAA,2025-10-26,2025-11-02,IndiGo,4967,Lemon Tree,MAA,4780,True,False,7000
1042,EMP0118,Finance,DEL,BLR,2025-12-04,2025-12-05,SpiceJet,13958,OYO,BLR,7955,False,False,9000
1043,EMP0093,Sales,BLR,DEL,2026-01-21,2026-01-23,SpiceJet,11332,Lemon Tree,DEL,9568,False,False,9000
1044,EMP0093,HR,MAA,BLR,2025-10-24,2025-10-31,IndiGo,6560,Treebo,BLR,8593,True,False,7000
1045,EMP0066,HR,BOM,DEL,2026-02-16,2026-02-18,Air India,8500,Marriott,DEL,8302,True,True,8500
1046,EMP0109,Finance,BOM,DEL,2025-11-23,2025-12-01,Vistara,11848,ITC,DEL,5725,True,True,8500
1047,EMP0036,HR,MAA,BLR,2025-11-23,2025-11-30,Vistara,5363,Marriott,BLR,7986,True,True,7000
1048,EMP0114,Engineering,BOM,DEL,2026-02-12,2026-02-18,Akasa Air,9093,Taj,DEL,7039,False,True,8500
1049,EMP0066,Engineering,BLR,DEL,2026-01-05,2026-01-05,Akasa Air,10112,Treebo,DEL,4677,False,False,9000
1050,EMP0074,Finance,BLR,MAA,2025-12-02,2025-12-16,Air India,7107,Lemon Tree,MAA,5646,True,False,7000
1051,EMP0034,Sales,BLR,BOM,2025-11-23,2025-11-25,Vistara,10535,Taj,BOM,6747,True,True,8000
1052,EMP0081,HR,BLR,MAA,2026-01-21,2026-01-28,Vistara,6113,Taj,MAA,8270,True,True,7000
1053,EMP0108,HR,BLR,MAA,2026-01-22,2026-02-05,IndiGo,6656,OYO,MAA,9796,True,False,7000
1054,EMP0087,Engineering,BOM,DEL,2025-12-16,2025-12-20,SpiceJet,8444,ITC,DEL,5626,False,True,8500
1055,EMP0012,HR,BLR,MAA,2026-01-17,2026-01-24,IndiGo,5088,Lemon Tree,MAA,9737,True,False,7000
1056,EMP0079,Finance,BLR,MAA,2025-12-27,2026-01-03,Vistara,6385,Lemon Tree,MAA,8086,True,False,7000
1057,EMP0086,Finance,DEL,BLR,2026-01-27,2026-01-30,Akasa Air,8256,Marriott,BLR,8482,False,True,9000
1058,EMP0097,Marketing,DEL,BLR,2025-12-15,2025-12-17,Air India,9026,OYO,BLR,5444,True,False,9000
1059,EMP0017,Finance,DEL,BLR,2026-01-02,2026-01-05,Air India,7347,Taj,BLR,10521,True,True,9000
1060,EMP0034,Marketing,DEL,BLR,2025-12-07,2025-12-10,SpiceJet,8665,Lemon Tree,BLR,6383,False,False,9000
1061,EMP0040,Finance,DEL,BLR,2025-11-17,2025-11-18,Akasa Air,10318,ITC,BLR,9124,False,True,9000
1062,EMP0093,Sales,DEL,BLR,2025-10-30,2025-11-01,Vistara,7277,Treebo,BLR,12090,True,False,9000
1063,EMP0111,Engineering,BOM,DEL,2026-01-27,2026-01-31,Vistara,7355,Marriott,DEL,6037,True,True,8500
1064,EMP0005,Sales,MAA,BLR,2025-10-20,2025-11-03,SpiceJet,5018,Lemon Tree,BLR,4487,False,False,7000
1065,EMP0032,Sales,BOM,DEL,2026-01-22,2026-01-24,SpiceJet,9838,OYO,DEL,4802,False,False,8500
1066,EMP0091,Finance,BLR,DEL,2025-10-21,2025-10-22,IndiGo,10246,OYO,DEL,8100,True,False,9000
1067,EMP0096,Sales,BOM,DEL,2025-11-17,2025-11-25,Air India,6848,Taj,DEL,7861,True,True,8500
1068,EMP0055,Sales,BLR,BOM,2025-12-06,2025-12-12,SpiceJet,8504,Marriott,BOM,6003,False,True,8000
1069,EMP0064,Finance,BOM,DEL,2026-01-24,2026-01-26,SpiceJet,8765,ITC,DEL,7662,False,True,8500
1070,EMP0073,Sales,BLR,MAA,2025-11-19,2025-11-29,Air India,8653,OYO,MAA,12467,True,False,7000
1071,EMP0108,Finance,MAA,BLR,2026-01-07,2026-01-21,Air India,7048,Taj,BLR,6551,True,True,7000
1072,EMP0107,Engineering,BLR,DEL,2025-11-28,2025-12-01,IndiGo,8785,Marriott,DEL,8003,True,True,9000
1073,EMP0041,Engineering,BOM,DEL,2025-12-11,2025-12-19,Akasa Air,8869,Treebo,DEL,5956,False,False,8500
1074,EMP0010,Finance,BLR,BOM,2026-01-23,2026-01-25,Air India,9192,Treebo,BOM,4988,True,False,8000
1075,EMP0022,HR,DEL,BLR,2025-11-04,2025-11-07,SpiceJet,7368,Taj,BLR,6410,False,True,9000
1076,EMP0113,Marketing,MAA,BLR,2025-11-17,2025-12-01,Vistara,8095,Treebo,BLR,7040,True,False,7000
1077,EMP0048,HR,MAA,BLR,2025-11-12,2025-11-22,SpiceJet,7521,ITC,BLR,7225,False,True,7000
1078,EMP0061,Sales,BOM,DEL,2025-12-09,2025-12-13,Air India,6177,Lemon Tree,DEL,9743,True,False,8500
1079,EMP0059,Marketing,BLR,DEL,2025-10-25,2025-10-28,Akasa Air,6540,ITC,DEL,5851,False,True,9000
1080,EMP0002,Engineering,BOM,DEL,2025-11-18,2025-11-26,Akasa Air,6989,OYO,DEL,9349,False,False,8500
1081,EMP0083,Engineering,BLR,DEL,2026-01-03,2026-01-04,IndiGo,8165,OYO,DEL,6241,True,False,9000
1082,EMP0099,Finance,BOM,DEL,2025-12-27,2026-01-02,Akasa Air,9041,OYO,DEL,4965,False,False,8500
1083,EMP0012,HR,BLR,BOM,2025-11-04,2025-11-08,SpiceJet,6634,Taj,BOM,6384,False,True,8000
1084,EMP0055,Finance,BOM,DEL,2025-11-26,2025-11-28,Air India,9707,Treebo,DEL,7554,True,False,8500
1085,EMP0068,Sales,MAA,BLR,2026-01-29,2026-02-05,Air India,7234,OYO,BLR,8855,True,False,7000
1086,EMP0101,Marketing,BLR,MAA,2025-10-22,2025-11-05,SpiceJet,6892,OYO,MAA,9625,False,False,7000
1087,EMP0055,Engineering,MAA,BLR,2025-12-24,2025-12-31,SpiceJet,5401,Marriott,BLR,5347,False,True,7000
1088,EMP0025,Sales,MAA,BLR,2025-11-19,2025-11-29,IndiGo,7464,Marriott,BLR,4106,True,True,7000
1089,EMP0005,Marketing,BLR,MAA,2025-12-11,2025-12-21,IndiGo,6871,OYO,MAA,5769,True,False,7000
1090,EMP0111,Finance,MAA,BLR,2025-12-30,2026-01-09,SpiceJet,6225,ITC,BLR,8469,False,True,7000
1091,EMP0005,Marketing,BLR,DEL,2026-01-06,2026-01-07,Air India,10589,ITC,DEL,4510,True,True,9000
1092,EMP0110,HR,BOM,DEL,2026-02-03,2026-02-07,Akasa Air,6006,OYO,DEL,12516,False,False,8500
1093,EMP0093,Marketing,MAA,BLR,2025-10-08,2025-10-22,SpiceJet,7245,Lemon Tree,BLR,4794,False,False,7000
1094,EMP0019,Marketing,BLR,DEL,2025-11-09,2025-11-12,IndiGo,8490,Marriott,DEL,10469,True,True,9000
1095,EMP0108,Sales,BOM,DEL,2025-11-19,2025-11-25,IndiGo,7535,Marriott,DEL,4705,True,True,8500
1096,EMP0060,Sales,BLR,DEL,2026-02-15,2026-02-15,Air India,7901,OYO,DEL,5121,True,False,9000
1097,EMP0028,Marketing,DEL,BLR,2025-10-30,2025-10-31,Vistara,11802,OYO,BLR,5560,True,False,9000
1098,EMP0037,Engineering,BOM,DEL,2025-11-01,2025-11-07,SpiceJet,8789,ITC,DEL,7256,False,True,8500
1099,EMP0090,Finance,BOM,DEL,2025-10-24,2025-11-01,Vistara,7186,Treebo,DEL,9401,True,False,8500
1100,EMP0107,Engineering,BLR,DEL,2026-02-01,2026-02-04,Air India,8347,Treebo,DEL,8340,True,False,9000
1101,EMP0102,Marketing,BLR,BOM,2025-11-27,2025-12-03,IndiGo,8074,Treebo,BOM,8443,True,False,8000
1102,EMP0067,Engineering,DEL,BLR,2025-11-04,2025-11-07,Akasa Air,7640,Marriott,BLR,8820,False,True,9000
1103,EMP0042,Sales,BLR,MAA,2025-11-28,2025-12-05,Air India,6231,Lemon Tree,MAA,5090,True,False,7000
1104,EMP0021,Finance,MAA,BLR,2025-11-06,2025-11-13,SpiceJet,6178,Treebo,BLR,9221,False,False,7000
1105,EMP0032,Marketing,BLR,MAA,2025-11-23,2025-12-07,Vistara,6799,Lemon Tree,MAA,7274,True,False,7000
1106,EMP0065,Sales,DEL,BLR,2025-12-12,2025-12-14,Akasa Air,9693,Lemon Tree,BLR,8180,False,False,9000
1107,EMP0068,Engineering,MAA,BLR,2026-01-18,2026-01-25,Air India,5832,OYO,BLR,5179,True,False,7000
1108,EMP0103,Marketing,DEL,BLR,2025-12-09,2025-12-10,SpiceJet,10059,Taj,BLR,8284,False,True,9000
1109,EMP0027,Finance,BLR,DEL,2026-01-20,2026-01-21,Air India,12518,OYO,DEL,5498,True,False,9000
1110,EMP0090,Engineering,DEL,BLR,2026-01-11,2026-01-14,SpiceJet,7173,OYO,BLR,7451,False,False,9000
1111,EMP0018,Finance,BOM,DEL,2026-02-06,2026-02-12,SpiceJet,8729,Treebo,DEL,8875,False,False,8500
1112,EMP0023,Engineering,BOM,DEL,2025-11-30,2025-12-06,Akasa Air,8025,Taj,DEL,4632,False,True,8500
1113,EMP0018,Finance,BLR,BOM,2025-10-22,2025-10-26,Vistara,5897,Lemon Tree,BOM,6171,True,False,8000
1114,EMP0050,Finance,BLR,DEL,2025-11-20,2025-11-23,Air India,7733,ITC,DEL,4871,True,True,9000
1115,EMP0011,Marketing,BLR,MAA,2026-01-15,2026-01-22,SpiceJet,6428,Taj,MAA,10783,False,True,7000
1116,EMP0086,Finance,DEL,BLR,2026-01-27,2026-01-27,Vistara,9329,Lemon Tree,BLR,8845,True,False,9000
1117,EMP0092,Marketing,MAA,BLR,2025-11-29,2025-12-06,Air India,6388,Lemon Tree,BLR,4865,True,False,7000
1118,EMP0120,HR,BOM,DEL,2025-11-07,2025-11-15,SpiceJet,9590,Taj,DEL,7770,False,True,8500
1119,EMP0114,HR,BLR,MAA,2025-11-27,2025-12-07,SpiceJet,6789,Marriott,MAA,4192,False,True,7000
1120,EMP0023,Marketing,BOM,DEL,2025-12-11,2025-12-13,SpiceJet,9637,Marriott,DEL,8352,False,True,8500
1121,EMP0032,Engineering,BLR,DEL,2025-12-28,2025-12-28,Air India,8512,OYO,DEL,8820,True,False,9000
1122,EMP0032,HR,MAA,BLR,2025-12-11,2025-12-18,IndiGo,7699,Marriott,BLR,4828,True,True,7000
1123,EMP0093,Sales,BOM,DEL,2026-02-10,2026-02-16,SpiceJet,6026,Lemon Tree,DEL,7425,False,False,8500
1124,EMP0011,Finance,BLR,DEL,2026-01-29,2026-01-30,Akasa Air,12694,Marriott,DEL,5996,False,True,9000
1125,EMP0007,Marketing,MAA,BLR,2025-12-13,2025-12-20,SpiceJet,6991,Marriott,BLR,6267,False,True,7000
1126,EMP0006,HR,DEL,BLR,2026-02-13,2026-02-14,Vistara,7342,Marriott,BLR,5063,True,True,9000
1127,EMP0060,HR,BLR,MAA,2025-11-23,2025-11-30,Air India,4950,ITC,MAA,4522,True,True,7000
1128,EMP0094,HR,DEL,BLR,2026-01-01,2026-01-04,Akasa Air,8249,Marriott,BLR,11157,False,True,9000
1129,EMP0045,Finance,BLR,BOM,2025-12-11,2025-12-19,Air India,7832,Treebo,BOM,6830,True,False,8000
1130,EMP0074,Sales,BLR,MAA,2025-12-08,2025-12-22,Vistara,5481,Taj,MAA,7024,True,True,7000
1131,EMP0097,Marketing,DEL,BLR,2026-01-12,2026-01-15,IndiGo,8549,ITC,BLR,6880,True,True,9000
1132,EMP0054,Sales,BOM,DEL,2025-12-23,2025-12-31,Air India,11092,Lemon Tree,DEL,5156,True,False,8500
1133,EMP0015,HR,BOM,DEL,2025-11-08,2025-11-12,SpiceJet,7338,Treebo,DEL,9430,False,False,8500
1134,EMP0099,Marketing,BLR,MAA,2025-10-20,2025-11-03,Vistara,6399,Treebo,MAA,8394,True,False,7000
1135,EMP0106,Finance,BLR,BOM,2026-02-12,2026-02-16,SpiceJet,5610,Marriott,BOM,7801,False,True,8000
1136,EMP0088,Sales,DEL,BLR,2025-12-31,2026-01-03,SpiceJet,7990,Lemon Tree,BLR,10666,False,False,9000
1137,EMP0077,HR,BLR,MAA,2025-12-05,2025-12-12,Vistara,5599,Treebo,MAA,9479,True,False,7000
1138,EMP0003,HR,BLR,MAA,2025-11-25,2025-12-09,Akasa Air,7280,ITC,MAA,7023,False,True,7000
1139,EMP0031,Engineering,DEL,BLR,2026-02-16,2026-02-17,Vistara,10063,ITC,BLR,7777,True,True,9000
1140,EMP0088,HR,DEL,BLR,2025-11-19,2025-11-20,SpiceJet,11545,Treebo,BLR,5693,False,False,9000
1141,EMP0009,Sales,BLR,MAA,2025-10-11,2025-10-25,SpiceJet,7687,Treebo,MAA,5650,False,False,7000
1142,EMP0114,HR,BLR,DEL,2026-01-20,2026-01-20,SpiceJet,10374,Lemon Tree,DEL,4797,False,False,9000
1143,EMP0066,Finance,DEL,BLR,2026-01-29,2026-01-29,IndiGo,12410,ITC,BLR,4915,True,True,9000
1144,EMP0047,Finance,BLR,MAA,2025-11-26,2025-12-03,Air India,6741,Lemon Tree,MAA,5239,True,False,7000
1145,EMP0097,Engineering,BOM,DEL,2025-11-27,2025-12-03,SpiceJet,8627,Marriott,DEL,8654,False,True,8500
1146,EMP0005,Engineering,BLR,BOM,2025-12-20,2025-12-26,IndiGo,8416,ITC,BOM,6385,True,True,8000
1147,EMP0092,Engineering,MAA,BLR,2025-12-31,2026-01-10,SpiceJet,6131,OYO,BLR,5275,False,False,7000
1148,EMP0050,Marketing,BLR,MAA,2025-11-12,2025-11-19,Air India,5748,Treebo,MAA,6794,True,False,7000
1149,EMP0112,HR,DEL,BLR,2025-12-20,2025-12-21,Vistara,9302,OYO,BLR,7867,True,False,9000
1150,EMP0083,Engineering,MAA,BLR,2025-12-14,2025-12-21,SpiceJet,4939,Lemon Tree,BLR,7262,False,False,7000
1151,EMP0020,Marketing,MAA,BLR,2026-01-14,2026-01-28,IndiGo,5451,OYO,BLR,11036,True,False,7000
1152,EMP0108,HR,BLR,BOM,2026-01-19,2026-01-23,Vistara,5705,OYO,BOM,7718,True,False,8000
1153,EMP0069,HR,BLR,DEL,2026-01-31,2026-01-31,SpiceJet,9601,Treebo,DEL,6633,False,False,9000
1154,EMP0032,Engineering,BLR,MAA,2026-01-10,2026-01-20,Air India,7642,Taj,MAA,7885,True,True,7000
1155,EMP0107,Sales,BLR,BOM,2025-12-20,2025-12-26,IndiGo,6328,ITC,BOM,8761,True,True,8000
1156,EMP0013,HR,BLR,DEL,2025-11-30,2025-11-30,Air India,7559,Lemon Tree,DEL,9935,True,False,9000
1157,EMP0039,HR,BLR,DEL,2025-12-31,2026-01-03,IndiGo,9491,OYO,DEL,6583,True,False,9000
1158,EMP0097,Finance,BLR,DEL,2025-11-19,2025-11-22,Akasa Air,8073,Marriott,DEL,8155,False,True,9000
1159,EMP0037,Marketing,BOM,DEL,2026-02-05,2026-02-09,Vistara,8254,Marriott,DEL,10850,True,True,8500
1160,EMP0024,Finance,BLR,DEL,2025-11-27,2025-11-30,SpiceJet,6943,ITC,DEL,9473,False,True,9000
1161,EMP0044,HR,BLR,BOM,2025-11-12,2025-11-14,Air India,7844,ITC,BOM,10145,True,True,8000
1162,EMP0079,Engineering,MAA,BLR,2026-01-08,2026-01-15,Vistara,5437,ITC,BLR,5407,True,True,7000
1163,EMP0079,Engineering,BOM,DEL,2025-12-18,2025-12-26,Akasa Air,8601,Lemon Tree,DEL,7024,False,False,8500
1164,EMP0039,Marketing,BLR,BOM,2025-11-23,2025-11-29,Vistara,6609,OYO,BOM,9630,True,False,8000
1165,EMP0098,Finance,BLR,DEL,2025-12-10,2025-12-12,Air India,10020,Lemon Tree,DEL,6841,True,False,9000
1166,EMP0107,Marketing,BLR,DEL,2025-11-28,2025-12-01,SpiceJet,8309,Marriott,DEL,5761,False,True,9000
1167,EMP0057,Marketing,BLR,DEL,2025-10-29,2025-10-30,Air India,12306,Marriott,DEL,4376,True,True,9000
1168,EMP0050,Finance,BLR,BOM,2025-11-17,2025-11-25,IndiGo,5779,Taj,BOM,8406,True,True,8000
1169,EMP0119,Marketing,BLR,DEL,2025-12-19,2025-12-20,IndiGo,12956,Marriott,DEL,5232,True,True,9000
1170,EMP0074,Engineering,MAA,BLR,2025-10-22,2025-11-01,Air India,6503,Marriott,BLR,6135,True,True,7000
1171,EMP0105,Marketing,BLR,MAA,2025-10-16,2025-10-23,IndiGo,6891,OYO,MAA,8848,True,False,7000
1172,EMP0114,Engineering,BLR,BOM,2025-11-23,2025-12-01,Air India,6759,Lemon Tree,BOM,6589,True,False,8000
1173,EMP0003,Engineering,BLR,DEL,2026-01-08,2026-01-11,SpiceJet,9201,Lemon Tree,DEL,8478,False,False,9000
1174,EMP0048,Sales,MAA,BLR,2025-12-08,2025-12-15,Akasa Air,7112,Marriott,BLR,8708,False,True,7000
1175,EMP0009,Sales,MAA,BLR,2025-10-18,2025-11-01,IndiGo,5343,Treebo,BLR,5530,True,False,7000
1176,EMP0084,Engineering,BLR,DEL,2026-01-24,2026-01-27,Vistara,7924,Lemon Tree,DEL,8742,True,False,9000
1177,EMP0044,Finance,MAA,BLR,2026-01-14,2026-01-28,SpiceJet,6024,Taj,BLR,9118,False,True,7000
1178,EMP0055,Engineering,BOM,DEL,2026-02-03,2026-02-07,Akasa Air,8560,OYO,DEL,6943,False,False,8500
1179,EMP0046,HR,BLR,BOM,2025-11-10,2025-11-14,Air India,7543,Marriott,BOM,4323,True,True,8000
1180,EMP0070,Marketing,BLR,DEL,2025-11-29,2025-12-01,Air India,8397,OYO,DEL,6654,True,False,9000
1181,EMP0099,Marketing,BLR,DEL,2025-11-04,2025-11-07,IndiGo,6391,Lemon Tree,DEL,6359,True,False,9000
1182,EMP0052,Engineering,BLR,BOM,2026-01-19,2026-01-27,Akasa Air,5897,Taj,BOM,8737,False,True,8000
1183,EMP0016,Engineering,BLR,BOM,2025-10-28,2025-11-05,Akasa Air,7998,Marriott,BOM,5564,False,True,8000
1184,EMP0012,HR,BOM,DEL,2025-12-15,2025-12-21,Akasa Air,10775,Taj,DEL,7440,False,True,8500
1185,EMP0110,Sales,BOM,DEL,2025-11-30,2025-12-06,IndiGo,9166,Lemon Tree,DEL,10644,True,False,8500
1186,EMP0050,Finance,BLR,DEL,2025-11-23,2025-11-25,IndiGo,12980,ITC,DEL,5148,True,True,9000
1187,EMP0098,Sales,BLR,DEL,2026-01-04,2026-01-05,Vistara,11480,Marriott,DEL,5430,True,True,9000
1188,EMP0020,Engineering,BOM,DEL,2026-02-08,2026-02-10,Air India,9107,Taj,DEL,6172,True,True,8500
1189,EMP0004,Sales,BOM,DEL,2025-10-16,2025-10-24,IndiGo,8914,OYO,DEL,5088,True,False,8500
1190,EMP0093,HR,BLR,BOM,2025-11-08,2025-11-10,IndiGo,9552,Marriott,BOM,4920,True,True,8000
1191,EMP0060,Finance,MAA,BLR,2025-12-09,2025-12-16,Akasa Air,4902,OYO,BLR,6338,False,False,7000
1192,EMP0047,HR,BLR,MAA,2026-01-13,2026-01-20,SpiceJet,6996,Lemon Tree,MAA,5818,False,False,7000
1193,EMP0104,Engineering,BLR,BOM,2026-01-11,2026-01-13,IndiGo,10782,OYO,BOM,6719,True,False,8000
1194,EMP0091,Finance,BLR,MAA,2025-12-21,2026-01-04,Akasa Air,7665,Treebo,MAA,5577,False,False,7000
1195,EMP0019,HR,BLR,MAA,2026-02-10,2026-02-17,SpiceJet,5034,OYO,MAA,5515,False,False,7000
1196,EMP0107,Engineering,BLR,BOM,2025-12-04,2025-12-10,IndiGo,7138,Treebo,BOM,6582,True,False,8000
1197,EMP0074,Finance,DEL,BLR,2025-11-14,2025-11-17,Akasa Air,9553,Marriott,BLR,8214,False,True,9000
1198,EMP0044,Engineering,BOM,DEL,2025-11-25,2025-12-03,Akasa Air,8205,Lemon Tree,DEL,8361,False,False,8500
1199,EMP0101,Marketing,DEL,BLR,2026-01-11,2026-01-11,Akasa Air,9247,ITC,BLR,4985,False,True,9000
1200,EMP0038,Engineering,BOM,DEL,2025-11-21,2025-11-29,SpiceJet,11838,Treebo,DEL,8579,False,False,8500
1201,EMP0114,HR,BLR,BOM,2025-11-04,2025-11-08,IndiGo,7946,ITC,BOM,8922,True,True,8000
1202,EMP0073,HR,MAA,BLR,2025-10-13,2025-10-27,Vistara,5545,Treebo,BLR,12307,True,False,7000
1203,EMP0082,HR,BLR,BOM,2026-02-01,2026-02-05,Akasa Air,6956,Treebo,BOM,5665,False,False,8000
1204,EMP0038,Finance,MAA,BLR,2025-12-03,2025-12-13,SpiceJet,5281,Marriott,BLR,5652,False,True,7000
1205,EMP0086,Marketing,BLR,BOM,2026-02-14,2026-02-16,IndiGo,7526,Lemon Tree,BOM,8867,True,False,8000
1206,EMP0076,Engineering,BLR,BOM,2026-01-29,2026-02-04,IndiGo,8682,ITC,BOM,10362,True,True,8000
1207,EMP0087,Engineering,BLR,BOM,2025-12-12,2025-12-16,Vistara,6548,Marriott,BOM,4840,True,True,8000
1208,EMP0077,Finance,BLR,BOM,2026-01-05,2026-01-13,Vistara,7332,Taj,BOM,7853,True,True,8000
1209,EMP0117,Marketing,BOM,DEL,2025-10-18,2025-10-26,Vistara,8081,Taj,DEL,5379,True,True,8500
1210,EMP0089,Finance,BOM,DEL,2025-11-16,2025-11-18,IndiGo,10239,OYO,DEL,10071,True,False,8500
1211,EMP0054,Sales,BLR,MAA,2025-10-24,2025-11-03,Vistara,6692,Marriott,MAA,6058,True,True,7000
1212,EMP0011,Sales,BLR,DEL,2026-01-17,2026-01-20,Air India,8081,Treebo,DEL,6369,True,False,9000
1213,EMP0091,Finance,MAA,BLR,2025-12-23,2026-01-06,SpiceJet,6353,Treebo,BLR,10485,False,False,7000
1214,EMP0083,Sales,MAA,BLR,2025-10-26,2025-11-02,Air India,6524,Marriott,BLR,8946,True,True,7000
1215,EMP0051,Sales,BOM,DEL,2026-01-03,2026-01-11,SpiceJet,10482,Treebo,DEL,12398,False,False,8500
1216,EMP0004,Marketing,BLR,DEL,2025-11-24,2025-11-27,IndiGo,7943,OYO,DEL,8640,True,False,9000
1217,EMP0032,Marketing,DEL,BLR,2026-01-29,2026-01-29,Vistara,11377,Lemon Tree,BLR,5648,True,False,9000
1218,EMP0071,Marketing,BLR,MAA,2025-12-01,2025-12-11,Air India,7298,Lemon Tree,MAA,10275,True,False,7000
1219,EMP0030,Marketing,BOM,DEL,2025-10-31,2025-11-02,SpiceJet,10417,Marriott,DEL,5656,False,True,8500
1220,EMP0091,Finance,BOM,DEL,2025-11-25,2025-12-03,Vistara,9211,ITC,DEL,6353,True,True,8500
1221,EMP0065,HR,BOM,DEL,2026-01-21,2026-01-25,SpiceJet,8315,Treebo,DEL,5753,False,False,8500
1222,EMP0085,Finance,BOM,DEL,2025-11-02,2025-11-08,Akasa Air,7298,Marriott,DEL,4848,False,True,8500
1223,EMP0095,Marketing,MAA,BLR,2025-12-25,2026-01-01,Vistara,7425,ITC,BLR,7910,True,True,7000
1224,EMP0089,Engineering,BLR,BOM,2026-02-06,2026-02-10,SpiceJet,9503,OYO,BOM,5242,False,False,8000
1225,EMP0057,Finance,MAA,BLR,2025-12-16,2025-12-30,Air India,5420,Lemon Tree,BLR,8641,True,False,7000
1226,EMP0050,Marketing,BLR,MAA,2026-01-20,2026-01-30,Vistara,5936,Lemon Tree,MAA,6490,True,False,7000
1227,EMP0089,Engineering,BOM,DEL,2026-02-04,2026-02-08,Akasa Air,6387,Treebo,DEL,9890,False,False,8500
1228,EMP0014,HR,BLR,BOM,2026-01-15,2026-01-21,Akasa Air,7088,ITC,BOM,4435,False,True,8000
1229,EMP0057,Finance,MAA,BLR,2025-12-08,2025-12-15,Air India,6467,Taj,BLR,4471,True,True,7000
1230,EMP0062,Engineering,BLR,DEL,2026-01-14,2026-01-16,IndiGo,8574,OYO,DEL,5129,True,False,9000
1231,EMP0091,Engineering,DEL,BLR,2025-11-14,2025-11-17,Vistara,8809,Treebo,BLR,6914,True,False,9000
1232,EMP0053,Engineering,MAA,BLR,2026-01-02,2026-01-16,Vistara,9529,Taj,BLR,13158,True,True,7000
1233,EMP0079,Sales,MAA,BLR,2025-11-28,2025-12-12,Air India,5444,OYO,BLR,10114,True,False,7000
1234,EMP0094,Sales,BOM,DEL,2025-10-30,2025-11-01,SpiceJet,10879,Treebo,DEL,11220,False,False,8500
1235,EMP0013,Marketing,BOM,DEL,2025-11-04,2025-11-12,Vistara,6258,Lemon Tree,DEL,6026,True,False,8500
1236,EMP0082,Sales,BOM,DEL,2025-12-15,2025-12-17,Akasa Air,7715,Marriott,DEL,4484,False,True,8500
1237,EMP0013,Engineering,BLR,DEL,2025-12-27,2025-12-27,IndiGo,8517,Marriott,DEL,8615,True,True,9000
1238,EMP0009,Engineering,BLR,BOM,2026-01-02,2026-01-10,Air India,6298,Treebo,BOM,6214,True,False,8000
1239,EMP0115,Finance,BLR,MAA,2026-01-30,2026-02-06,Akasa Air,7180,ITC,MAA,4317,False,True,7000
1240,EMP0114,Sales,BOM,DEL,2026-02-11,2026-02-17,IndiGo,8272,Marriott,DEL,5371,True,True,8500
1241,EMP0064,Engineering,MAA,BLR,2025-10-26,2025-11-09,Vistara,7500,Lemon Tree,BLR,8875,True,False,7000
1242,EMP0086,HR,BLR,DEL,2025-12-02,2025-12-03,Vistara,9634,ITC,DEL,8901,True,True,9000
1243,EMP0118,Finance,BLR,MAA,2026-01-05,2026-01-19,IndiGo,5154,Treebo,MAA,9724,True,False,7000
1244,EMP0067,Finance,MAA,BLR,2026-01-04,2026-01-11,Vistara,5279,Marriott,BLR,6399,True,True,7000
1245,EMP0055,Finance,DEL,BLR,2025-12-08,2025-12-08,SpiceJet,9653,Taj,BLR,7185,False,True,9000
1246,EMP0101,Marketing,BLR,MAA,2026-01-11,2026-01-18,Akasa Air,6937,Taj,MAA,8679,False,True,7000
1247,EMP0083,Marketing,BLR,MAA,2025-10-13,2025-10-27,IndiGo,7606,Taj,MAA,6881,True,True,7000
1248,EMP0007,Finance,BLR,MAA,2025-12-11,2025-12-25,Air India,5938,Treebo,MAA,5927,True,False,7000
1249,EMP0115,Engineering,BLR,MAA,2025-11-23,2025-11-30,Air India,5478,Lemon Tree,MAA,4183,True,False,7000
1250,EMP0116,Sales,BOM,DEL,2025-10-17,2025-10-21,Vistara,9306,ITC,DEL,7045,True,True,8500
1251,EMP0052,Sales,BLR,BOM,2025-11-04,2025-11-08,Akasa Air,6426,OYO,BOM,10520,False,False,8000
1252,EMP0040,Engineering,BLR,MAA,2026-01-13,2026-01-23,SpiceJet,4928,OYO,MAA,7680,False,False,7000
1253,EMP0105,Finance,BOM,DEL,2026-01-03,2026-01-05,SpiceJet,10268,Taj,DEL,7191,False,True,8500
1254,EMP0021,Finance,BLR,DEL,2025-11-11,2025-11-13,Air India,9421,OYO,DEL,7882,True,False,9000
1255,EMP0110,HR,BOM,DEL,2025-11-01,2025-11-03,SpiceJet,11626,ITC,DEL,5041,False,True,8500
1256,EMP0005,Finance,DEL,BLR,2025-11-03,2025-11-03,Air India,10743,Taj,BLR,4552,True,True,9000
1257,EMP0079,Marketing,DEL,BLR,2026-01-22,2026-01-23,SpiceJet,11779,Treebo,BLR,6827,False,False,9000
1258,EMP0006,HR,BLR,DEL,2025-11-07,2025-11-09,Vistara,8771,ITC,DEL,7205,True,True,9000
1259,EMP0038,HR,BLR,DEL,2025-11-17,2025-11-18,Air India,10677,Marriott,DEL,4568,True,True,9000
1260,EMP0078,HR,BOM,DEL,2025-12-27,2025-12-31,Air India,11414,Treebo,DEL,12039,True,False,8500
1261,EMP0093,Marketing,BOM,DEL,2025-10-21,2025-10-25,IndiGo,6744,OYO,DEL,8759,True,False,8500
1262,EMP0073,Sales,BLR,BOM,2026-01-24,2026-01-26,Akasa Air,7556,Treebo,BOM,10360,False,False,8000
1263,EMP0079,Finance,DEL,BLR,2026-02-13,2026-02-14,SpiceJet,10037,Treebo,BLR,13760,False,False,9000
1264,EMP0047,Engineering,BLR,BOM,2025-11-22,2025-11-26,SpiceJet,8422,Marriott,BOM,4171,False,True,8000
1265,EMP0039,Engineering,BLR,DEL,2025-12-15,2025-12-18,Akasa Air,12075,ITC,DEL,5704,False,True,9000
1266,EMP0054,Finance,DEL,BLR,2026-01-19,2026-01-22,SpiceJet,7968,Lemon Tree,BLR,7557,False,False,9000
1267,EMP0032,Engineering,BLR,MAA,2025-10-31,2025-11-14,Air India,6746,OYO,MAA,9076,True,False,7000
1268,EMP0053,Marketing,BLR,MAA,2025-11-22,2025-11-29,SpiceJet,6216,ITC,MAA,7705,False,True,7000
1269,EMP0107,HR,DEL,BLR,2025-10-26,2025-10-27,Air India,9504,Marriott,BLR,8239,True,True,9000
1270,EMP0057,Sales,BLR,MAA,2025-11-06,2025-11-16,Akasa Air,5382,OYO,MAA,10603,False,False,7000
1271,EMP0074,Engineering,BLR,BOM,2025-12-06,2025-12-12,SpiceJet,10775,ITC,BOM,6590,False,True,8000
1272,EMP0098,HR,MAA,BLR,2026-01-09,2026-01-23,IndiGo,5711,OYO,BLR,7209,True,False,7000
1273,EMP0046,Engineering,BLR,MAA,2025-11-02,2025-11-09,Vistara,5916,Taj,MAA,8779,True,True,7000
1274,EMP0058,Finance,BOM,DEL,2026-01-15,2026-01-19,Vistara,6295,Marriott,DEL,6480,True,True,8500
1275,EMP0117,HR,DEL,BLR,2025-11-07,2025-11-10,Vistara,9352,OYO,BLR,7880,True,False,9000
1276,EMP0097,Sales,BLR,BOM,2026-02-02,2026-02-10,SpiceJet,7126,Lemon Tree,BOM,10617,False,False,8000
1277,EMP0120,Finance,MAA,BLR,2025-12-26,2026-01-02,SpiceJet,7616,Taj,BLR,8643,False,True,7000
1278,EMP0044,Sales,BOM,DEL,2025-10-25,2025-10-29,Air India,6970,Treebo,DEL,5397,True,False,8500
1279,EMP0086,Engineering,BLR,MAA,2025-11-21,2025-12-01,IndiGo,6587,Marriott,MAA,4130,True,True,7000
1280,EMP0076,Finance,BLR,BOM,2025-11-30,2025-12-06,Air India,6496,Treebo,BOM,4807,True,False,8000
1281,EMP0007,Engineering,BLR,MAA,2025-11-19,2025-11-29,SpiceJet,5845,Lemon Tree,MAA,9285,False,False,7000
1282,EMP0005,Engineering,MAA,BLR,2025-10-08,2025-10-22,Akasa Air,5747,Taj,BLR,7851,False,True,7000
1283,EMP0005,Marketing,BLR,MAA,2025-11-28,2025-12-08,Vistara,7290,Treebo,MAA,11593,True,False,7000
1284,EMP0034,HR,BLR,BOM,2025-12-16,2025-12-22,Vistara,8522,Taj,BOM,4694,True,True,8000
1285,EMP0117,Marketing,MAA,BLR,2026-02-05,2026-02-12,IndiGo,7979,ITC,BLR,9680,True,True,7000
1286,EMP0031,Sales,BLR,DEL,2025-10-22,2025-10-22,Vistara,8354,Treebo,DEL,9245,True,False,9000
1287,EMP0086,Sales,MAA,BLR,2025-10-29,2025-11-05,Air India,7470,ITC,BLR,8199,True,True,7000
1288,EMP0001,Finance,BLR,MAA,2025-11-12,2025-11-19,IndiGo,5122,OYO,MAA,8817,True,False,7000
1289,EMP0091,Finance,MAA,BLR,2026-01-12,2026-01-19,SpiceJet,6948,Marriott,BLR,4501,False,True,7000
1290,EMP0065,Sales,BLR,DEL,2025-11-11,2025-11-12,Vistara,12040,ITC,DEL,5015,True,True,9000
1291,EMP0010,Engineering,BLR,BOM,2026-01-31,2026-02-06,Air India,6862,ITC,BOM,6430,True,True,8000
1292,EMP0065,Marketing,BLR,BOM,2025-12-08,2025-12-14,Vistara,8142,OYO,BOM,8008,True,False,8000
1293,EMP0064,Marketing,BLR,MAA,2025-10-14,2025-10-28,SpiceJet,6787,Taj,MAA,10892,False,True,7000
1294,EMP0012,Marketing,MAA,BLR,2026-01-17,2026-01-27,Akasa Air,7586,OYO,BLR,7507,False,False,7000
1295,EMP0062,Marketing,DEL,BLR,2025-11-25,2025-11-28,Vistara,9896,Treebo,BLR,9260,True,False,9000
1296,EMP0053,Finance,DEL,BLR,2025-11-28,2025-12-01,SpiceJet,9910,Lemon Tree,BLR,9555,False,False,9000
1297,EMP0101,Marketing,DEL,BLR,2026-02-08,2026-02-09,SpiceJet,8492,Marriott,BLR,8034,False,True,9000
1298,EMP0028,Sales,BLR,DEL,2025-12-07,2025-12-10,Air India,8855,Marriott,DEL,6486,True,True,9000
1299,EMP0110,HR,BOM,DEL,2025-11-15,2025-11-19,SpiceJet,8410,Treebo,DEL,6085,False,False,8500
1300,EMP0046,Sales,BLR,DEL,2025-11-28,2025-12-01,Akasa Air,6809,Marriott,DEL,8048,False,True,9000
1301,EMP0054,Finance,BLR,DEL,2025-11-28,2025-11-29,Vistara,9536,OYO,DEL,9252,True,False,9000
1302,EMP0093,Marketing,BLR,MAA,2026-02-01,2026-02-08,Vistara,9060,Treebo,MAA,7963,True,False,7000
1303,EMP0089,Engineering,BOM,DEL,2026-01-02,2026-01-10,Vistara,7108,Treebo,DEL,7104,True,False,8500
1304,EMP0101,HR,BLR,BOM,2026-01-15,2026-01-19,Air India,7402,Lemon Tree,BOM,10792,True,False,8000
1305,EMP0080,Marketing,BLR,DEL,2025-12-24,2025-12-27,SpiceJet,9541,Treebo,DEL,6303,False,False,9000
1306,EMP0025,Marketing,BLR,MAA,2025-10-29,2025-11-08,IndiGo,5590,Lemon Tree,MAA,7393,True,False,7000
1307,EMP0072,Engineering,BOM,DEL,2025-11-22,2025-11-30,Vistara,8952,Treebo,DEL,7133,True,False,8500
1308,EMP0016,Marketing,BLR,MAA,2025-10-14,2025-10-28,Air India,7136,Treebo,MAA,7978,True,False,7000
1309,EMP0002,Marketing,BOM,DEL,2025-11-12,2025-11-16,Vistara,6047,Taj,DEL,9981,True,True,8500
1310,EMP0117,Engineering,DEL,BLR,2026-01-06,2026-01-09,Akasa Air,8437,ITC,BLR,4882,False,True,9000
1311,EMP0059,Marketing,BLR,BOM,2026-01-11,2026-01-19,Vistara,7476,ITC,BOM,6042,True,True,8000
1312,EMP0071,Finance,BOM,DEL,2025-11-02,2025-11-08,SpiceJet,6036,Treebo,DEL,7442,False,False,8500
1313,EMP0108,Sales,BLR,MAA,2025-11-16,2025-11-26,Akasa Air,5010,Treebo,MAA,5836,False,False,7000
1314,EMP0018,Engineering,BLR,DEL,2025-12-25,2025-12-26,Air India,12548,Taj,DEL,7380,True,True,9000
1315,EMP0009,Finance,DEL,BLR,2025-12-29,2025-12-29,Akasa Air,10494,Lemon Tree,BLR,5888,False,False,9000
1316,EMP0015,Marketing,BLR,BOM,2025-11-18,2025-11-20,Akasa Air,7803,Taj,BOM,6205,False,True,8000
1317,EMP0020,Engineering,MAA,BLR,2025-11-20,2025-11-30,SpiceJet,8491,OYO,BLR,8088,False,False,7000
1318,EMP0054,HR,BLR,DEL,2025-10-25,2025-10-26,Akasa Air,11150,Taj,DEL,8764,False,True,9000
1319,EMP0066,Engineering,DEL,BLR,2025-11-16,2025-11-17,Akasa Air,12696,Taj,BLR,8556,False,True,9000
1320,EMP0050,Engineering,BLR,BOM,2026-01-19,2026-01-25,Vistara,6646,ITC,BOM,4976,True,True,8000
1321,EMP0058,Sales,DEL,BLR,2026-01-03,2026-01-06,Air India,6705,ITC,BLR,4874,True,True,9000
1322,EMP0112,Engineering,BLR,BOM,2026-01-20,2026-01-26,Air India,8217,Treebo,BOM,5308,True,False,8000
1323,EMP0114,Marketing,BLR,BOM,2025-12-23,2025-12-25,Vistara,7263,Taj,BOM,8092,True,True,8000
1324,EMP0050,Marketing,DEL,BLR,2025-12-09,2025-12-10,SpiceJet,9863,Lemon Tree,BLR,7411,False,False,9000
1325,EMP0004,HR,BLR,DEL,2026-02-07,2026-02-07,Vistara,8977,Taj,DEL,6953,True,True,9000
1326,EMP0083,Engineering,DEL,BLR,2026-01-21,2026-01-23,IndiGo,8635,Marriott,BLR,4983,True,True,9000
1327,EMP0034,Finance,BLR,BOM,2025-11-03,2025-11-05,SpiceJet,6356,ITC,BOM,8749,False,True,8000
1328,EMP0035,Marketing,BLR,DEL,2026-01-15,2026-01-18,IndiGo,8790,OYO,DEL,11781,True,False,9000
1329,EMP0107,Finance,DEL,BLR,2025-11-12,2025-11-12,Akasa Air,12023,Taj,BLR,6306,False,True,9000
1330,EMP0026,Marketing,BLR,DEL,2026-01-12,2026-01-14,Air India,11796,ITC,DEL,4361,True,True,9000
1331,EMP0107,Finance,MAA,BLR,2026-01-08,2026-01-18,Air India,8532,OYO,BLR,9879,True,False,7000
1332,EMP0070,Engineering,BOM,DEL,2026-01-07,2026-01-13,Akasa Air,6445,Treebo,DEL,7675,False,False,8500
1333,EMP0048,Finance,BOM,DEL,2026-01-21,2026-01-27,Air India,8505,OYO,DEL,9474,True,False,8500
1334,EMP0012,HR,BOM,DEL,2026-02-07,2026-02-11,Vistara,8144,Marriott,DEL,8417,True,True,8500
1335,EMP0022,Sales,BOM,DEL,2025-12-20,2025-12-24,Akasa Air,7786,Marriott,DEL,5306,False,True,8500
1336,EMP0074,Engineering,BLR,BOM,2026-01-26,2026-02-03,IndiGo,8418,Lemon Tree,BOM,10285,True,False,8000
1337,EMP0120,HR,BLR,MAA,2026-02-11,2026-02-18,Air India,6887,OYO,MAA,5441,True,False,7000
1338,EMP0048,HR,DEL,BLR,2025-12-23,2025-12-26,Air India,7564,Treebo,BLR,5200,True,False,9000
1339,EMP0020,Engineering,BLR,MAA,2025-10-07,2025-10-21,IndiGo,6842,Lemon Tree,MAA,7337,True,False,7000
1340,EMP0027,HR,BLR,MAA,2025-10-26,2025-11-02,IndiGo,5671,Taj,MAA,6123,True,True,7000
1341,EMP0016,Finance,BOM,DEL,2026-01-05,2026-01-13,IndiGo,7981,OYO,DEL,7513,True,False,8500
1342,EMP0076,Finance,BLR,MAA,2025-12-24,2026-01-07,IndiGo,7304,OYO,MAA,4580,True,False,7000
1343,EMP0103,Finance,MAA,BLR,2026-01-20,2026-01-27,SpiceJet,6543,OYO,BLR,10407,False,False,7000
1344,EMP0063,Sales,DEL,BLR,2025-11-22,2025-11-22,IndiGo,11710,ITC,BLR,7724,True,True,9000
1345,EMP0044,Engineering,MAA,BLR,2025-12-13,2025-12-20,Vistara,6447,Marriott,BLR,7696,True,True,7000
1346,EMP0053,Sales,BLR,DEL,2026-01-15,2026-01-16,Akasa Air,12579,OYO,DEL,8553,False,False,9000
1347,EMP0073,Finance,MAA,BLR,2025-12-29,2026-01-12,IndiGo,6539,Marriott,BLR,10714,True,True,7000
1348,EMP0110,Engineering,BLR,DEL,2025-11-25,2025-11-27,SpiceJet,14594,Taj,DEL,8653,False,True,9000
1349,EMP0104,Engineering,DEL,BLR,2025-10-24,2025-10-26,Air India,9818,ITC,BLR,5873,True,True,9000
1350,EMP0104,Sales,BLR,DEL,2025-11-10,2025-11-11,Air India,15097,OYO,DEL,7568,True,False,9000
1351,EMP0089,Marketing,BLR,MAA,2025-12-22,2025-12-29,SpiceJet,4993,Lemon Tree,MAA,11134,False,False,7000
1352,EMP0086,Marketing,DEL,BLR,2025-12-10,2025-12-11,Air India,7190,Taj,BLR,5609,True,True,9000
1353,EMP0070,Marketing,MAA,BLR,2025-11-13,2025-11-23,IndiGo,5419,OYO,BLR,8686,True,False,7000
1354,EMP0039,Engineering,BLR,MAA,2026-01-08,2026-01-18,IndiGo,5067,Marriott,MAA,4923,True,True,7000
1355,EMP0035,HR,MAA,BLR,2025-10-12,2025-10-22,Air India,7478,Marriott,BLR,7717,True,True,7000
1356,EMP0062,Engineering,BLR,DEL,2025-11-09,2025-11-12,Akasa Air,8557,OYO,DEL,6468,False,False,9000
1357,EMP0111,Sales,DEL,BLR,2025-12-25,2025-12-25,Akasa Air,9533,ITC,BLR,6963,False,True,9000
1358,EMP0106,Marketing,DEL,BLR,2025-10-25,2025-10-28,IndiGo,11245,Marriott,BLR,7061,True,True,9000
1359,EMP0078,Engineering,BLR,MAA,2026-02-07,2026-02-14,SpiceJet,7558,Treebo,MAA,8750,False,False,7000
1360,EMP0021,Engineering,MAA,BLR,2025-12-16,2025-12-26,SpiceJet,6803,Taj,BLR,4695,False,True,7000
1361,EMP0100,Engineering,BLR,MAA,2025-10-16,2025-10-26,Vistara,5686,Lemon Tree,MAA,7415,True,False,7000
1362,EMP0042,Marketing,DEL,BLR,2025-12-22,2025-12-25,SpiceJet,8422,OYO,BLR,10567,False,False,9000
1363,EMP0018,Finance,BOM,DEL,2025-10-24,2025-11-01,Vistara,7707,Treebo,DEL,7204,True,False,8500
1364,EMP0112,Marketing,MAA,BLR,2025-12-18,2025-12-25,Vistara,7440,Marriott,BLR,6855,True,True,7000
1365,EMP0025,Marketing,MAA,BLR,2026-01-05,2026-01-15,Vistara,6573,Marriott,BLR,5542,True,True,7000
1366,EMP0114,Engineering,BLR,MAA,2025-11-20,2025-11-27,Vistara,6419,OYO,MAA,12968,True,False,7000
1367,EMP0113,Marketing,BLR,MAA,2025-11-14,2025-11-21,Akasa Air,7225,OYO,MAA,8978,False,False,7000
1368,EMP0092,Marketing,MAA,BLR,2025-12-04,2025-12-18,Vistara,6314,ITC,BLR,7084,True,True,7000
1369,EMP0051,Sales,BLR,DEL,2025-11-12,2025-11-14,SpiceJet,12228,Lemon Tree,DEL,11643,False,False,9000
1370,EMP0055,Finance,MAA,BLR,2025-10-24,2025-11-03,SpiceJet,6496,Lemon Tree,BLR,5545,False,False,7000
1371,EMP0069,Marketing,BLR,BOM,2026-01-27,2026-01-29,SpiceJet,8344,ITC,BOM,6270,False,True,8000
1372,EMP0031,Engineering,BLR,BOM,2026-01-02,2026-01-08,Akasa Air,8290,Marriott,BOM,8535,False,True,8000
1373,EMP0098,Engineering,BLR,BOM,2026-01-24,2026-02-01,Air India,7572,Treebo,BOM,5559,True,False,8000
1374,EMP0035,Finance,BLR,DEL,2025-11-01,2025-11-02,SpiceJet,9199,ITC,DEL,5805,False,True,9000
1375,EMP0001,Engineering,BLR,MAA,2025-11-19,2025-11-29,Akasa Air,7278,Treebo,MAA,8595,False,False,7000
1376,EMP0057,Engineering,BLR,MAA,2026-02-01,2026-02-11,Akasa Air,4964,Lemon Tree,MAA,7182,False,False,7000
1377,EMP0102,HR,BOM,DEL,2025-11-29,2025-12-01,SpiceJet,10870,Treebo,DEL,10681,False,False,8500
1378,EMP0088,Finance,BLR,BOM,2026-01-21,2026-01-29,Air India,6605,ITC,BOM,6037,True,True,8000
1379,EMP0116,Engineering,DEL,BLR,2026-01-02,2026-01-05,IndiGo,9666,OYO,BLR,5143,True,False,9000
1380,EMP0050,HR,BOM,DEL,2025-11-28,2025-12-06,IndiGo,7433,Lemon Tree,DEL,7674,True,False,8500
1381,EMP0030,Marketing,BOM,DEL,2026-02-08,2026-02-14,SpiceJet,6523,ITC,DEL,8236,False,True,8500
1382,EMP0104,Engineering,BLR,DEL,2025-12-06,2025-12-08,IndiGo,11283,ITC,DEL,4410,True,True,9000
1383,EMP0068,Marketing,DEL,BLR,2025-11-07,2025-11-09,Air India,10039,Lemon Tree,BLR,10054,True,False,9000
1384,EMP0080,Sales,MAA,BLR,2025-12-29,2026-01-12,Air India,6434,Marriott,BLR,5375,True,True,7000
1385,EMP0104,Engineering,MAA,BLR,2026-01-13,2026-01-20,IndiGo,5653,Taj,BLR,11210,True,True,7000
1386,EMP0098,Marketing,BLR,MAA,2025-11-05,2025-11-12,Akasa Air,7102,ITC,MAA,6230,False,True,7000
1387,EMP0003,HR,MAA,BLR,2026-02-05,2026-02-12,SpiceJet,5367,ITC,BLR,5083,False,True,7000
1388,EMP0078,Marketing,MAA,BLR,2026-01-19,2026-01-29,SpiceJet,6173,ITC,BLR,8336,False,True,7000
1389,EMP0006,Sales,DEL,BLR,2025-11-07,2025-11-07,Vistara,10230,Lemon Tree,BLR,9890,True,False,9000
1390,EMP0068,Finance,BLR,MAA,2026-02-04,2026-02-18,Vistara,6516,Treebo,MAA,8969,True,False,7000
1391,EMP0053,Engineering,MAA,BLR,2026-01-28,2026-02-07,Air India,5479,Taj,BLR,7010,True,True,7000
1392,EMP0015,HR,DEL,BLR,2025-12-05,2025-12-08,Vistara,6385,Marriott,BLR,4131,True,True,9000
1393,EMP0100,Engineering,DEL,BLR,2026-02-07,2026-02-08,Vistara,7933,Lemon Tree,BLR,8172,True,False,9000
1394,EMP0092,Finance,BOM,DEL,2026-02-06,2026-02-10,SpiceJet,9495,ITC,DEL,4829,False,True,8500
1395,EMP0007,Marketing,DEL,BLR,2026-02-11,2026-02-14,SpiceJet,8453,Taj,BLR,8198,False,True,9000
1396,EMP0006,Finance,BLR,DEL,2025-12-03,2025-12-05,Air India,11059,Marriott,DEL,5195,True,True,9000
1397,EMP0072,Marketing,BLR,DEL,2025-10-23,2025-10-24,Akasa Air,7798,Marriott,DEL,7770,False,True,9000
1398,EMP0042,Marketing,BOM,DEL,2025-10-25,2025-10-27,SpiceJet,9310,Lemon Tree,DEL,10344,False,False,8500
1399,EMP0009,Engineering,DEL,BLR,2025-11-29,2025-12-02,Vistara,6811,ITC,BLR,4763,True,True,9000
1400,EMP0036,Finance,BLR,BOM,2025-10-24,2025-10-26,Vistara,10021,Taj,BOM,7420,True,True,8000
1401,EMP0114,Engineering,DEL,BLR,2025-12-28,2025-12-30,Air India,14121,Taj,BLR,4541,True,True,9000
1402,EMP0118,Engineering,BLR,MAA,2025-12-16,2025-12-23,IndiGo,6186,OYO,MAA,8846,True,False,7000
1403,EMP0034,HR,MAA,BLR,2025-12-16,2025-12-30,Vistara,6761,OYO,BLR,10208,True,False,7000
1404,EMP0077,Engineering,BLR,BOM,2026-01-31,2026-02-02,SpiceJet,8942,Lemon Tree,BOM,7427,False,False,8000
1405,EMP0103,Marketing,BLR,DEL,2026-02-02,2026-02-03,Akasa Air,10887,ITC,DEL,7803,False,True,9000
1406,EMP0119,Sales,BLR,MAA,2025-12-15,2025-12-29,Vistara,6979,Lemon Tree,MAA,7315,True,False,7000
1407,EMP0080,Finance,BLR,MAA,2025-10-19,2025-10-29,IndiGo,6036,Lemon Tree,MAA,12505,True,False,7000
1408,EMP0016,Marketing,BLR,BOM,2025-12-14,2025-12-22,SpiceJet,6284,Treebo,BOM,6435,False,False,8000
1409,EMP0022,Marketing,BLR,BOM,2025-12-30,2026-01-05,Akasa Air,9300,Lemon Tree,BOM,4252,False,False,8000
1410,EMP0115,Sales,BLR,MAA,2026-01-04,2026-01-11,IndiGo,7203,Taj,MAA,7004,True,True,7000
1411,EMP0118,Marketing,BLR,MAA,2025-12-26,2026-01-02,IndiGo,7400,ITC,MAA,4319,True,True,7000
1412,EMP0011,Sales,MAA,BLR,2025-10-14,2025-10-21,Air India,7207,Lemon Tree,BLR,7290,True,False,7000
1413,EMP0068,Sales,MAA,BLR,2025-11-19,2025-11-26,IndiGo,6597,Lemon Tree,BLR,8453,True,False,7000
1414,EMP0089,Marketing,BLR,DEL,2025-12-08,2025-12-10,Air India,9887,OYO,DEL,7083,True,False,9000
1415,EMP0052,Finance,BLR,BOM,2026-01-24,2026-01-30,Vistara,7204,ITC,BOM,6800,True,True,8000
1416,EMP0019,Sales,DEL,BLR,2025-11-05,2025-11-06,IndiGo,11852,Marriott,BLR,7945,True,True,9000
1417,EMP0016,HR,BLR,MAA,2025-12-25,2026-01-04,Air India,6737,Lemon Tree,MAA,9209,True,False,7000
1418,EMP0110,Marketing,DEL,BLR,2025-11-10,2025-11-13,SpiceJet,9779,OYO,BLR,7546,False,False,9000
1419,EMP0096,Finance,BLR,MAA,2025-11-16,2025-11-30,Air India,7333,Taj,MAA,6052,True,True,7000
1420,EMP0063,Marketing,BLR,BOM,2025-10-22,2025-10-26,Air India,7532,Treebo,BOM,6879,True,False,8000
1421,EMP0099,Sales,BLR,MAA,2025-11-22,2025-12-06,Vistara,7112,Treebo,MAA,12067,True,False,7000
1422,EMP0110,HR,BOM,DEL,2025-12-19,2025-12-27,Akasa Air,8032,Treebo,DEL,9309,False,False,8500
1423,EMP0006,Finance,BLR,MAA,2025-12-21,2026-01-04,Vistara,7691,Treebo,MAA,6961,True,False,7000
1424,EMP0081,Sales,DEL,BLR,2026-02-01,2026-02-04,SpiceJet,8358,Treebo,BLR,9431,False,False,9000
1425,EMP0115,Sales,BLR,BOM,2026-01-08,2026-01-14,SpiceJet,5613,Marriott,BOM,5816,False,True,8000
1426,EMP0058,Engineering,DEL,BLR,2025-10-18,2025-10-21,IndiGo,9188,Taj,BLR,8477,True,True,9000
1427,EMP0003,HR,BLR,MAA,2026-01-16,2026-01-30,Vistara,6757,Treebo,MAA,9312,True,False,7000
1428,EMP0037,Sales,BLR,BOM,2026-02-08,2026-02-16,Akasa Air,6651,OYO,BOM,5664,False,False,8000
1429,EMP0043,Engineering,DEL,BLR,2025-10-23,2025-10-23,Air India,10277,OYO,BLR,6867,True,False,9000
1430,EMP0027,Engineering,BOM,DEL,2025-10-27,2025-11-02,Vistara,8301,Treebo,DEL,5987,True,False,8500
1431,EMP0110,Sales,BLR,BOM,2025-10-23,2025-10-29,Air India,8047,Taj,BOM,8099,True,True,8000
1432,EMP0100,HR,DEL,BLR,2025-12-25,2025-12-25,SpiceJet,11368,OYO,BLR,5256,False,False,9000
1433,EMP0025,HR,BOM,DEL,2026-01-19,2026-01-21,Akasa Air,10709,Taj,DEL,8276,False,True,8500
1434,EMP0069,Engineering,DEL,BLR,2026-02-14,2026-02-16,IndiGo,12538,Marriott,BLR,8197,True,True,9000
1435,EMP0052,Engineering,BLR,BOM,2025-11-06,2025-11-14,Akasa Air,7831,OYO,BOM,7323,False,False,8000
1436,EMP0100,Finance,MAA,BLR,2026-01-17,2026-01-27,SpiceJet,6699,Marriott,BLR,5456,False,True,7000
1437,EMP0074,Marketing,BLR,DEL,2026-01-12,2026-01-14,Vistara,9919,Lemon Tree,DEL,7995,True,False,9000
1438,EMP0077,HR,MAA,BLR,2026-01-20,2026-01-27,Akasa Air,6225,ITC,BLR,8518,False,True,7000
1439,EMP0044,Sales,MAA,BLR,2026-01-25,2026-02-01,Vistara,5773,ITC,BLR,7888,True,True,7000
1440,EMP0039,Engineering,BLR,MAA,2025-11-13,2025-11-23,Air India,5851,Marriott,MAA,4609,True,True,7000
1441,EMP0047,Sales,DEL,BLR,2025-11-27,2025-11-29,SpiceJet,7580,Taj,BLR,4762,False,True,9000
1442,EMP0120,HR,MAA,BLR,2025-12-29,2026-01-05,Vistara,5166,Taj,BLR,6734,True,True,7000
1443,EMP0016,Engineering,MAA,BLR,2025-11-03,2025-11-17,IndiGo,5037,ITC,BLR,8507,True,True,7000
1444,EMP0117,Sales,BLR,MAA,2025-12-16,2025-12-30,Akasa Air,7437,Marriott,MAA,4822,False,True,7000
1445,EMP0097,Sales,BOM,DEL,2026-02-07,2026-02-15,IndiGo,7083,OYO,DEL,5226,True,False,8500
1446,EMP0076,Sales,BLR,DEL,2026-02-09,2026-02-12,IndiGo,9214,Lemon Tree,DEL,5261,True,False,9000
1447,EMP0072,Engineering,BLR,DEL,2025-12-01,2025-12-02,Air India,15888,OYO,DEL,8366,True,False,9000
1448,EMP0022,HR,BLR,BOM,2025-12-10,2025-12-12,Akasa Air,9820,Marriott,BOM,8035,False,True,8000
1449,EMP0008,Finance,BLR,BOM,2025-12-30,2026-01-07,Air India,8463,Treebo,BOM,9384,True,False,8000
1450,EMP0032,HR,BLR,DEL,2026-01-16,2026-01-19,Vistara,9521,OYO,DEL,9345,True,False,9000
1451,EMP0017,HR,BLR,BOM,2026-01-31,2026-02-02,Air India,9208,ITC,BOM,4381,True,True,8000
1452,EMP0088,Finance,BLR,BOM,2025-11-11,2025-11-17,IndiGo,5609,Treebo,BOM,7551,True,False,8000
1453,EMP0027,Finance,BLR,BOM,2025-11-06,2025-11-08,Vistara,10591,Marriott,BOM,6253,True,True,8000
1454,EMP0026,Engineering,BLR,BOM,2025-12-03,2025-12-09,Air India,8345,OYO,BOM,9188,True,False,8000
1455,EMP0007,Marketing,BLR,DEL,2025-12-12,2025-12-15,Air India,9113,Taj,DEL,7758,True,True,9000
1456,EMP0027,Finance,BLR,DEL,2026-02-08,2026-02-10,Air India,11276,Marriott,DEL,11142,True,True,9000
1457,EMP0039,Engineering,DEL,BLR,2025-11-13,2025-11-15,SpiceJet,9045,Lemon Tree,BLR,5119,False,False,9000
1458,EMP0063,Finance,BLR,BOM,2025-12-26,2025-12-30,IndiGo,7907,Marriott,BOM,4809,True,True,8000
1459,EMP0085,HR,BOM,DEL,2026-01-16,2026-01-24,IndiGo,7878,Taj,DEL,5976,True,True,8500
1460,EMP0033,Engineering,BLR,MAA,2026-02-03,2026-02-17,Akasa Air,7137,Treebo,MAA,6533,False,False,7000
1461,EMP0001,Engineering,BLR,DEL,2025-11-28,2025-12-01,Akasa Air,6305,Marriott,DEL,4888,False,True,9000
1462,EMP0093,Finance,BOM,DEL,2026-01-12,2026-01-18,Akasa Air,8088,ITC,DEL,8928,False,True,8500
1463,EMP0046,Sales,DEL,BLR,2025-12-19,2025-12-20,Air India,7763,Marriott,BLR,5975,True,True,9000
1464,EMP0064,Engineering,DEL,BLR,2025-12-31,2025-12-31,IndiGo,9510,Taj,BLR,4359,True,True,9000
1465,EMP0053,HR,BLR,MAA,2025-10-23,2025-10-30,Akasa Air,6911,Lemon Tree,MAA,7833,False,False,7000
1466,EMP0118,HR,DEL,BLR,2025-11-03,2025-11-05,Akasa Air,10733,Lemon Tree,BLR,5112,False,False,9000
1467,EMP0077,HR,BLR,MAA,2026-01-02,2026-01-09,IndiGo,6829,Lemon Tree,MAA,5177,True,False,7000
1468,EMP0028,Finance,BOM,DEL,2025-10-31,2025-11-02,Akasa Air,10614,Treebo,DEL,8487,False,False,8500
1469,EMP0022,Sales,BLR,MAA,2025-10-19,2025-11-02,Akasa Air,6768,Taj,MAA,5285,False,True,7000
1470,EMP0006,Engineering,BLR,BOM,2026-01-30,2026-02-03,Air India,7786,ITC,BOM,7231,True,True,8000
1471,EMP0093,Engineering,BOM,DEL,2026-01-03,2026-01-09,SpiceJet,8288,ITC,DEL,5303,False,True,8500
1472,EMP0001,Engineering,BOM,DEL,2025-10-21,2025-10-25,SpiceJet,6238,Taj,DEL,5668,False,True,8500
1473,EMP0030,Engineering,BOM,DEL,2026-01-14,2026-01-20,SpiceJet,8767,ITC,DEL,8647,False,True,8500
1474,EMP0058,Finance,BLR,BOM,2025-12-30,2026-01-07,Vistara,6432,Marriott,BOM,5365,True,True,8000
1475,EMP0099,HR,DEL,BLR,2026-02-16,2026-02-16,Akasa Air,13014,Taj,BLR,8370,False,True,9000
1476,EMP0015,HR,DEL,BLR,2025-12-09,2025-12-10,IndiGo,9467,Treebo,BLR,7596,True,False,9000
1477,EMP0078,HR,BLR,DEL,2025-11-20,2025-11-20,Vistara,9700,Treebo,DEL,8602,True,False,9000
1478,EMP0108,Engineering,BLR,BOM,2026-01-27,2026-01-31,IndiGo,6073,Treebo,BOM,9070,True,False,8000
1479,EMP0095,Marketing,DEL,BLR,2025-11-09,2025-11-11,Vistara,8733,Taj,BLR,4198,True,True,9000
1480,EMP0093,Sales,BLR,DEL,2025-11-30,2025-12-01,Akasa Air,7634,Taj,DEL,4804,False,True,9000
1481,EMP0115,HR,BLR,MAA,2025-11-30,2025-12-07,Akasa Air,6913,Taj,MAA,6562,False,True,7000
1482,EMP0015,HR,BLR,MAA,2025-11-17,2025-11-27,Vistara,5138,ITC,MAA,8918,True,True,7000
1483,EMP0070,Finance,BOM,DEL,2025-12-20,2025-12-22,Air India,10386,ITC,DEL,4347,True,True,8500
1484,EMP0061,Sales,MAA,BLR,2025-12-05,2025-12-15,IndiGo,7579,Taj,BLR,6012,True,True,7000
1485,EMP0082,Marketing,BLR,DEL,2025-12-04,2025-12-06,Akasa Air,9844,ITC,DEL,5222,False,True,9000
1486,EMP0066,Engineering,BOM,DEL,2025-12-05,2025-12-07,Vistara,11677,Marriott,DEL,4343,True,True,8500
1487,EMP0006,Finance,BLR,DEL,2025-12-11,2025-12-12,Air India,10874,Lemon Tree,DEL,11844,True,False,9000
1488,EMP0082,HR,BLR,BOM,2025-11-04,2025-11-06,IndiGo,11256,Marriott,BOM,6071,True,True,8000
1489,EMP0016,HR,MAA,BLR,2026-01-16,2026-01-23,Vistara,6953,OYO,BLR,6348,True,False,7000
1490,EMP0113,Engineering,MAA,BLR,2025-11-04,2025-11-14,Air India,6713,Treebo,BLR,8823,True,False,7000
1491,EMP0080,Marketing,BLR,MAA,2025-10-28,2025-11-11,Akasa Air,6774,OYO,MAA,11702,False,False,7000
1492,EMP0097,Engineering,BOM,DEL,2026-01-13,2026-01-21,Air India,7002,Taj,DEL,4673,True,True,8500
1493,EMP0006,Finance,BOM,DEL,2026-01-01,2026-01-09,Air India,9166,Marriott,DEL,6380,True,True,8500
1494,EMP0006,Engineering,DEL,BLR,2026-01-28,2026-01-29,Vistara,9545,Marriott,BLR,4190,True,True,9000
1495,EMP0061,Finance,BOM,DEL,2025-12-06,2025-12-12,Vistara,7907,Treebo,DEL,13152,True,False,8500
1496,EMP0014,Marketing,BLR,BOM,2025-12-27,2025-12-31,Vistara,9680,Marriott,BOM,4504,True,True,8000
1497,EMP0044,Sales,BOM,DEL,2026-01-14,2026-01-16,Vistara,7741,ITC,DEL,9380,True,True,8500
1498,EMP0076,Marketing,BLR,MAA,2025-10-26,2025-11-05,Air India,8890,ITC,MAA,7725,True,True,7000
1499,EMP0093,Sales,MAA,BLR,2025-10-13,2025-10-27,Air India,6561,ITC,BLR,5621,True,True,7000
1500,EMP0018,Finance,BLR,MAA,2025-11-24,2025-12-01,IndiGo,7293,Lemon Tree,MAA,5977,True,False,7000
